age,gender,education_level,city,company,job_role,industry_sector,employment_type,years_experience,annual_ctc,monthly_expenses,savings_balance,investments,loan_outstanding,emi_monthly,debt_to_income_ratio,credit_score,num_credit_cards,projects_completed,certifications,training_hours_yr,team_size_managed,remote_work_pct,overtime_hours_month,performance_score,promotion_eligible
30,Female,Bachelor,Raipur,Nagarro India,Backend Developer,HealthTech,Hybrid,9,776300,35438,120623.0,7947.0,0.0,0,0.0,521,1,15,2,4.0,3.0,75,3,3.33,0
54,Male,PhD,Kochi,Cognizant,Lead Engineer,Telecom,Full-time,34,2258818,75802,179558.0,6723.0,193770.0,3875,0.0206,721,4,65,1,118.0,3.0,50,20,4.87,1
22,Female,Bachelor,Bhopal,Tech Mahindra,Backend Developer,HealthTech,Remote,0,459629,18982,122158.0,10950.0,0.0,0,0.0,440,3,0,3,112.0,0.0,100,38,2.46,0
49,Female,Bachelor,Solapur,Genpact,BI Developer,Telecom,Full-time,26,1728250,40610,30507.0,12740.0,360136.0,7202,0.05,680,1,54,1,72.0,20.0,50,15,4.19,1
23,Male,Bachelor,Mysuru,BrowserStack,Scrum Master,Telecom,Hybrid,0,336643,11611,196351.0,36114.0,0.0,0,0.0,489,0,4,1,73.0,0.0,0,12,2.51,0
57,Female,Bachelor,Malegaon,eClerx,VP Engineering,Startup,Full-time,35,2319027,60802,94329.0,92629.0,1143555.0,22871,0.1183,736,3,75,2,68.0,11.0,25,21,5.0,1
32,Male,Diploma,Delhi,NIIT Technologies,Software Engineer,Banking,Hybrid,9,744917,20813,468804.0,30217.0,1715169.0,34303,0.5526,634,2,21,1,14.0,9.0,100,3,3.22,0
24,Female,Bachelor,Solapur,L&T Infotech,QA Engineer,Defense,Full-time,0,283504,7071,96890.0,52649.0,1946705.0,38934,1.648,574,2,5,2,77.0,0.0,100,6,1.12,0
54,Male,Master,Jodhpur,Tech Mahindra,Data Analyst,FinTech,Remote,31,2099152,57349,37375.0,38504.0,539658.0,10793,0.0617,689,2,61,2,4.0,24.0,50,31,4.8,1
52,Female,Master,Saharanpur,Kellton Tech,Project Manager,E-commerce,Full-time,32,2110974,60410,1194837.0,,1071437.0,21428,0.1218,839,0,68,0,32.0,15.0,0,17,5.0,1
32,Female,High School,Nashik,Sigmoid Analytics,Director of Engineering,Telecom,Remote,11,870703,31585,29709.0,7298.0,1140230.0,22804,0.3143,605,2,24,6,,17.0,75,35,2.73,0
53,Male,Master,Malegaon,BrowserStack,Mobile Developer,Banking,Full-time,32,2084825,67740,,10853.0,0.0,0,0.0,807,4,64,1,37.0,6.0,75,21,5.0,1
33,Male,Master,Bhopal,Genpact,IT Consultant,Startup,Hybrid,13,1030431,45879,36174.0,1063912.0,0.0,0,0.0,618,0,28,1,88.0,4.0,50,35,3.87,0
50,Non-binary,Bachelor,Agra,Cognizant,ETL Developer,HealthTech,Remote,30,1846609,49947,208611.0,569091.0,0.0,0,0.0,761,0,57,3,36.0,17.0,50,33,4.49,1
49,Female,Master,Jaipur,CRED,VP Engineering,Defense,Contract,25,1733432,77744,179436.0,60816.0,1169636.0,23392,0.1619,631,2,47,0,60.0,20.0,75,10,4.13,0
31,Male,Bachelor,Ajmer,Sigmoid Analytics,Business Analyst,Government,Hybrid,9,810298,26127,82433.0,7631.0,772741.0,15454,0.2289,498,1,23,1,40.0,22.0,50,32,2.83,0
48,Male,Master,Lucknow,Zoho,Senior Software Engineer,Telecom,Hybrid,28,1919933,76673,118335.0,107871.0,0.0,0,0.0,664,2,56,1,83.0,7.0,50,16,4.13,0
53,Female,Master,Bareilly,InMobi,Backend Developer,Telecom,Part-time,31,2003390,71198,82139.0,17982.0,1566565.0,31331,0.1877,749,3,67,1,34.0,5.0,25,22,4.61,0
55,Female,Bachelor,Coimbatore,Intellect Design,Product Manager,Consulting,Full-time,33,2185307,89668,126819.0,5840.0,0.0,0,0.0,696,1,63,1,48.0,18.0,50,25,4.33,0
44,Male,Master,Chandigarh,Groww,Senior Software Engineer,Defense,Hybrid,22,1699256,41411,17656.0,68446.0,1336080.0,26721,0.1887,718,1,41,2,81.0,19.0,25,4,4.28,0
49,Non-binary,Master,Kolkata,Datamatics,System Architect,Banking,Hybrid,25,1728599,44481,109056.0,,0.0,0,0.0,693,7,48,2,96.0,13.0,50,6,4.37,0
44,Male,Master,Dehradun,Zetwerk,Solutions Architect,Manufacturing,Hybrid,21,1439579,39027,105589.0,10928.0,1664164.0,33283,0.2774,742,4,42,1,110.0,10.0,0,7,4.13,0
27,Female,Master,Gorakhpur,EXL Service,System Architect,Banking,Hybrid,5,596569,20903,120290.0,6315.0,0.0,0,0.0,479,3,14,3,96.0,0.0,100,28,2.1,0
51,Male,Master,Tiruchirappalli,IBM India,ML Engineer,Banking,Remote,27,1851805,73849,1723825.0,12527.0,816614.0,16332,0.1058,787,1,56,2,89.0,,0,13,4.46,1
26,Female,PhD,Kanpur,TCS,BI Developer,Manufacturing,Hybrid,4,756566,29664,101253.0,34070.0,0.0,0,0.0,570,2,8,3,72.0,0.0,75,7,3.77,0
44,Male,Bachelor,Ajmer,Xoriant,DevOps Engineer,Manufacturing,Remote,22,1316482,31262,,1407.0,0.0,0,0.0,682,3,47,2,117.0,2.0,75,28,3.56,0
42,Female,Diploma,Kota,Zoho,Data Analyst,HealthTech,Full-time,18,1260210,49696,270370.0,,0.0,0,0.0,679,1,39,1,110.0,23.0,100,21,4.34,0
30,Male,Bachelor,Howrah,WNS Global,Technical Lead,Defense,Remote,9,825722,28425,156719.0,138459.0,908321.0,18166,0.264,519,2,15,2,13.0,12.0,75,18,2.44,0
40,Female,Bachelor,Ajmer,Sasken,BI Developer,Manufacturing,Hybrid,16,1194734,49150,62488.0,,454326.0,9086,0.0913,622,3,33,1,104.0,16.0,0,15,3.85,0
55,Female,PhD,Mangalore,L&T Infotech,Network Engineer,Banking,Remote,32,2236188,93935,52019.0,6587.0,396944.0,7938,0.0426,787,3,61,3,109.0,,25,11,5.0,1
48,Male,Diploma,Tiruchirappalli,Syntel India,Test Automation Engineer,Defense,Full-time,27,1637481,55458,26576.0,91857.0,0.0,0,0.0,741,1,56,1,66.0,4.0,50,1,4.51,0
32,Female,Master,Aligarh,Datamatics,ML Engineer,EdTech,Full-time,12,1100838,46561,314264.0,37149.0,1385052.0,27701,0.302,646,0,29,3,53.0,18.0,0,36,3.41,0
29,Male,Master,Nanded,Nucleus Software,Data Analyst,FinTech,Hybrid,8,854784,23796,91480.0,10595.0,0.0,0,0.0,508,2,18,1,17.0,7.0,75,9,3.63,0
52,Female,PhD,Indore,Chargebee,Frontend Developer,E-commerce,Full-time,31,2084505,94533,127362.0,38664.0,0.0,0,0.0,815,3,66,3,119.0,18.0,25,37,5.0,1
35,Non-binary,Master,Ujjain,Coda Global,Data Analyst,Consulting,Contract,14,1175191,29073,17645.0,93882.0,0.0,0,0.0,552,0,30,3,52.0,13.0,75,8,4.05,0
54,Male,Bachelor,Malegaon,WNS Global,DevOps Engineer,HealthTech,Full-time,30,1925914,46943,29771.0,4788.0,0.0,0,0.0,720,3,60,5,40.0,8.0,100,25,4.92,1
22,Female,Master,Nanded,Mphasis,Data Scientist,Telecom,Remote,0,353369,15117,88802.0,10665.0,,38499,1.3074,489,2,2,1,31.0,0.0,50,32,1.11,0
35,Male,Bachelor,Gorakhpur,IBM India,Security Analyst,E-commerce,Remote,14,1075915,36880,46620.0,82673.0,855201.0,17104,0.1908,542,3,33,2,97.0,12.0,0,13,3.06,0
44,Male,Bachelor,Asansol,Mindtree,System Architect,HealthTech,Full-time,23,1552788,37230,54928.0,2532.0,0.0,0,0.0,704,5,47,2,20.0,14.0,0,14,4.91,1
33,Female,High School,Bhilai,Kellton Tech,VP Engineering,Consulting,Full-time,11,1016663,32063,11771.0,1693.0,0.0,0,0.0,618,6,26,1,46.0,12.0,75,39,3.48,0
30,Female,Bachelor,Gwalior,Swiggy,System Architect,SaaS,Contract,9,898246,34369,17629.0,42181.0,1749386.0,34987,0.4674,583,4,17,4,72.0,6.0,75,4,2.19,0
35,Male,Master,Aligarh,Zensar Technologies,Frontend Developer,Defense,Contract,12,980199,44835,24751.0,5494.0,1487856.0,29757,0.3643,575,2,25,3,106.0,20.0,100,34,3.81,0
51,Male,PhD,Solapur,Coforge,Network Engineer,Startup,Remote,28,2038434,86852,12903.0,442572.0,0.0,0,0.0,793,4,55,1,118.0,,0,10,4.83,1
44,Male,Master,Akola,Coforge,QA Engineer,Manufacturing,Hybrid,22,1554127,64422,17164.0,65479.0,1457288.0,29145,0.225,733,1,46,1,69.0,10.0,25,36,4.47,0
23,Female,Bachelor,Jalandhar,Cyient,ETL Developer,Consulting,Contract,3,543475,13815,53110.0,25105.0,679564.0,13591,0.3001,517,4,10,0,19.0,,50,0,2.66,0
30,Male,Master,Amritsar,GlobalLogic,Lead Engineer,Startup,Remote,8,847769,32944,145569.0,413877.0,303299.0,6065,0.0858,494,3,15,3,118.0,22.0,50,12,2.84,0
23,Male,Bachelor,Rajkot,Apexon,Mobile Developer,EdTech,Full-time,2,527188,20841,33803.0,105019.0,,0,0.0,507,3,6,0,,0.0,100,11,3.09,0
55,Male,High School,Guwahati,PhonePe,Engineering Manager,Defense,Full-time,33,2108174,84248,483666.0,3567.0,0.0,0,0.0,826,5,64,2,6.0,4.0,75,4,5.0,1
22,Male,Bachelor,Hubballi,Coforge,QA Engineer,Banking,Full-time,0,252135,10505,141567.0,4570.0,248402.0,4968,0.2364,509,4,0,2,51.0,0.0,75,13,2.74,0
34,Male,Master,Dhanbad,CleverTap,Director of Engineering,E-commerce,Full-time,13,1066846,28448,245089.0,4947.0,0.0,0,0.0,647,5,29,1,30.0,7.0,75,33,3.81,0
29,Male,Bachelor,Kolkata,Cybage,Mobile Developer,Telecom,Full-time,7,522756,15963,254498.0,7039.0,0.0,0,0.0,542,4,16,2,96.0,0.0,25,35,3.51,0
33,Male,Diploma,Siliguri,PhonePe,Mobile Developer,EdTech,Hybrid,9,796824,20353,97042.0,111701.0,0.0,0,0.0,588,3,23,1,2.0,3.0,0,17,3.35,0
49,Female,PhD,Rajkot,Srijan Technologies,Project Manager,Manufacturing,Remote,26,1812512,80759,30311.0,1485.0,880488.0,17609,0.1166,633,5,57,2,56.0,22.0,50,20,4.01,0
35,Female,Bachelor,Meerut,Mastek,Lead Engineer,Banking,Contract,11,882677,24343,106806.0,11395.0,0.0,0,0.0,655,2,22,2,69.0,23.0,25,6,3.24,0
24,Male,Master,Chandigarh,Cybage,AI Researcher,FinTech,Full-time,2,511267,21504,140066.0,34941.0,867688.0,17353,0.4073,537,3,9,2,56.0,0.0,25,0,2.03,0
45,Female,Bachelor,Bhiwandi,Chargebee,QA Engineer,E-commerce,Full-time,21,1467305,38520,270261.0,15916.0,0.0,0,0.0,612,6,43,4,103.0,24.0,50,27,4.12,0
42,Male,Diploma,Jaipur,Postman,ML Engineer,Manufacturing,Contract,21,1315568,51069,18676.0,10161.0,658009.0,13160,0.12,617,3,47,3,55.0,,50,29,3.99,0
51,Male,Master,Hyderabad,Mphasis,Scrum Master,EdTech,Full-time,30,2019405,56094,25463.0,8684.0,953427.0,19068,0.1133,669,4,65,2,99.0,,50,27,3.52,0
44,Female,Bachelor,Guwahati,Genpact,Test Automation Engineer,EdTech,Hybrid,22,1424012,34664,31664.0,8744.0,144564.0,2891,0.0244,633,2,46,2,39.0,15.0,100,7,3.63,0
45,Female,Master,Vadodara,Sasken,Database Administrator,HealthTech,Full-time,24,1799455,50008,25923.0,58362.0,0.0,0,0.0,648,6,46,2,93.0,4.0,75,21,4.47,0
25,Non-binary,Master,Saharanpur,Mphasis,ETL Developer,Telecom,Remote,3,756724,28953,378690.0,13192.0,945783.0,18915,0.3,565,4,11,2,23.0,0.0,25,18,2.69,0
25,Female,PhD,Solapur,Vedantu,Frontend Developer,E-commerce,Remote,3,695028,19786,29043.0,20183.0,1875689.0,37513,0.6477,578,1,11,1,79.0,0.0,50,26,2.18,0
33,Female,Bachelor,Saharanpur,Coda Global,Technical Lead,Banking,Hybrid,11,915357,23511,14130.0,16470.0,493560.0,9871,0.1294,539,3,24,1,56.0,22.0,50,25,3.29,0
42,Male,Master,Aurangabad,Cyient,Technical Lead,Startup,Remote,20,1471797,36293,107223.0,501199.0,1914201.0,38284,0.3121,617,2,37,3,35.0,13.0,25,30,3.77,0
48,Male,Master,Tiruppur,Swiggy,Frontend Developer,EdTech,Full-time,26,1847326,78389,25166.0,20149.0,,3544,0.023,730,4,53,1,112.0,10.0,100,33,4.21,0
27,Male,Master,Surat,eClerx,IT Consultant,Banking,Hybrid,6,739196,25304,112918.0,2804.0,887472.0,17749,0.2881,569,0,11,1,32.0,0.0,75,16,2.58,0
23,Male,Master,Surat,Persistent Systems,Solutions Architect,SaaS,Remote,3,459686,16190,430997.0,17269.0,1259033.0,25180,0.6573,474,1,10,4,91.0,0.0,75,26,1.54,0
47,Male,Bachelor,Indore,Freshworks,Network Engineer,Startup,Full-time,25,1555820,60997,78379.0,5298.0,0.0,0,0.0,633,2,49,4,119.0,7.0,25,0,3.91,0
54,Male,Master,Gwalior,PhonePe,Network Engineer,Consulting,Contract,34,2224364,59662,3052.0,1589.0,0.0,0,0.0,834,4,71,2,70.0,21.0,75,1,5.0,1
41,Female,Master,Salem,Postman,Director of Engineering,EdTech,Remote,19,1452585,47100,186610.0,4769.0,1445150.0,28903,0.2388,606,3,37,4,84.0,,0,29,3.32,0
31,Male,Bachelor,Tiruchirappalli,Kellton Tech,IT Consultant,Banking,Full-time,10,880550,38136,274705.0,6802.0,0.0,0,0.0,646,4,23,3,108.0,11.0,50,4,4.05,0
50,Male,Diploma,Ahmedabad,Druva,Director of Engineering,Manufacturing,Remote,30,2080051,56219,18722.0,30609.0,492146.0,9842,0.0568,712,3,61,3,113.0,17.0,50,13,5.0,1
54,Female,Diploma,Dhanbad,Mastek,IT Consultant,EdTech,Remote,30,1917333,61863,68639.0,26802.0,126089.0,2521,0.0158,661,3,61,3,109.0,9.0,0,36,4.45,1
33,Female,Diploma,Guwahati,GlobalLogic,IT Consultant,Banking,Contract,10,755064,22678,186098.0,12029.0,0.0,0,0.0,534,2,24,2,38.0,15.0,75,20,3.56,0
44,Male,Master,Delhi,Razorpay,ML Engineer,Startup,Contract,24,1794989,45377,67156.0,14043.0,1983489.0,39669,0.2652,733,7,45,0,12.0,21.0,0,26,4.17,1
28,Male,Master,Gurgaon,Tech Mahindra,Project Manager,EdTech,Contract,6,640276,27046,100023.0,3913.0,0.0,0,0.0,496,1,17,2,111.0,0.0,0,28,2.2,0
29,Female,Master,Loni,Zensar Technologies,Data Scientist,Startup,Contract,5,480730,14797,44040.0,25558.0,459798.0,9195,0.2295,616,4,14,3,88.0,0.0,25,10,3.56,0
50,Female,Bachelor,Jamshedpur,TCS,System Architect,Defense,Contract,28,1719186,45554,70436.0,30341.0,0.0,0,0.0,746,3,59,2,8.0,5.0,100,26,5.0,1
53,Male,Master,Mysuru,Vedantu,Business Analyst,Consulting,Contract,33,2239263,95881,46283.0,27802.0,0.0,0,0.0,695,5,64,8,46.0,8.0,75,6,5.0,1
34,Male,Diploma,Meerut,Cyient,Senior Software Engineer,SaaS,Remote,11,731305,31498,42300.0,1852.0,0.0,0,0.0,514,1,19,0,84.0,20.0,50,17,2.88,0
35,Female,Diploma,Malegaon,Mindtree,Mobile Developer,EdTech,Full-time,14,1202472,43141,29044.0,179237.0,627406.0,12548,0.1252,672,2,32,1,66.0,2.0,50,18,3.01,0
38,Male,Bachelor,Dhanbad,Firstsource,ML Engineer,Telecom,Remote,18,1244714,43069,874035.0,10635.0,0.0,0,0.0,704,2,36,2,115.0,19.0,50,26,4.31,1
46,Male,Bachelor,Bhopal,Mindtree,Project Manager,Defense,Contract,26,1792275,47698,391532.0,32197.0,800019.0,16000,0.1071,641,2,52,2,9.0,19.0,0,27,3.98,0
32,Male,Bachelor,Agra,Zetwerk,Frontend Developer,E-commerce,Hybrid,12,965184,42136,65497.0,39611.0,0.0,0,0.0,530,2,26,1,115.0,,75,7,3.42,0
45,Male,Master,Tiruppur,HCL Technologies,Technical Lead,E-commerce,Full-time,21,1635039,54580,23880.0,68542.0,0.0,0,0.0,640,6,39,2,53.0,,100,32,4.74,1
45,Male,Master,Ahmedabad,Intellect Design,Cloud Architect,HealthTech,Full-time,24,1755673,76481,22451.0,105111.0,0.0,0,0.0,715,4,48,3,103.0,23.0,50,37,5.0,1
32,Female,Diploma,Jalandhar,Nagarro India,Software Engineer,Startup,Hybrid,9,775512,23658,69007.0,22164.0,533569.0,10671,0.1651,652,4,16,0,17.0,24.0,50,10,3.91,0
33,Male,Bachelor,Kolkata,Wipro,Full Stack Developer,SaaS,Remote,12,1048539,44171,117818.0,,1027717.0,20554,0.2352,613,2,23,2,33.0,24.0,50,12,3.68,0
41,Male,Bachelor,Bhavnagar,Srijan Technologies,Business Analyst,SaaS,Full-time,21,1379137,51800,121030.0,90140.0,0.0,0,0.0,644,3,43,2,87.0,13.0,50,15,4.47,0
40,Male,Bachelor,Moradabad,Sasken,Senior Software Engineer,Telecom,Hybrid,20,1475213,54811,6418.0,85373.0,,0,0.0,738,3,37,2,7.0,,25,14,4.47,1
51,Male,PhD,Gorakhpur,Uniphore,Data Scientist,Manufacturing,Full-time,27,1922663,76963,1380109.0,14051.0,1087993.0,21759,0.1358,815,3,54,1,57.0,12.0,75,22,5.0,1
53,Male,Master,Navi Mumbai,Hexaware,Senior Data Scientist,Consulting,Remote,33,2143630,61374,152516.0,91339.0,85231.0,1704,0.0095,785,2,69,3,16.0,11.0,75,30,5.0,1
22,Male,Master,Jalgaon,Coforge,Test Automation Engineer,Consulting,Contract,0,419343,15734,538196.0,3490.0,371541.0,7430,0.2126,476,5,4,2,101.0,0.0,50,13,2.69,0
54,Female,Diploma,Amritsar,Apexon,Principal Engineer,Banking,Part-time,32,2001536,72405,92228.0,5233.0,1134524.0,22690,0.136,806,2,64,1,99.0,6.0,0,30,5.0,0
57,Female,Diploma,Ujjain,Intellect Design,Data Analyst,EdTech,Contract,35,2116096,83189,43947.0,68460.0,1192631.0,23852,0.1353,848,3,75,1,7.0,23.0,100,19,4.77,1
42,Male,Bachelor,Salem,Byju s,BI Developer,Startup,Full-time,22,1511727,59526,53375.0,6813.0,0.0,0,0.0,658,2,46,4,77.0,12.0,75,38,3.93,0
36,Female,Bachelor,Durgapur,Druva,Full Stack Developer,EdTech,Full-time,13,1020161,44950,118632.0,141913.0,0.0,0,0.0,578,6,31,0,47.0,,0,4,4.02,0
27,Female,Bachelor,Gwalior,IBM India,Network Engineer,HealthTech,Full-time,6,802169,34451,11021.0,16229.0,0.0,0,0.0,565,3,11,0,63.0,0.0,75,33,3.49,0
26,Male,Bachelor,Mysuru,Zoho,Technical Lead,E-commerce,Full-time,5,525803,17971,25049.0,614.0,588310.0,11766,0.2685,482,2,9,2,61.0,0.0,75,8,2.78,0
29,Male,Diploma,Nellore,Coda Global,Mobile Developer,FinTech,Contract,7,653155,29455,94543.0,3388.0,0.0,0,0.0,581,2,15,6,60.0,0.0,25,38,3.09,0
26,Female,Diploma,Jalandhar,WNS Global,Mobile Developer,Startup,Full-time,6,778445,29784,9409.0,94172.0,1874653.0,37493,0.578,543,6,14,1,8.0,,0,5,1.47,0
47,Female,Diploma,Salem,Ola,Senior Software Engineer,Consulting,Remote,25,1627333,51393,7898.0,12362.0,1530007.0,30600,0.2256,766,1,51,1,62.0,12.0,75,39,4.74,1
45,Male,Bachelor,Howrah,Robosoft,Director of Engineering,Defense,Hybrid,24,1702206,39888,89459.0,2983.0,926042.0,18520,0.1306,760,0,48,1,3.0,4.0,75,39,3.9,0
47,Male,Master,Allahabad,Kellton Tech,Senior Data Scientist,Telecom,Hybrid,23,1712650,73455,62113.0,2148.0,673703.0,13474,0.0944,652,3,50,0,57.0,14.0,100,0,4.3,0
40,Female,Diploma,Kanpur,Cybage,DevOps Engineer,Banking,Contract,16,1133103,44516,198050.0,46039.0,429860.0,8597,0.091,632,1,34,0,8.0,14.0,100,34,4.14,0
50,Male,Bachelor,Ajmer,Coforge,Database Administrator,EdTech,Contract,26,1806593,45285,38268.0,37804.0,1177768.0,23555,0.1565,704,5,55,2,75.0,9.0,75,27,4.63,0
28,Female,Bachelor,Gorakhpur,KPIT Technologies,ML Engineer,Manufacturing,Full-time,5,793031,34549,1316905.0,,0.0,0,0.0,600,5,14,2,29.0,0.0,100,36,3.68,0
45,Female,PhD,Dhanbad,Srijan Technologies,Principal Engineer,Startup,Full-time,22,1550742,70961,841223.0,13645.0,248549.0,4970,0.0385,677,2,49,2,62.0,11.0,50,5,5.0,1
39,Male,Bachelor,Ajmer,Ola,Mobile Developer,SaaS,Full-time,19,1398124,59472,528031.0,35563.0,1883792.0,37675,0.3234,699,3,35,1,53.0,18.0,50,35,3.63,0
35,Male,Master,Jamshedpur,Zetwerk,Product Manager,Defense,Full-time,11,1016956,36107,41646.0,107830.0,1864838.0,37296,0.4401,638,3,27,3,32.0,16.0,50,19,3.95,0
49,Male,Bachelor,Siliguri,Apexon,Software Engineer,SaaS,Contract,27,1711473,74767,94618.0,25279.0,1803580.0,36071,0.2529,783,2,59,4,46.0,9.0,75,4,4.26,0
27,Female,Diploma,Coimbatore,Newgen Software,Project Manager,Banking,Hybrid,3,341271,9552,114514.0,,0.0,0,0.0,465,3,5,2,14.0,0.0,75,0,2.76,0
46,Male,Master,Mysuru,Srijan Technologies,VP Engineering,Defense,Contract,25,1898285,79683,17961.0,4200.0,1397258.0,27945,0.1767,707,3,54,5,112.0,16.0,0,9,4.2,0
54,Female,Master,Loni,PhonePe,Scrum Master,Defense,Full-time,32,2200778,97877,57829.0,77831.0,0.0,0,0.0,832,5,69,2,19.0,2.0,75,24,5.0,1
48,Male,Bachelor,Vadodara,Chargebee,Data Analyst,FinTech,Remote,25,1780517,50794,46381.0,20657.0,1329472.0,26589,0.1792,674,5,50,0,90.0,13.0,75,9,4.88,0
35,Male,Master,Gulbarga,Wipro,BI Developer,HealthTech,Remote,11,872737,38978,6440.0,26772.0,1956439.0,39128,0.538,514,3,22,2,26.0,20.0,50,8,2.39,0
40,Male,Diploma,Gorakhpur,Zoho,IT Consultant,EdTech,Full-time,17,1146720,39623,24947.0,,1822410.0,36448,0.3814,661,2,31,2,4.0,24.0,75,14,3.08,0
29,Male,Diploma,Hyderabad,Intellect Design,AI Researcher,Manufacturing,Contract,6,616740,17138,31514.0,31399.0,0.0,0,0.0,485,0,15,1,12.0,0.0,75,31,2.74,0
49,Male,PhD,Navi Mumbai,Publicis Sapient,Network Engineer,Manufacturing,Full-time,28,1978806,75520,117002.0,,1372233.0,27444,0.1664,768,5,55,1,7.0,14.0,50,35,4.77,1
56,Male,Bachelor,Akola,Wipro,DevOps Engineer,EdTech,Full-time,33,2190245,96090,,25184.0,1557235.0,31144,0.1706,812,6,71,2,39.0,24.0,50,3,4.86,1
45,Female,Bachelor,Kanpur,Mastek,Data Scientist,Startup,Contract,24,1779567,55716,380999.0,2356.0,1754474.0,35089,0.2366,752,1,53,2,30.0,20.0,25,15,3.91,0
54,Male,Bachelor,Kalyan,PhonePe,Test Automation Engineer,Consulting,Full-time,34,2111080,74869,129036.0,64248.0,,35982,0.2045,777,2,70,1,59.0,7.0,50,39,5.0,0
51,Male,PhD,Solapur,Druva,Software Engineer,FinTech,Part-time,27,2054230,90213,62541.0,,484211.0,9684,0.0566,683,3,55,0,93.0,13.0,50,10,4.21,0
46,Female,Bachelor,Gwalior,Swiggy,IT Consultant,Banking,Full-time,23,1589716,54593,37827.0,5053.0,901015.0,18020,0.136,732,5,47,2,26.0,12.0,75,10,4.24,0
32,Male,Master,Akola,CRED,Project Manager,SaaS,Contract,12,995965,43664,43639.0,48481.0,1099004.0,21980,0.2648,603,4,24,0,76.0,10.0,0,8,3.12,0
24,Male,PhD,Raipur,Cognizant,Backend Developer,Government,Full-time,2,578422,25933,342470.0,53919.0,0.0,0,0.0,530,1,1,3,26.0,0.0,25,14,2.74,0
30,Female,Bachelor,Kolkata,Syntel India,Data Scientist,HealthTech,Full-time,7,636347,26811,112005.0,48492.0,1716802.0,34336,0.6475,521,3,13,2,77.0,0.0,100,10,1.66,0
47,Male,Master,Solapur,Syntel India,System Architect,EdTech,Contract,26,1869839,48153,409734.0,26636.0,391309.0,7826,0.0502,658,2,49,5,57.0,16.0,0,13,5.0,1
41,Male,PhD,Saharanpur,ThoughtWorks India,QA Engineer,Telecom,Hybrid,21,1643702,61242,153333.0,41845.0,0.0,0,0.0,689,4,40,4,76.0,17.0,50,7,3.78,0
52,Female,Bachelor,Hubballi,Xoriant,Project Manager,EdTech,Part-time,29,1783111,73647,20609.0,214155.0,0.0,0,0.0,749,2,63,1,63.0,16.0,75,5,4.85,1
56,Female,Master,Bhilai,Uniphore,Senior Software Engineer,SaaS,Remote,32,2208177,94422,169282.0,2072.0,1888652.0,37773,0.2053,770,3,69,1,91.0,19.0,100,4,4.91,1
22,Female,Bachelor,Vadodara,Ola,QA Engineer,FinTech,Remote,0,408627,18294,47157.0,,1470272.0,29405,0.8635,494,2,1,2,38.0,0.0,100,13,1.0,0
49,Female,Master,Ludhiana,Capgemini India,Frontend Developer,Government,Contract,27,1840814,65321,86791.0,19915.0,0.0,0,0.0,644,2,51,2,8.0,5.0,25,35,4.93,1
25,Male,Bachelor,Bhopal,GlobalLogic,Data Analyst,SaaS,Hybrid,1,331710,14182,129659.0,12327.0,894283.0,17885,0.647,525,1,7,1,102.0,0.0,25,15,1.37,0
54,Female,Master,Ujjain,Datamatics,Director of Engineering,Telecom,Contract,33,2202305,63792,208983.0,,1312720.0,26254,0.1431,838,2,66,2,54.0,3.0,0,10,4.57,0
47,Male,PhD,Bhiwandi,Sasken,BI Developer,Banking,Remote,24,1879556,77145,94021.0,13726.0,0.0,0,0.0,763,0,47,0,108.0,22.0,0,0,4.85,1
37,Female,Bachelor,Nashik,Nielsen India,Network Engineer,EdTech,Full-time,14,1051024,44622,126997.0,24550.0,536449.0,10728,0.1225,683,0,25,2,,21.0,0,35,3.84,0
41,Female,Bachelor,Patna,Net Solutions,Product Manager,SaaS,Hybrid,17,1194366,31000,33701.0,28053.0,192509.0,3850,0.0387,662,4,31,5,102.0,5.0,75,26,3.64,0
32,Male,Master,Salem,Xoriant,Principal Engineer,Banking,Remote,9,992105,35928,840001.0,18767.0,1340370.0,26807,0.3242,511,4,22,1,19.0,24.0,50,38,2.59,0
41,Non-binary,Bachelor,Surat,Coda Global,VP Engineering,Manufacturing,Full-time,21,1547011,66649,535075.0,3028.0,1775416.0,35508,0.2754,718,0,40,4,31.0,14.0,50,24,3.62,0
55,Female,Bachelor,Nanded,Postman,Engineering Manager,FinTech,Full-time,34,2141652,96985,251108.0,25455.0,0.0,0,0.0,785,5,72,2,118.0,5.0,50,29,4.85,1
30,Male,High School,Nashik,Mastek,Data Scientist,HealthTech,Remote,7,715310,28947,20595.0,247140.0,1267065.0,25341,0.4251,549,1,14,1,78.0,0.0,100,6,2.92,0
53,Female,Bachelor,Bhubaneswar,Robosoft,Business Analyst,Startup,Full-time,32,2040901,90123,78602.0,15049.0,0.0,0,0.0,817,3,64,0,16.0,9.0,50,21,5.0,1
47,Male,Bachelor,Akola,eClerx,System Architect,Consulting,Full-time,23,1535769,39790,72667.0,,1860990.0,37219,0.2908,629,0,50,3,14.0,23.0,50,20,4.18,1
29,Female,Master,Chandigarh,Tata Elxsi,Database Administrator,Startup,Remote,7,866078,25424,10098.0,3416.0,1333255.0,26665,0.3695,497,2,11,4,49.0,0.0,0,9,1.98,0
37,Male,Bachelor,Bhubaneswar,Syntel India,Technical Lead,Manufacturing,Full-time,17,1118984,37920,20741.0,10846.0,0.0,0,0.0,632,2,33,2,53.0,23.0,50,31,3.69,0
42,Male,Bachelor,Nellore,Kellton Tech,Business Analyst,Banking,Full-time,19,1300333,57215,12376.0,21256.0,0.0,0,0.0,645,4,40,1,58.0,,75,25,3.8,0
29,Male,Bachelor,Nashik,Swiggy,Full Stack Developer,FinTech,Full-time,5,398540,16208,202151.0,4146.0,0.0,0,0.0,526,4,9,2,67.0,0.0,75,9,2.84,0
47,Male,PhD,Cuttack,Intellect Design,VP Engineering,FinTech,Full-time,24,1868680,67595,46575.0,17650.0,0.0,0,0.0,758,2,45,1,3.0,12.0,0,8,4.79,1
45,Male,Master,Bhubaneswar,Zensar Technologies,VP Engineering,Manufacturing,Full-time,21,1668069,51581,6008.0,63412.0,535528.0,10710,0.077,646,3,44,3,102.0,7.0,50,32,3.29,0
48,Female,Bachelor,Nanded,Cognizant,Data Analyst,Manufacturing,Full-time,27,1810634,55465,17528.0,21397.0,809930.0,16198,0.1074,668,2,59,1,13.0,3.0,0,27,4.33,0
24,Female,Bachelor,Durgapur,GlobalLogic,Mobile Developer,Banking,Full-time,1,385823,16709,30846.0,158710.0,1438012.0,28760,0.8945,514,0,4,2,29.0,0.0,50,19,1.0,0
40,Male,Bachelor,Bhiwandi,Birlasoft,Data Scientist,EdTech,Contract,19,1337575,58328,16692.0,22461.0,0.0,0,0.0,685,0,36,1,95.0,24.0,0,7,4.04,0
44,Female,Bachelor,Loni,Firstsource,AI Researcher,EdTech,Remote,23,1644092,44913,329851.0,29605.0,88113.0,1762,0.0129,711,0,43,0,30.0,,100,11,3.99,0
34,Male,Bachelor,Bareilly,Mastek,Security Analyst,EdTech,Full-time,14,953605,23626,29523.0,166965.0,112396.0,2247,0.0283,675,7,33,3,5.0,11.0,100,24,3.58,0
51,Male,Bachelor,Bareilly,Datavail Infotech,Cloud Architect,Consulting,Full-time,27,1722904,77065,454935.0,,0.0,0,0.0,646,3,54,4,73.0,6.0,50,3,4.56,0
41,Female,Master,Moradabad,Mastek,Cloud Architect,Manufacturing,Full-time,18,1468193,59630,32469.0,375124.0,1119971.0,22399,0.1831,603,0,37,4,,6.0,25,25,3.74,0
36,Male,Bachelor,Allahabad,Accenture India,Product Manager,Startup,Contract,14,949706,39625,118700.0,47693.0,1550551.0,31011,0.3918,619,2,33,4,117.0,10.0,50,14,2.74,0
25,Male,Bachelor,Firozabad,Genpact,Frontend Developer,E-commerce,Full-time,5,679388,29576,97718.0,171370.0,0.0,0,0.0,614,3,15,1,119.0,0.0,0,7,3.0,0
45,Male,High School,Nanded,Genpact,Business Analyst,Manufacturing,Hybrid,25,1651808,63098,,6166.0,0.0,0,0.0,683,3,53,5,74.0,10.0,50,1,5.0,1
55,Female,Master,Gwalior,Mphasis,Mobile Developer,Government,Full-time,34,2359437,100262,92561.0,32918.0,0.0,0,0.0,742,4,69,4,63.0,21.0,50,15,4.68,1
35,Non-binary,Bachelor,Gurgaon,Firstsource,Senior Data Scientist,Government,Full-time,13,1007855,45047,149637.0,1579.0,346547.0,6930,0.0825,530,4,24,1,7.0,14.0,25,10,3.56,0
46,Non-binary,Bachelor,Lucknow,L&T Infotech,Data Analyst,SaaS,Full-time,22,1428053,59531,,13720.0,0.0,0,0.0,711,2,48,1,72.0,4.0,50,29,4.21,0
45,Male,Bachelor,Ajmer,Infosys,Solutions Architect,EdTech,Contract,25,1632051,70426,123528.0,79829.0,1265060.0,25301,0.186,711,3,47,4,53.0,3.0,0,22,3.98,0
25,Female,Diploma,Guwahati,Mastek,AI Researcher,Telecom,Full-time,1,504533,19352,15228.0,2144116.0,782127.0,15642,0.372,476,4,4,3,42.0,0.0,25,27,2.35,0
42,Female,Master,Salem,Zomato,VP Engineering,E-commerce,Part-time,19,1392395,45691,11848.0,129023.0,0.0,0,0.0,639,2,36,1,73.0,,50,18,3.28,0
43,Male,Master,Nashik,Byju s,Lead Engineer,E-commerce,Full-time,21,1537278,41156,53978.0,5985.0,,0,0.0,743,1,44,2,41.0,10.0,75,9,4.79,1
34,Female,Bachelor,Durgapur,Freshworks,Technical Lead,Manufacturing,Contract,14,1201118,50644,,16553.0,,2855,0.0285,539,1,32,2,42.0,4.0,50,1,3.93,0
41,Male,Bachelor,Chandigarh,Genpact,Mobile Developer,SaaS,Contract,19,1286823,35094,6902.0,57997.0,1266189.0,25323,0.2361,722,3,42,2,11.0,14.0,50,39,4.11,0
23,Male,Bachelor,Bhavnagar,IBM India,Principal Engineer,Consulting,Part-time,3,417959,14783,72220.0,46414.0,0.0,0,0.0,503,1,11,0,0.0,,50,2,2.91,0
47,Male,High School,Noida,Nihilent,Cloud Architect,SaaS,Part-time,24,1438552,54702,7555.0,1700.0,870968.0,17419,0.1453,711,4,47,1,77.0,11.0,50,35,4.79,0
41,Male,Bachelor,Noida,Datamatics,Director of Engineering,Telecom,Full-time,21,1394750,54254,6855.0,470868.0,655481.0,13109,0.1128,594,2,47,3,1.0,22.0,75,36,4.2,0
29,Male,Master,Ludhiana,Hexaware,Test Automation Engineer,EdTech,Full-time,7,800031,33048,24781.0,40513.0,0.0,0,0.0,562,2,16,4,,0.0,75,26,3.16,0
40,Male,Master,Surat,Genpact,QA Engineer,HealthTech,Full-time,17,1421677,59786,20221.0,31608.0,361064.0,7221,0.061,565,1,34,2,38.0,18.0,75,7,3.99,0
38,Male,Bachelor,Bhavnagar,Nucleus Software,VP Engineering,Manufacturing,Full-time,15,1098197,38952,80061.0,4897.0,391741.0,7834,0.0856,680,5,28,1,30.0,22.0,100,18,3.83,0
35,Male,Bachelor,Ajmer,Persistent Systems,DevOps Engineer,Manufacturing,Remote,11,909336,34904,10752.0,24916.0,0.0,0,0.0,544,4,21,0,28.0,19.0,0,20,2.68,0
48,Male,Master,Bhilai,Capgemini India,ML Engineer,FinTech,Remote,27,1950624,48460,33801.0,3919.0,0.0,0,0.0,719,3,52,2,59.0,21.0,75,17,5.0,1
56,Male,Bachelor,Kota,Postman,QA Engineer,HealthTech,Remote,35,2198104,95998,14689.0,136517.0,0.0,0,0.0,807,2,70,1,0.0,13.0,0,8,5.0,1
44,Female,Diploma,Moradabad,Genpact,Director of Engineering,FinTech,Full-time,24,1628287,57226,153789.0,59525.0,0.0,0,0.0,756,3,48,2,116.0,4.0,0,11,5.0,1
27,Male,Master,Gulbarga,Trigent,Backend Developer,FinTech,Remote,7,777693,28882,180618.0,332.0,513092.0,10261,0.1583,500,1,13,4,102.0,0.0,50,12,1.91,0
43,Female,Bachelor,Jalandhar,Sigmoid Analytics,DevOps Engineer,Defense,Full-time,19,1319047,39072,42208.0,146074.0,1499221.0,29984,0.2728,635,2,38,2,109.0,18.0,50,39,4.16,0
40,Male,Bachelor,Nanded,Datavail Infotech,Technical Lead,Manufacturing,Full-time,20,1450672,66150,402924.0,7548.0,472161.0,9443,0.0781,614,1,42,0,94.0,4.0,100,3,4.21,0
31,Male,Bachelor,Agra,Publicis Sapient,Project Manager,E-commerce,Full-time,7,558228,16050,8089.0,,0.0,0,0.0,607,4,16,2,119.0,0.0,50,33,2.59,0
27,Male,Bachelor,Bhavnagar,Vedantu,System Architect,FinTech,Full-time,4,570742,21233,79600.0,36049.0,0.0,0,0.0,551,3,10,1,65.0,0.0,0,17,1.77,0
31,Male,Bachelor,Tiruppur,BrowserStack,Project Manager,Consulting,Part-time,11,967976,26853,50697.0,15770.0,0.0,0,0.0,645,1,19,1,24.0,11.0,100,14,3.52,0
33,Female,Master,Meerut,Groww,BI Developer,FinTech,Full-time,9,976407,44676,9834.0,59733.0,483985.0,9679,0.119,613,5,21,0,109.0,5.0,75,5,3.78,0
51,Male,PhD,Bikaner,Cybage,Data Analyst,FinTech,Part-time,31,2129455,84533,652718.0,8837.0,0.0,0,0.0,716,5,67,0,63.0,10.0,100,33,5.0,1
42,Male,Bachelor,Kalyan,Hexaware,Senior Software Engineer,Startup,Contract,22,1409288,62702,165552.0,50440.0,1864341.0,37286,0.3175,620,1,49,2,113.0,7.0,50,13,3.6,0
47,Female,Bachelor,Tiruchirappalli,Groww,AI Researcher,SaaS,Contract,26,1674274,64174,26920.0,24234.0,0.0,0,0.0,739,3,52,4,47.0,6.0,75,29,4.47,1
41,Female,High School,Jodhpur,Genpact,VP Engineering,SaaS,Part-time,17,1004765,26012,20577.0,1423.0,313007.0,6260,0.0748,582,2,34,3,8.0,17.0,0,7,3.56,0
57,Male,PhD,Rajkot,Firstsource,Data Scientist,Consulting,Full-time,33,2227421,76353,55607.0,5979.0,0.0,0,0.0,788,5,66,2,63.0,9.0,50,14,4.55,1
40,Female,Master,Malegaon,Chargebee,Director of Engineering,E-commerce,Full-time,16,1221735,50453,78417.0,59151.0,229724.0,4594,0.0451,609,2,35,0,96.0,21.0,100,34,3.65,0
29,Female,Master,Firozabad,Sasken,Database Administrator,Defense,Full-time,8,998806,28266,,7250.0,0.0,0,0.0,554,2,13,4,99.0,16.0,50,30,2.57,0
30,Male,Diploma,Firozabad,Subex,Project Manager,Government,Hybrid,8,658409,26401,16001.0,36377.0,825819.0,16516,0.301,627,0,16,1,,23.0,50,3,3.11,0
39,Male,Bachelor,Saharanpur,Infosys,Frontend Developer,Manufacturing,Contract,16,1163270,51958,108303.0,12190.0,1155941.0,23118,0.2385,594,3,34,1,62.0,24.0,75,12,3.87,0
54,Male,Master,Howrah,Tech Mahindra,Director of Engineering,FinTech,Contract,30,1976478,85474,61938.0,70521.0,1746680.0,34933,0.2121,759,4,63,4,81.0,12.0,100,11,4.64,1
41,Male,Bachelor,Mumbai,Swiggy,Network Engineer,Consulting,Full-time,17,1167017,39487,16027.0,15260.0,1098933.0,21978,0.226,560,6,33,6,33.0,11.0,50,6,2.86,0
42,Male,Bachelor,Bangalore,Wipro,Mobile Developer,Startup,Contract,20,1492417,66317,112145.0,123688.0,0.0,0,0.0,681,1,42,2,24.0,11.0,50,33,3.92,0
32,Male,High School,Bikaner,Swiggy,Test Automation Engineer,HealthTech,Full-time,8,474429,21496,48906.0,65389.0,1384931.0,27698,0.7006,590,2,19,0,114.0,6.0,25,23,2.82,0
36,Non-binary,Bachelor,Chandigarh,Genpact,Test Automation Engineer,Manufacturing,Full-time,16,1104649,39773,93773.0,4927.0,0.0,0,0.0,565,4,35,1,29.0,15.0,50,2,3.43,0
49,Female,Master,Aurangabad,Robosoft,Product Manager,SaaS,Contract,29,1979409,54421,433067.0,2808.0,635311.0,12706,0.077,711,1,62,1,103.0,17.0,50,10,4.65,1
54,Female,Master,Malegaon,Apexon,Senior Software Engineer,Manufacturing,Full-time,34,2325997,69331,31277.0,42001.0,0.0,0,0.0,692,1,71,3,31.0,17.0,100,5,5.0,1
51,Male,Bachelor,Navi Mumbai,Net Solutions,Cloud Architect,Consulting,Full-time,29,1908832,60092,83038.0,118128.0,1080076.0,21601,0.1358,685,1,61,2,60.0,8.0,50,31,4.46,1
37,Female,Diploma,Nanded,Vedantu,Product Manager,Telecom,Hybrid,14,968016,23773,41660.0,74729.0,1990707.0,39814,0.4936,685,3,29,1,111.0,3.0,50,25,3.35,0
53,Male,Master,Indore,BrowserStack,ETL Developer,Banking,Remote,31,2111538,69755,115354.0,8219.0,0.0,0,0.0,791,2,65,2,83.0,9.0,100,19,4.64,1
38,Male,PhD,Patna,Firstsource,BI Developer,Consulting,Hybrid,18,1487087,40450,170608.0,2649.0,0.0,0,0.0,616,1,41,1,113.0,23.0,75,20,4.91,1
39,Female,Bachelor,Varanasi,Publicis Sapient,Solutions Architect,Manufacturing,Full-time,18,1200668,32408,30016.0,31924.0,,5006,0.05,650,4,41,1,11.0,10.0,0,34,3.79,0
44,Male,Master,Chennai,Capgemini India,Data Analyst,Telecom,Full-time,24,1636779,56877,52658.0,175909.0,0.0,0,0.0,672,3,53,1,116.0,15.0,25,0,4.43,1
29,Male,Bachelor,Nellore,TCS,Full Stack Developer,Telecom,Full-time,9,784992,29792,206046.0,88640.0,275775.0,5515,0.0843,563,3,17,2,45.0,13.0,75,34,3.06,0
34,Female,PhD,Solapur,Byju s,Full Stack Developer,HealthTech,Full-time,10,1010510,31414,99315.0,11248.0,51768.0,1035,0.0123,625,2,24,2,,16.0,100,4,3.13,0
34,Female,Bachelor,Kochi,Capgemini India,ML Engineer,SaaS,Hybrid,14,993707,24883,112347.0,15159.0,537594.0,10751,0.1298,593,4,26,1,7.0,16.0,50,27,3.14,0
47,Male,Bachelor,Dehradun,Uniphore,Engineering Manager,HealthTech,Hybrid,23,1540802,60188,58813.0,15570.0,0.0,0,0.0,614,3,45,0,55.0,9.0,75,27,4.07,0
52,Male,Master,Bhiwandi,Geometric,Frontend Developer,Manufacturing,Remote,31,2097473,71412,133744.0,347454.0,1632843.0,32656,0.1868,787,1,66,3,20.0,23.0,50,28,4.65,1
29,Female,PhD,Bhavnagar,Firstsource,Technical Lead,Government,Full-time,9,888566,24455,46164.0,6377.0,0.0,0,0.0,513,2,15,0,8.0,24.0,75,22,3.2,0
50,Non-binary,Diploma,Salem,Postman,Data Analyst,Defense,Hybrid,27,1719135,57346,239744.0,71589.0,1952139.0,39042,0.2725,764,3,51,2,26.0,7.0,75,39,4.5,0
36,Male,Bachelor,Bhubaneswar,Srijan Technologies,Cloud Architect,Manufacturing,Part-time,14,1072300,38210,185699.0,17849.0,648396.0,12967,0.1451,590,2,31,0,12.0,19.0,100,13,3.41,0
23,Male,Master,Jaipur,Sonata Software,Data Scientist,Banking,Remote,1,445786,14680,301069.0,5122.0,0.0,0,0.0,457,2,6,1,21.0,0.0,25,27,3.32,0
49,Male,Master,Patna,CRED,Cloud Architect,Consulting,Part-time,28,1970146,67128,,3361.0,1099360.0,21987,0.1339,721,1,53,1,104.0,9.0,50,24,4.68,1
33,Female,Diploma,Jalgaon,Nihilent,Database Administrator,HealthTech,Full-time,9,698787,25555,43950.0,33358.0,0.0,0,0.0,492,3,18,2,31.0,3.0,100,12,3.79,0
32,Male,Bachelor,Moradabad,Mindtree,Network Engineer,EdTech,Full-time,11,982808,30207,122923.0,60352.0,1063903.0,21278,0.2598,652,2,23,1,86.0,19.0,25,4,2.47,0
54,Female,PhD,Kanpur,Nihilent,Technical Lead,Government,Hybrid,32,2339176,88980,22668.0,691.0,0.0,0,0.0,790,3,68,1,0.0,11.0,50,27,5.0,1
24,Female,Bachelor,Noida,Ola,ML Engineer,FinTech,Contract,2,471003,21502,52673.0,782636.0,1455895.0,29117,0.7418,590,4,7,0,18.0,0.0,50,33,2.26,0
52,Male,Diploma,Tiruchirappalli,Nihilent,ETL Developer,HealthTech,Remote,29,1840409,69432,121831.0,20306.0,0.0,0,0.0,801,6,60,3,,11.0,0,26,4.89,1
34,Female,Bachelor,Coimbatore,Mastek,Database Administrator,Defense,Full-time,13,1122424,46529,21188.0,30410.0,883364.0,17667,0.1889,625,3,25,2,13.0,8.0,50,33,3.87,0
45,Male,Bachelor,Delhi,Zerodha,Database Administrator,SaaS,Hybrid,22,1416473,62172,55400.0,22250.0,378607.0,7572,0.0641,682,4,48,0,13.0,9.0,0,22,4.4,0
39,Male,Master,Navi Mumbai,Robosoft,DevOps Engineer,FinTech,Full-time,17,1310501,31436,165238.0,19425.0,108913.0,2178,0.0199,601,2,39,0,100.0,15.0,50,19,4.38,0
36,Female,PhD,Ahmedabad,Datavail Infotech,Security Analyst,Consulting,Full-time,14,1165902,33564,261745.0,2463.0,1727948.0,34558,0.3557,660,3,31,1,100.0,,25,18,2.92,0
23,Male,Bachelor,Kolhapur,GlobalLogic,IT Consultant,Startup,Full-time,0,233448,10662,60533.0,93431.0,1950032.0,39000,2.0047,516,1,4,6,29.0,0.0,0,36,1.0,0
31,Male,Bachelor,Chandigarh,Infosys,Test Automation Engineer,Banking,Full-time,10,777587,25117,23177.0,304154.0,566829.0,11336,0.1749,545,2,21,0,39.0,15.0,0,17,3.69,0
22,Male,Bachelor,Chandigarh,Hexaware,Security Analyst,Manufacturing,Full-time,0,399397,9925,21417.0,116838.0,,3849,0.1156,495,2,0,1,,0.0,50,15,2.09,0
30,Male,Master,Bhiwandi,Subex,Business Analyst,Consulting,Full-time,9,945215,37067,19866.0,106608.0,0.0,0,0.0,577,2,19,4,44.0,11.0,100,2,3.93,0
48,Male,Bachelor,Firozabad,EXL Service,Data Analyst,Startup,Remote,25,1647932,57196,30269.0,9360.0,1927977.0,38559,0.2808,656,1,53,0,89.0,21.0,25,26,4.02,0
22,Female,Bachelor,Jalgaon,Srijan Technologies,ML Engineer,Defense,Full-time,2,385024,17376,36199.0,79397.0,295940.0,5918,0.1844,561,1,1,2,,0.0,50,37,2.93,0
39,Female,PhD,Vadodara,Newgen Software,Frontend Developer,Telecom,Full-time,19,1426501,34457,40466.0,30549.0,0.0,0,0.0,621,0,42,2,102.0,6.0,0,35,4.5,1
54,Male,Master,Kolhapur,Wipro,Project Manager,E-commerce,Remote,34,2274786,76461,48234.0,3570.0,368868.0,7377,0.0389,778,4,72,2,68.0,19.0,50,11,5.0,1
53,Male,High School,Bareilly,HCL Technologies,Backend Developer,SaaS,Hybrid,33,2036093,58752,231722.0,8434.0,1922269.0,38445,0.2266,723,3,70,1,47.0,23.0,25,34,4.43,0
26,Female,Bachelor,Firozabad,Sigmoid Analytics,Frontend Developer,Startup,Full-time,3,462712,17918,117557.0,,251669.0,5033,0.1305,581,2,7,0,85.0,0.0,25,37,2.71,0
42,Male,Bachelor,Nanded,Genpact,Test Automation Engineer,Consulting,Full-time,19,1371748,52618,58142.0,,,0,0.0,618,3,36,2,107.0,6.0,75,14,3.46,0
42,Male,Bachelor,Guntur,Nielsen India,Technical Lead,Government,Full-time,22,1455827,56170,126040.0,,1592675.0,31853,0.2626,693,2,44,1,8.0,21.0,75,23,4.49,1
47,Male,Bachelor,Meerut,Tata Elxsi,Product Manager,EdTech,Remote,24,1671451,54662,,47302.0,209493.0,4189,0.0301,766,2,52,2,16.0,9.0,100,0,4.13,0
28,Female,Bachelor,Hubballi,Mindtree,Software Engineer,E-commerce,Part-time,6,592709,22175,32229.0,,225103.0,4502,0.0911,621,1,10,2,43.0,0.0,75,33,3.08,0
37,Male,Master,Loni,TCS,Scrum Master,Defense,Full-time,15,1215450,52057,76597.0,21250.0,911338.0,18226,0.1799,589,2,29,0,3.0,,0,39,3.1,0
38,Male,High School,Aurangabad,Tata Elxsi,QA Engineer,FinTech,Remote,16,954544,23465,89551.0,,387277.0,7745,0.0974,569,3,30,1,114.0,4.0,0,27,3.36,0
42,Male,Bachelor,Vadodara,Cyient DLM,Senior Software Engineer,Defense,Full-time,19,1308197,48862,491352.0,13538.0,969302.0,19386,0.1778,610,1,43,1,64.0,11.0,75,19,3.31,0
55,Female,Bachelor,Bareilly,Nihilent,Engineering Manager,SaaS,Remote,35,2173082,59038,96873.0,5377.0,1537148.0,30742,0.1698,858,4,70,4,61.0,4.0,75,2,5.0,1
46,Female,PhD,Gulbarga,Genpact,Data Analyst,FinTech,Full-time,22,1695692,65847,189945.0,4353.0,0.0,0,0.0,750,4,47,3,64.0,21.0,50,16,5.0,1
44,Male,Bachelor,Bhiwandi,Zerodha,Director of Engineering,EdTech,Hybrid,23,1518567,47778,324143.0,70572.0,1053258.0,21065,0.1665,713,0,51,4,76.0,18.0,75,27,3.88,0
29,Female,Bachelor,Patna,Uniphore,Technical Lead,EdTech,Full-time,8,786693,31642,80743.0,14134.0,0.0,0,0.0,517,6,20,1,62.0,5.0,75,20,2.91,0
47,Female,Master,Loni,Apexon,Test Automation Engineer,Government,Full-time,27,1813278,43939,21872.0,19773.0,0.0,0,0.0,644,4,57,1,54.0,11.0,50,24,4.96,1
26,Female,Master,Ahmedabad,Sasken,AI Researcher,E-commerce,Full-time,4,704301,27853,54956.0,80769.0,0.0,0,0.0,585,0,9,1,48.0,0.0,50,31,3.68,0
55,Male,Bachelor,Thiruvananthapuram,Sigmoid Analytics,Software Engineer,Manufacturing,Hybrid,34,2188182,68991,20778.0,12221.0,0.0,0,0.0,722,7,68,1,48.0,9.0,0,34,5.0,1
42,Female,Master,Bhilai,Genpact,ETL Developer,E-commerce,Full-time,18,1420568,42872,43452.0,11909.0,166746.0,3334,0.0282,723,0,38,0,103.0,17.0,75,29,3.36,0
48,Male,High School,Lucknow,Publicis Sapient,BI Developer,Consulting,Contract,27,1684356,49302,59286.0,3660.0,0.0,0,0.0,713,0,56,5,54.0,8.0,100,29,5.0,1
49,Female,Bachelor,Jamnagar,CleverTap,BI Developer,Defense,Full-time,28,1751208,63026,49014.0,37291.0,0.0,0,0.0,738,1,54,3,30.0,24.0,75,32,5.0,1
38,Female,Diploma,Indore,Datavail Infotech,Mobile Developer,FinTech,Full-time,16,1156628,38407,12379.0,4091.0,,22719,0.2357,649,2,37,0,119.0,12.0,50,31,2.68,0
51,Male,High School,Hubballi,Mindtree,Frontend Developer,Banking,Full-time,31,1901483,61115,17395.0,315956.0,0.0,0,0.0,740,3,67,3,3.0,21.0,75,9,5.0,1
41,Male,Bachelor,Gurgaon,Accenture India,Data Scientist,Consulting,Full-time,19,1221319,34689,480961.0,210.0,1760970.0,35219,0.346,692,6,39,4,57.0,6.0,25,3,4.3,0
48,Male,Bachelor,Rajkot,Hexaware,Lead Engineer,Telecom,Full-time,26,1686588,56191,31291.0,7556.0,1007631.0,20152,0.1434,749,1,55,4,9.0,2.0,100,30,5.0,0
42,Male,Diploma,Jamshedpur,Freshworks,Mobile Developer,Banking,Full-time,22,1397663,35513,34488.0,66839.0,0.0,0,0.0,703,3,41,4,98.0,18.0,50,29,4.68,1
29,Female,Bachelor,Durgapur,Capgemini India,Technical Lead,Telecom,Full-time,8,762082,19009,14311.0,,0.0,0,0.0,623,1,20,2,105.0,19.0,50,18,3.41,0
35,Female,Bachelor,Patna,CRED,VP Engineering,Government,Remote,13,997391,27442,6721.0,5117.0,,18842,0.2267,648,1,25,2,68.0,2.0,50,20,2.11,0
25,Male,Master,Hubballi,Meesho,Lead Engineer,SaaS,Remote,5,708459,21347,327459.0,129770.0,0.0,0,0.0,558,4,12,3,45.0,0.0,0,8,3.02,0
56,Female,Bachelor,Coimbatore,Capgemini India,Senior Data Scientist,E-commerce,Full-time,35,2218680,54011,5222.0,5401.0,1489450.0,29789,0.1611,741,3,71,4,13.0,16.0,100,5,4.96,1
23,Male,Bachelor,Patna,Happiest Minds,ML Engineer,Telecom,Full-time,1,315395,12583,,423810.0,1390491.0,27809,1.0581,514,1,0,1,22.0,0.0,50,39,1.0,0
47,Female,Master,Chandigarh,Vedantu,Solutions Architect,SaaS,Contract,26,1945304,82358,86004.0,26954.0,0.0,0,0.0,679,0,49,3,90.0,2.0,50,36,4.65,0
55,Male,PhD,Bhilai,Ola,Backend Developer,Banking,Full-time,32,2152932,55491,24935.0,2530.0,0.0,0,0.0,702,1,61,2,80.0,18.0,0,34,5.0,1
30,Female,PhD,Jodhpur,Happiest Minds,Project Manager,EdTech,Contract,9,1003481,32644,281193.0,895.0,1388048.0,27760,0.332,638,0,20,3,31.0,17.0,50,39,2.38,0
52,Male,Bachelor,Asansol,Syntel India,Senior Data Scientist,EdTech,Hybrid,32,2109335,83740,24450.0,74208.0,418572.0,8371,0.0476,740,1,64,3,28.0,15.0,75,37,4.68,1
48,Female,Bachelor,Firozabad,Groww,DevOps Engineer,HealthTech,Remote,28,1967310,72051,46962.0,17879.0,0.0,0,0.0,645,3,59,3,68.0,,50,4,4.86,1
39,Female,Bachelor,Jamshedpur,Swiggy,ML Engineer,Manufacturing,Part-time,19,1328707,38112,56469.0,33568.0,0.0,0,0.0,611,2,42,4,106.0,2.0,50,36,3.94,0
55,Male,PhD,Tiruppur,Wipro,Technical Lead,SaaS,Remote,32,2295394,95857,65072.0,3116.0,0.0,0,0.0,809,1,69,3,87.0,18.0,0,22,5.0,1
38,Male,Bachelor,Thiruvananthapuram,Zerodha,Backend Developer,Startup,Hybrid,16,1250751,55576,92211.0,89248.0,1227063.0,24541,0.2355,570,3,34,4,54.0,15.0,50,31,3.63,0
29,Female,Bachelor,Saharanpur,Tech Mahindra,Lead Engineer,Consulting,Full-time,5,616146,14458,43868.0,13863.0,192174.0,3843,0.0748,603,2,11,2,15.0,0.0,75,35,3.22,0
43,Female,Master,Bikaner,Nihilent,Data Scientist,EdTech,Contract,22,1686713,58404,16394.0,6330.0,0.0,0,0.0,658,2,49,0,64.0,9.0,0,11,4.34,0
52,Female,Bachelor,Nanded,Syntel India,QA Engineer,EdTech,Contract,30,2101691,63317,367304.0,14746.0,0.0,0,0.0,817,2,63,2,2.0,15.0,75,30,5.0,1
27,Male,Master,Meerut,Coda Global,Product Manager,Banking,Full-time,3,504852,23131,56344.0,18382.0,0.0,0,0.0,575,2,3,1,44.0,0.0,75,13,2.54,0
37,Male,Bachelor,Siliguri,Cyient,BI Developer,Startup,Contract,13,969299,37998,48778.0,,0.0,0,0.0,625,2,24,2,54.0,2.0,25,18,3.49,0
37,Female,Master,Howrah,WNS Global,Cloud Architect,Consulting,Contract,16,1297800,41383,106689.0,34041.0,1337573.0,26751,0.2474,575,2,32,4,19.0,6.0,100,22,3.5,0
29,Male,Bachelor,Noida,L&T Infotech,Director of Engineering,SaaS,Part-time,7,774559,27367,33286.0,1065.0,0.0,0,0.0,564,2,11,2,33.0,0.0,75,13,2.99,0
48,Male,Bachelor,Bhavnagar,Geometric,Software Engineer,EdTech,Full-time,27,1771472,53188,22997.0,38835.0,1910824.0,38216,0.2589,704,1,57,2,48.0,8.0,50,23,5.0,1
27,Male,PhD,Surat,Mastek,DevOps Engineer,Consulting,Remote,3,663920,21464,9196.0,,0.0,0,0.0,512,2,5,2,58.0,0.0,75,17,2.99,0
38,Female,Bachelor,Bhavnagar,CleverTap,Frontend Developer,Consulting,Remote,16,1128358,35716,12913.0,268982.0,0.0,0,0.0,608,2,36,0,,19.0,75,4,4.76,1
22,Male,Bachelor,Cuttack,Srijan Technologies,VP Engineering,HealthTech,Full-time,0,248146,10237,330980.0,21057.0,0.0,0,0.0,558,1,0,1,17.0,,0,12,3.06,0
54,Male,High School,Ahmedabad,Zoho,VP Engineering,Telecom,Full-time,30,1806015,49900,51919.0,16724.0,0.0,0,0.0,687,2,58,2,119.0,15.0,50,24,4.64,1
54,Male,Bachelor,Malegaon,Nagarro India,AI Researcher,Government,Hybrid,30,1875113,81508,157975.0,,1225233.0,24504,0.1568,717,3,63,0,34.0,19.0,50,13,4.18,0
49,Female,Diploma,Ajmer,Intellect Design,AI Researcher,E-commerce,Full-time,28,1820454,74467,5166.0,47824.0,1607998.0,32159,0.212,722,3,56,1,5.0,8.0,0,24,4.41,0
33,Male,PhD,Allahabad,Nagarro India,Scrum Master,EdTech,Contract,12,1076765,41000,102222.0,412869.0,,24287,0.2707,600,4,21,3,1.0,17.0,75,36,3.6,0
26,Male,Bachelor,Jodhpur,Unacademy,Scrum Master,Defense,Hybrid,3,486006,14779,95850.0,8026.0,0.0,0,0.0,488,2,7,0,12.0,0.0,50,39,2.38,0
28,Female,Master,Kota,Robosoft,Network Engineer,Consulting,Hybrid,7,774662,23630,173702.0,18667.0,0.0,0,0.0,545,1,19,3,24.0,0.0,50,8,2.96,0
37,Male,Bachelor,Mysuru,Mindtree,Lead Engineer,Consulting,Full-time,14,1081555,41666,93273.0,,488785.0,9775,0.1085,565,2,31,0,107.0,4.0,100,35,3.62,0
43,Male,Bachelor,Aligarh,Sigmoid Analytics,Mobile Developer,Telecom,Full-time,19,1329826,56715,34186.0,7051.0,0.0,0,0.0,631,8,40,1,105.0,18.0,0,15,4.19,0
23,Female,Master,Delhi,eClerx,Engineering Manager,Manufacturing,Full-time,3,501218,14235,22396.0,,0.0,0,0.0,483,2,4,2,101.0,0.0,100,2,2.93,0
25,Female,Bachelor,Guntur,Trigent,IT Consultant,Banking,Full-time,1,272318,9114,30882.0,210314.0,1814120.0,36282,1.5988,534,2,3,3,27.0,0.0,0,16,1.0,0
52,Male,Bachelor,Ajmer,IBM India,Mobile Developer,HealthTech,Part-time,29,1933641,80677,9349.0,27867.0,1525825.0,30516,0.1894,755,1,60,0,22.0,24.0,50,31,4.27,0
34,Female,Bachelor,Nashik,Genpact,ETL Developer,SaaS,Hybrid,11,953718,36254,30034.0,12475.0,0.0,0,0.0,651,0,19,2,32.0,13.0,25,25,3.63,0
26,Non-binary,Bachelor,Lucknow,GlobalLogic,IT Consultant,Defense,Full-time,2,432984,11477,58437.0,73740.0,140409.0,2808,0.0778,498,1,9,1,51.0,0.0,100,23,2.96,0
32,Male,Diploma,Kota,Tata Elxsi,Software Engineer,EdTech,Full-time,12,1043677,38746,75406.0,7277.0,0.0,0,0.0,574,2,21,1,97.0,5.0,100,10,3.49,0
49,Male,Bachelor,Varanasi,Genpact,BI Developer,FinTech,Full-time,28,1867488,44147,6455.0,16074.0,1066934.0,21338,0.1371,648,2,53,1,40.0,23.0,50,38,3.85,0
29,Male,Bachelor,Loni,Groww,Product Manager,FinTech,Part-time,9,744663,20802,341726.0,21559.0,0.0,0,0.0,568,1,22,1,89.0,5.0,25,39,3.24,0
47,Male,Bachelor,Pune,ThoughtWorks India,Data Scientist,EdTech,Remote,26,1785634,78654,95611.0,5184.0,1347644.0,26952,0.1811,710,2,56,1,91.0,5.0,50,23,3.93,0
56,Male,Master,Lucknow,Apexon,System Architect,FinTech,Full-time,33,2075133,77084,126209.0,121126.0,0.0,0,0.0,705,4,63,2,96.0,14.0,75,6,4.98,1
42,Male,Bachelor,Kalyan,Happiest Minds,Security Analyst,E-commerce,Full-time,19,1187729,44790,108657.0,100771.0,0.0,0,0.0,694,3,37,3,86.0,24.0,0,25,4.29,1
56,Female,Bachelor,Patna,BrowserStack,Cloud Architect,Government,Remote,34,2206957,64558,,25700.0,207376.0,4147,0.0225,708,3,71,4,45.0,19.0,50,31,5.0,1
37,Female,Master,Ludhiana,Birlasoft,Test Automation Engineer,Telecom,Hybrid,16,1411877,38036,268223.0,8708.0,0.0,0,0.0,635,2,34,1,100.0,14.0,75,17,3.76,0
43,Male,Bachelor,Asansol,ThoughtWorks India,Database Administrator,E-commerce,Full-time,23,1755960,65932,137977.0,2794.0,1030351.0,20607,0.1408,705,7,51,1,115.0,4.0,50,23,5.0,0
38,Male,Diploma,Dhanbad,L&T Infotech,Business Analyst,FinTech,Hybrid,17,1165455,44364,,652498.0,1296726.0,25934,0.267,562,2,37,3,75.0,6.0,75,34,2.65,0
37,Male,Master,Ahmedabad,L&T Infotech,Software Engineer,Startup,Full-time,16,1328208,33412,,24021.0,0.0,0,0.0,551,3,35,4,69.0,10.0,50,26,3.93,0
55,Male,Bachelor,Mysuru,Net Solutions,Engineering Manager,SaaS,Contract,34,2367096,93640,92434.0,1960.0,90936.0,1818,0.0092,846,2,68,3,53.0,4.0,75,36,5.0,1
46,Non-binary,High School,Moradabad,Nihilent,Engineering Manager,Government,Full-time,22,1524513,68566,22474.0,45944.0,0.0,0,0.0,745,3,43,2,72.0,16.0,0,3,4.5,0
29,Non-binary,Master,Jalandhar,Unacademy,Business Analyst,Telecom,Full-time,6,740241,18757,10890.0,6801.0,0.0,0,0.0,618,2,15,3,,0.0,50,36,2.97,0
55,Female,PhD,Amravati,Capgemini India,Scrum Master,Telecom,Hybrid,33,2126201,88321,44945.0,1028.0,0.0,0,0.0,748,1,64,4,110.0,12.0,0,36,5.0,1
26,Female,Bachelor,Malegaon,PhonePe,Principal Engineer,Consulting,Full-time,2,590657,16275,25484.0,108749.0,1029435.0,20588,0.4183,496,4,8,1,77.0,0.0,100,34,2.16,0
30,Non-binary,PhD,Jhansi,Coda Global,Director of Engineering,Government,Contract,10,1000731,42727,52010.0,8806.0,1466277.0,29325,0.3516,514,1,24,1,16.0,10.0,50,11,2.23,0
54,Female,Bachelor,Hubballi,Nagarro India,Network Engineer,FinTech,Full-time,31,2208852,77179,44163.0,10267.0,0.0,0,0.0,825,5,67,2,37.0,22.0,0,1,5.0,1
40,Male,Master,Raipur,Groww,Software Engineer,Government,Full-time,20,1534769,67052,596917.0,1159795.0,0.0,0,0.0,602,5,42,1,22.0,13.0,75,30,4.2,0
53,Male,Master,Gorakhpur,CleverTap,Principal Engineer,Consulting,Full-time,29,1847796,48349,27457.0,290636.0,542126.0,10842,0.0704,767,6,58,3,79.0,19.0,50,29,4.94,1
40,Male,High School,Gulbarga,Mindtree,Lead Engineer,Banking,Full-time,17,1267942,45090,117999.0,176008.0,0.0,0,0.0,702,1,36,5,31.0,2.0,100,36,4.24,0
25,Male,PhD,Dehradun,Groww,Security Analyst,Startup,Full-time,2,419290,16114,29351.0,178865.0,1313063.0,26261,0.7516,537,5,2,1,2.0,0.0,0,17,1.5,0
53,Male,Master,Lucknow,Mphasis,System Architect,HealthTech,Full-time,29,1902163,78095,368143.0,2457.0,0.0,0,0.0,686,1,60,2,5.0,14.0,100,2,4.39,1
25,Male,Master,Kolkata,Nagarro India,DevOps Engineer,E-commerce,Remote,4,670049,29841,174699.0,147541.0,0.0,0,0.0,475,6,11,1,34.0,0.0,0,21,2.76,0
22,Male,Bachelor,Mysuru,Freshworks,Full Stack Developer,Telecom,Full-time,0,267410,10123,62252.0,183551.0,750538.0,15010,0.6736,531,1,1,0,48.0,0.0,0,18,2.14,0
25,Male,Bachelor,Kolhapur,Zensar Technologies,ML Engineer,SaaS,Full-time,2,439549,12797,4660.0,8393.0,0.0,0,0.0,438,3,4,0,80.0,0.0,75,13,1.44,0
55,Male,PhD,Raipur,Xoriant,System Architect,Startup,Full-time,34,2412494,106515,163673.0,18569.0,0.0,0,0.0,838,0,71,3,105.0,7.0,75,4,5.0,1
49,Male,Master,Allahabad,Freshworks,Technical Lead,HealthTech,Contract,26,1834455,79928,13431.0,92791.0,888369.0,17767,0.1162,696,2,52,2,95.0,8.0,0,37,4.32,0
37,Female,Bachelor,Gorakhpur,Nucleus Software,IT Consultant,Banking,Remote,17,1108096,28722,351118.0,5979.0,865938.0,17318,0.1875,631,2,37,1,25.0,6.0,75,24,3.68,0
44,Female,Master,Vadodara,Birlasoft,Security Analyst,FinTech,Full-time,22,1458735,65127,72461.0,11694.0,278352.0,5567,0.0458,654,3,49,1,89.0,8.0,25,10,4.37,0
42,Female,Bachelor,Durgapur,Coforge,Software Engineer,Consulting,Full-time,20,1268865,40069,49971.0,42571.0,0.0,0,0.0,637,3,44,1,71.0,17.0,0,38,4.11,0
53,Female,Master,Allahabad,Byju s,DevOps Engineer,Government,Full-time,31,1970023,47857,22110.0,38149.0,0.0,0,0.0,703,2,65,1,108.0,3.0,50,27,5.0,0
31,Female,Master,Vadodara,EXL Service,Database Administrator,FinTech,Full-time,7,788601,25602,11577.0,7262.0,1999708.0,39994,0.6086,535,0,14,1,16.0,0.0,75,5,3.01,0
46,Male,Bachelor,Pune,Zoho,Mobile Developer,E-commerce,Contract,23,1573365,62960,13446.0,85304.0,1810737.0,36214,0.2762,633,5,43,1,108.0,22.0,0,26,4.56,1
56,Male,Master,Surat,Razorpay,VP Engineering,Defense,Full-time,32,2285939,88648,8634.0,252941.0,0.0,0,0.0,819,2,67,2,38.0,8.0,0,39,5.0,1
47,Male,PhD,Ajmer,Chargebee,ML Engineer,SaaS,Part-time,26,1876933,85335,9002.0,58291.0,106174.0,2123,0.0136,691,2,51,2,45.0,6.0,100,5,4.18,0
41,Female,PhD,Gorakhpur,Accenture India,AI Researcher,Consulting,Remote,17,1431643,41772,85919.0,9223.0,212824.0,4256,0.0357,602,0,38,4,27.0,5.0,25,22,4.52,1
51,Male,Master,Coimbatore,Meesho,Software Engineer,Government,Full-time,27,2030898,65922,5687.0,42252.0,1605563.0,32111,0.1897,716,2,52,0,86.0,22.0,100,13,4.07,0
48,Male,Bachelor,Agra,Datavail Infotech,Scrum Master,Telecom,Full-time,27,1870476,53053,58314.0,79209.0,1439731.0,28794,0.1847,764,7,55,2,116.0,13.0,50,5,5.0,1
57,Male,Bachelor,Asansol,Tech Mahindra,Product Manager,Banking,Remote,35,2184840,80750,59011.0,7200.0,512287.0,10245,0.0563,707,4,72,1,89.0,19.0,75,21,5.0,1
36,Female,Diploma,Thiruvananthapuram,Hexaware,Database Administrator,E-commerce,Full-time,14,1054208,43800,6252.0,11471.0,287728.0,5754,0.0655,552,1,33,2,82.0,9.0,50,21,3.54,0
42,Male,PhD,Dehradun,Swiggy,VP Engineering,E-commerce,Full-time,21,1458740,46640,52360.0,,894180.0,17883,0.1471,603,2,39,2,48.0,,0,34,3.9,1
40,Female,Bachelor,Dhanbad,WNS Global,Backend Developer,HealthTech,Full-time,17,1190926,43443,103412.0,6727.0,0.0,0,0.0,565,5,34,1,108.0,16.0,50,13,3.12,0
24,Female,Bachelor,Jabalpur,InMobi,Principal Engineer,FinTech,Contract,3,575215,18060,679986.0,103900.0,1298450.0,25969,0.5418,590,4,10,3,90.0,0.0,0,22,2.47,0
33,Female,Bachelor,Srinagar,Nielsen India,QA Engineer,Consulting,Full-time,10,1037634,34382,184069.0,37878.0,0.0,0,0.0,526,4,19,3,35.0,9.0,0,25,2.87,0
56,Male,Bachelor,Asansol,Xoriant,Mobile Developer,E-commerce,Full-time,33,2039783,73778,105713.0,,1704877.0,34097,0.2006,770,3,65,2,53.0,12.0,75,2,4.64,0
25,Male,Master,Jamshedpur,Postman,Full Stack Developer,Defense,Full-time,3,579767,19191,69442.0,61768.0,0.0,0,0.0,491,4,10,2,62.0,0.0,100,31,2.86,0
53,Male,Bachelor,Bareilly,Meesho,Product Manager,Consulting,Full-time,29,1791051,63575,204758.0,58348.0,1985124.0,39702,0.266,668,3,55,2,58.0,8.0,25,32,4.63,0
32,Non-binary,Master,Hyderabad,Apexon,Data Analyst,Telecom,Full-time,12,915275,28872,85710.0,141720.0,1058651.0,21173,0.2776,664,3,22,1,40.0,17.0,25,36,3.16,0
46,Male,Master,Tiruppur,Groww,ML Engineer,FinTech,Remote,25,1857248,44766,43901.0,84654.0,0.0,0,0.0,752,3,48,0,111.0,21.0,25,37,5.0,1
25,Female,Bachelor,Bhubaneswar,Subex,Engineering Manager,SaaS,Full-time,1,317004,9896,705408.0,12494.0,675094.0,13501,0.5111,461,3,6,1,43.0,0.0,50,31,1.32,0
40,Male,Bachelor,Kolhapur,Infosys,Cloud Architect,SaaS,Full-time,16,1159551,37730,143427.0,5835.0,1808772.0,36175,0.3744,708,2,33,2,12.0,20.0,0,29,4.23,0
37,Male,Diploma,Jalgaon,KPIT Technologies,QA Engineer,SaaS,Full-time,15,1121997,33527,,131638.0,0.0,0,0.0,638,5,31,2,107.0,12.0,25,38,4.54,1
25,Female,Bachelor,Ujjain,Nagarro India,DevOps Engineer,FinTech,Full-time,4,598933,26378,47845.0,98690.0,1906581.0,38131,0.764,467,2,6,0,119.0,0.0,0,7,1.57,0
56,Female,Bachelor,Mysuru,Intellect Design,Full Stack Developer,SaaS,Full-time,32,2084898,89887,54790.0,9529.0,0.0,0,0.0,743,0,64,0,117.0,7.0,50,7,5.0,0
30,Male,Bachelor,Jalandhar,Tech Mahindra,QA Engineer,HealthTech,Contract,7,605672,27635,120403.0,25039.0,0.0,0,0.0,614,3,15,2,106.0,0.0,50,27,2.91,0
33,Male,Master,Meerut,Cyient,Full Stack Developer,SaaS,Hybrid,9,846354,26045,192424.0,25971.0,1009279.0,20185,0.2862,531,3,22,2,37.0,9.0,75,2,3.33,0
56,Male,Master,Ajmer,Postman,Engineering Manager,HealthTech,Hybrid,34,2364365,91018,75167.0,,1834813.0,36696,0.1862,747,2,73,1,104.0,14.0,50,1,4.51,0
51,Female,PhD,Jamshedpur,Sasken,Data Scientist,Startup,Hybrid,31,2194240,59553,,48071.0,0.0,0,0.0,735,1,62,1,65.0,9.0,50,33,5.0,1
28,Female,Bachelor,Durgapur,Robosoft,AI Researcher,EdTech,Part-time,5,529169,17066,12344.0,1910.0,287129.0,5742,0.1302,615,2,12,1,1.0,0.0,0,25,2.92,0
33,Male,Bachelor,Ahmedabad,Happiest Minds,DevOps Engineer,Startup,Remote,9,716499,22804,58531.0,21608.0,,22071,0.3696,613,2,23,3,18.0,15.0,25,12,2.86,0
31,Male,Master,Kolkata,Apexon,Data Scientist,Manufacturing,Remote,8,875944,22166,35683.0,15253.0,1668511.0,33370,0.4572,599,2,13,0,80.0,16.0,25,15,3.08,0
55,Male,Diploma,Moradabad,GlobalLogic,AI Researcher,E-commerce,Full-time,35,2133157,50183,89988.0,49145.0,0.0,0,0.0,743,3,73,2,46.0,6.0,100,17,5.0,1
24,Female,High School,Jodhpur,Quick Heal,Engineering Manager,EdTech,Remote,3,380995,11304,131447.0,7775.0,0.0,0,0.0,462,1,9,3,,0.0,100,30,2.92,0
34,Male,Bachelor,Gorakhpur,Cyient,Backend Developer,Consulting,Full-time,10,792886,26536,8893.0,209963.0,0.0,0,0.0,544,2,18,2,59.0,11.0,25,25,3.15,0
51,Female,Bachelor,Lucknow,Zetwerk,Network Engineer,Startup,Contract,30,2026399,83352,163529.0,180521.0,1047459.0,20949,0.1241,807,2,61,2,7.0,9.0,100,0,5.0,1
52,Male,Diploma,Cuttack,CleverTap,Product Manager,FinTech,Contract,28,1979258,77998,6372.0,81856.0,1341683.0,26833,0.1627,743,1,55,2,42.0,24.0,100,30,4.57,1
52,Female,Master,Asansol,Sonata Software,Test Automation Engineer,Government,Hybrid,32,2148899,69109,14562.0,252130.0,672694.0,13453,0.0751,686,0,69,0,2.0,20.0,100,21,4.72,1
52,Non-binary,Bachelor,Ahmedabad,eClerx,VP Engineering,Government,Remote,28,1807134,70662,54234.0,154337.0,784476.0,15689,0.1042,765,1,60,1,115.0,19.0,0,36,5.0,1
22,Male,High School,Bhopal,Apexon,Frontend Developer,FinTech,Contract,2,300162,11654,423595.0,135024.0,0.0,0,0.0,568,2,6,1,25.0,0.0,50,28,3.53,0
24,Female,Bachelor,Mangalore,Cyient,Engineering Manager,Banking,Remote,4,538654,16058,132521.0,,929783.0,18595,0.4143,457,0,13,1,47.0,0.0,50,10,1.58,0
45,Male,Bachelor,Noida,TCS,Engineering Manager,Banking,Contract,24,1608990,49782,17060.0,6411.0,0.0,0,0.0,682,1,51,3,112.0,6.0,25,33,4.12,0
42,Male,Master,Lucknow,Wipro,Solutions Architect,SaaS,Full-time,20,1486132,63117,56664.0,348458.0,0.0,0,0.0,676,3,41,0,53.0,15.0,50,15,4.3,1
33,Non-binary,Master,Howrah,Zensar Technologies,Software Engineer,Telecom,Remote,12,936641,27756,22096.0,63224.0,0.0,0,0.0,595,3,23,2,59.0,20.0,0,33,3.62,0
33,Male,Bachelor,Cuttack,PhonePe,Business Analyst,Consulting,Full-time,12,1081527,33992,123810.0,,0.0,0,0.0,583,4,21,1,101.0,16.0,100,30,3.4,0
38,Male,Diploma,Jaipur,Quick Heal,Security Analyst,HealthTech,Remote,17,1188945,33670,22370.0,370929.0,0.0,0,0.0,557,5,33,5,113.0,15.0,50,30,3.86,0
45,Male,Bachelor,Amritsar,Sasken,Principal Engineer,FinTech,Contract,21,1455556,59249,22618.0,15388.0,673148.0,13462,0.111,596,3,41,0,27.0,22.0,75,1,4.11,0
38,Male,Diploma,Nanded,Publicis Sapient,DevOps Engineer,FinTech,Full-time,15,1135131,31014,443897.0,,110640.0,2212,0.0234,567,0,29,4,18.0,9.0,50,17,4.63,1
57,Non-binary,Bachelor,Bhubaneswar,eClerx,Database Administrator,SaaS,Full-time,33,2149225,72053,224194.0,144205.0,246844.0,4936,0.0276,798,1,64,1,117.0,13.0,50,29,4.98,1
31,Male,Diploma,Varanasi,HCL Technologies,ML Engineer,Manufacturing,Full-time,8,752810,17592,62263.0,53634.0,470086.0,9401,0.1499,611,3,21,3,25.0,13.0,0,4,3.41,0
38,Male,Master,Raipur,EXL Service,Technical Lead,FinTech,Contract,14,1387250,58091,29412.0,8619.0,691098.0,13821,0.1196,687,4,31,2,43.0,5.0,75,26,4.22,0
42,Female,Master,Bhilai,Sigmoid Analytics,System Architect,HealthTech,Hybrid,22,1625741,47119,121824.0,65254.0,0.0,0,0.0,720,3,49,3,29.0,17.0,75,8,4.27,0
53,Male,Master,Dehradun,Nihilent,Product Manager,FinTech,Contract,31,2028769,90527,14884.0,9585.0,153423.0,3068,0.0181,796,4,59,0,81.0,16.0,50,28,4.01,0
53,Non-binary,Bachelor,Nagpur,Zoho,Senior Data Scientist,EdTech,Full-time,32,2075032,66671,29910.0,30034.0,903000.0,18060,0.1044,806,3,62,3,115.0,5.0,0,20,5.0,1
48,Male,Bachelor,Durgapur,Swiggy,VP Engineering,Manufacturing,Remote,26,1518131,47422,53180.0,12563.0,,0,0.0,664,6,57,0,86.0,11.0,75,5,4.43,1
56,Female,PhD,Jamshedpur,PhonePe,Director of Engineering,Defense,Full-time,35,2256887,92696,316798.0,78097.0,0.0,0,0.0,759,2,75,2,65.0,11.0,0,33,5.0,1
31,Female,Master,Chennai,Quick Heal,AI Researcher,Startup,Contract,11,997603,28879,11012.0,34995.0,,33936,0.4082,590,1,22,3,92.0,3.0,50,5,2.38,0
22,Male,Master,Noida,Accenture India,Lead Engineer,Consulting,Full-time,0,464740,13976,207867.0,32800.0,696415.0,13928,0.3596,509,3,2,0,68.0,0.0,75,6,2.25,0
33,Female,Master,Kochi,TCS,Lead Engineer,E-commerce,Full-time,13,1057114,30753,82821.0,96022.0,134121.0,2682,0.0304,638,1,31,2,64.0,8.0,50,26,3.48,0
31,Male,Master,Tiruchirappalli,Persistent Systems,ML Engineer,Defense,Contract,7,690920,26596,,5603.0,0.0,0,0.0,543,4,19,1,53.0,0.0,50,26,3.23,0
36,Male,Bachelor,Howrah,WNS Global,Mobile Developer,Defense,Remote,16,1190549,29440,14885.0,22828.0,509949.0,10198,0.1028,682,0,36,1,74.0,19.0,75,21,4.35,0
31,Female,Diploma,Gorakhpur,NIIT Technologies,Technical Lead,SaaS,Full-time,7,686850,21558,242624.0,114826.0,565789.0,11315,0.1977,574,2,13,1,64.0,0.0,75,29,2.77,0
53,Female,Master,Kanpur,Robosoft,VP Engineering,Startup,Hybrid,30,1917202,58241,64141.0,13419.0,0.0,0,0.0,771,1,63,0,21.0,14.0,50,27,5.0,1
50,Female,Bachelor,Delhi,Sasken,Director of Engineering,Government,Full-time,29,1963371,49854,15993.0,3001.0,186632.0,3732,0.0228,666,2,56,0,8.0,24.0,100,18,4.74,1
31,Female,PhD,Aurangabad,TCS,Engineering Manager,Banking,Remote,9,971770,34933,9943.0,50954.0,1613224.0,32264,0.3984,637,5,17,5,26.0,13.0,0,19,2.36,0
52,Male,Bachelor,Mysuru,EXL Service,Director of Engineering,Defense,Remote,31,1963025,72145,31008.0,23154.0,0.0,0,0.0,758,2,67,1,39.0,,0,22,5.0,1
32,Male,Bachelor,Mumbai,Razorpay,BI Developer,Defense,Full-time,12,1012578,32964,81351.0,109620.0,0.0,0,0.0,548,3,21,1,30.0,9.0,0,1,3.59,0
31,Male,High School,Lucknow,Datamatics,Backend Developer,SaaS,Contract,11,886244,34361,17166.0,5238.0,0.0,0,0.0,619,4,20,1,10.0,19.0,0,15,3.09,0
33,Male,Master,Cuttack,Syntel India,Scrum Master,Manufacturing,Full-time,10,908321,32864,130878.0,,0.0,0,0.0,560,4,24,2,44.0,23.0,25,37,3.29,0
53,Female,PhD,Ludhiana,Xoriant,Engineering Manager,SaaS,Full-time,30,2075792,50558,56569.0,37166.0,0.0,0,0.0,820,3,62,0,71.0,12.0,0,34,5.0,1
57,Male,Bachelor,Nashik,Ola,Data Analyst,E-commerce,Contract,34,2086672,76079,,5381.0,1999362.0,39987,0.23,719,2,66,3,113.0,17.0,50,11,4.38,0
47,Male,High School,Amritsar,IBM India,Senior Data Scientist,Startup,Full-time,23,1591353,62292,75108.0,15453.0,933998.0,18679,0.1409,681,3,48,1,75.0,3.0,25,4,4.46,0
28,Male,Bachelor,Chennai,Intellect Design,Data Scientist,E-commerce,Full-time,4,459349,14839,96506.0,57299.0,0.0,0,0.0,559,3,8,1,96.0,0.0,75,36,2.89,0
31,Male,Bachelor,Dehradun,Tech Mahindra,Frontend Developer,Consulting,Remote,10,756024,24392,326114.0,27477.0,1718418.0,34368,0.5455,568,2,21,0,67.0,10.0,50,3,2.05,0
43,Female,Bachelor,Vadodara,PhonePe,Mobile Developer,Consulting,Full-time,23,1547794,58876,82265.0,245908.0,331358.0,6627,0.0514,707,0,50,2,99.0,9.0,75,7,4.14,0
53,Male,Bachelor,Bhopal,Accenture India,Principal Engineer,HealthTech,Full-time,32,2002504,71711,,6266.0,516940.0,10338,0.062,808,0,69,0,89.0,18.0,75,0,4.26,0
40,Male,Master,Rajkot,Tech Mahindra,Lead Engineer,Consulting,Contract,18,1234801,38147,45710.0,192702.0,680118.0,13602,0.1322,581,3,34,2,3.0,8.0,75,35,3.69,0
23,Male,Master,Kanpur,Zoho,Business Analyst,Banking,Full-time,0,355750,15560,13139.0,26354.0,0.0,0,0.0,479,2,0,1,20.0,0.0,75,12,2.36,0
50,Male,Master,Mumbai,Wipro,IT Consultant,Startup,Full-time,30,1901546,49003,58890.0,19385.0,0.0,0,0.0,816,0,58,2,62.0,7.0,100,12,4.95,1
31,Male,Diploma,Bareilly,HCL Technologies,QA Engineer,Telecom,Full-time,11,1060259,44192,54307.0,2942.0,163606.0,3272,0.037,563,1,27,0,66.0,23.0,50,36,3.45,0
54,Female,Bachelor,Saharanpur,Birlasoft,Engineering Manager,Consulting,Full-time,34,2179178,80454,359657.0,26872.0,1999738.0,39994,0.2202,848,2,72,2,,21.0,100,38,4.92,1
36,Female,Master,Chennai,Syntel India,Network Engineer,Consulting,Part-time,16,1405984,47145,83335.0,8907.0,1525136.0,30502,0.2603,608,1,31,3,,18.0,100,9,3.39,0
35,Female,High School,Saharanpur,Nagarro India,Lead Engineer,HealthTech,Full-time,13,1010968,29258,194768.0,432329.0,1082393.0,21647,0.2569,585,3,23,4,19.0,17.0,50,7,3.11,0
55,Female,Bachelor,Raipur,Zerodha,System Architect,FinTech,Full-time,34,2142516,58910,102011.0,51562.0,105599.0,2111,0.0118,821,3,69,0,57.0,7.0,0,31,5.0,1
43,Male,Bachelor,Pune,Persistent Systems,Cloud Architect,Manufacturing,Contract,22,1669466,41001,140197.0,,0.0,0,0.0,621,0,45,0,8.0,13.0,50,0,4.35,0
55,Female,PhD,Allahabad,Razorpay,Engineering Manager,FinTech,Contract,31,2134004,50853,89596.0,7984.0,493574.0,9871,0.0555,778,6,63,0,77.0,19.0,0,4,5.0,1
22,Male,Bachelor,Madurai,Firstsource,QA Engineer,Manufacturing,Full-time,0,180000,6440,220104.0,146720.0,0.0,0,0.0,464,1,0,1,110.0,0.0,0,31,2.25,0
32,Female,Bachelor,Bikaner,Hexaware,Business Analyst,Consulting,Full-time,10,778925,32191,20095.0,30223.0,1936933.0,38738,0.5968,614,0,23,2,7.0,,25,22,2.78,0
52,Male,Master,Udaipur,Mphasis,Backend Developer,EdTech,Remote,28,1809735,59584,,26798.0,0.0,0,0.0,801,4,59,2,102.0,18.0,25,21,4.15,0
34,Female,Bachelor,Aligarh,Zensar Technologies,Director of Engineering,Telecom,Hybrid,14,994932,37649,119196.0,7248.0,1236202.0,24724,0.2982,601,5,31,2,48.0,4.0,75,4,3.16,0
50,Male,Bachelor,Mumbai,HCL Technologies,Database Administrator,E-commerce,Hybrid,29,2033316,74302,20636.0,4996.0,981060.0,19621,0.1158,768,3,58,4,78.0,20.0,50,18,3.53,0
33,Female,PhD,Saharanpur,Coda Global,Senior Software Engineer,Defense,Remote,9,952686,42092,173645.0,53210.0,1515891.0,30317,0.3819,591,4,18,3,102.0,21.0,0,25,3.29,0
46,Male,Bachelor,Ujjain,Druva,Data Analyst,Startup,Full-time,22,1600631,71833,,91346.0,0.0,0,0.0,637,2,47,2,80.0,,0,34,4.48,1
33,Male,Master,Akola,Birlasoft,IT Consultant,E-commerce,Contract,10,932673,42417,11008.0,1109.0,0.0,0,0.0,548,6,18,3,29.0,2.0,100,13,2.65,0
51,Male,Bachelor,Madurai,Newgen Software,IT Consultant,E-commerce,Remote,31,1823146,68141,250124.0,2967.0,836262.0,16725,0.1101,749,3,67,0,44.0,,0,20,5.0,1
48,Male,PhD,Kochi,Freshworks,Backend Developer,FinTech,Full-time,25,1823970,81837,34778.0,65106.0,1672422.0,33448,0.2201,701,3,50,2,82.0,12.0,25,29,5.0,1
26,Female,Diploma,Dhanbad,Accenture India,DevOps Engineer,E-commerce,Contract,4,464537,14870,,91514.0,611041.0,12220,0.3157,585,2,6,2,89.0,0.0,100,4,2.93,0
41,Female,Master,Firozabad,Unacademy,ETL Developer,Telecom,Full-time,21,1659721,49339,74668.0,3200.0,0.0,0,0.0,605,6,39,4,92.0,2.0,50,29,3.92,0
38,Male,Bachelor,Akola,Robosoft,Project Manager,EdTech,Full-time,14,1044772,43356,,22341.0,663333.0,13266,0.1524,628,4,28,1,28.0,23.0,50,14,3.94,0
39,Male,Bachelor,Rajkot,Robosoft,Director of Engineering,SaaS,Full-time,18,1331139,51315,18380.0,253.0,876147.0,17522,0.158,616,2,40,2,14.0,21.0,0,36,4.88,1
45,Male,High School,Jamnagar,Unacademy,Backend Developer,Startup,Full-time,25,1615671,40265,501760.0,95217.0,629887.0,12597,0.0936,699,3,52,2,73.0,20.0,100,34,4.26,0
38,Female,Bachelor,Hubballi,Zomato,Database Administrator,Consulting,Full-time,16,1183492,44942,112290.0,24440.0,1634883.0,32697,0.3315,602,5,35,2,62.0,8.0,100,23,3.35,0
40,Male,Bachelor,Kalyan,L&T Infotech,Director of Engineering,Defense,Full-time,19,1314129,42022,244819.0,91868.0,0.0,0,0.0,681,2,39,3,33.0,5.0,0,3,2.79,0
36,Male,PhD,Kochi,TCS,Data Scientist,Banking,Full-time,12,1020699,30009,58693.0,145747.0,0.0,0,0.0,580,2,27,3,29.0,9.0,25,2,3.48,0
23,Female,PhD,Jalandhar,Newgen Software,Project Manager,Manufacturing,Contract,3,612303,19040,6812.0,56888.0,1556437.0,31128,0.61,467,4,5,0,79.0,0.0,0,34,1.99,0
22,Female,Bachelor,Coimbatore,KPIT Technologies,Mobile Developer,Consulting,Full-time,0,405415,11796,116367.0,35318.0,583810.0,11676,0.3456,439,3,5,1,19.0,0.0,75,7,1.99,0
39,Male,Bachelor,Bhopal,HCL Technologies,ETL Developer,E-commerce,Full-time,16,1083619,42610,458479.0,104127.0,1054644.0,21092,0.2336,631,1,30,2,119.0,2.0,75,24,3.79,0
24,Female,Bachelor,Varanasi,Coforge,Network Engineer,SaaS,Full-time,2,271217,11775,141359.0,,1421475.0,28429,1.2578,458,2,2,1,84.0,0.0,50,25,1.0,0
50,Male,Bachelor,Jabalpur,EXL Service,Business Analyst,SaaS,Full-time,29,1788784,48825,1884180.0,68776.0,1386659.0,27733,0.186,848,4,58,1,46.0,11.0,50,17,5.0,1
48,Male,Master,Moradabad,Sasken,Security Analyst,Startup,Contract,28,1877981,57417,4969.0,7982.0,1748278.0,34965,0.2234,758,3,53,0,6.0,19.0,100,15,4.16,1
54,Male,Bachelor,Rajkot,Swiggy,Backend Developer,HealthTech,Full-time,31,2008530,79173,64131.0,33347.0,920368.0,18407,0.11,674,3,63,1,3.0,22.0,0,14,4.61,1
54,Male,Diploma,Noida,Mphasis,Data Analyst,Banking,Full-time,33,2016168,83851,25908.0,26765.0,1570451.0,31409,0.1869,777,1,64,3,,9.0,75,24,4.73,0
40,Female,Master,Jhansi,Sigmoid Analytics,VP Engineering,Telecom,Full-time,16,1297606,30982,,33003.0,1560287.0,31205,0.2886,682,0,36,1,46.0,7.0,100,35,3.6,0
38,Female,Bachelor,Moradabad,Coforge,Solutions Architect,EdTech,Full-time,16,1269120,37401,38207.0,32331.0,,0,0.0,694,3,33,4,76.0,17.0,0,37,4.58,1
33,Male,Bachelor,Kolhapur,Datamatics,Cloud Architect,Telecom,Full-time,10,826793,25333,123506.0,36930.0,0.0,0,0.0,594,2,22,1,88.0,6.0,75,32,2.83,0
51,Female,PhD,Jaipur,GlobalLogic,Network Engineer,FinTech,Full-time,27,1847488,54970,142126.0,10259.0,0.0,0,0.0,655,2,54,4,36.0,15.0,25,35,4.23,1
32,Female,Master,Ajmer,Chargebee,Network Engineer,Banking,Remote,11,910012,29241,141430.0,14502.0,328210.0,6564,0.0866,535,1,25,1,45.0,23.0,50,8,3.88,0
52,Female,Bachelor,Kochi,Unacademy,Data Scientist,Banking,Full-time,31,2117002,95915,75805.0,6297.0,0.0,0,0.0,733,1,62,1,104.0,,75,13,5.0,1
29,Female,PhD,Kolkata,Net Solutions,Lead Engineer,EdTech,Part-time,9,945346,41683,153809.0,6639.0,637159.0,12743,0.1618,615,2,16,7,1.0,19.0,0,33,4.1,0
33,Female,Bachelor,Ujjain,Nagarro India,Senior Data Scientist,Government,Full-time,9,909313,29938,81521.0,89203.0,822949.0,16458,0.2172,648,1,15,0,114.0,5.0,50,27,2.88,0
42,Male,Diploma,Aligarh,Capgemini India,Product Manager,Consulting,Full-time,20,1353946,46071,14232.0,1327.0,156078.0,3121,0.0277,623,1,41,1,105.0,,25,7,3.79,1
22,Female,Bachelor,Udaipur,Razorpay,IT Consultant,Government,Full-time,0,237854,6873,43573.0,150198.0,555676.0,11113,0.5607,573,2,0,7,81.0,0.0,100,11,2.01,0
43,Non-binary,Bachelor,Amritsar,Mphasis,Principal Engineer,Consulting,Hybrid,21,1433578,38996,34423.0,24511.0,0.0,0,0.0,601,0,43,0,56.0,17.0,75,29,4.36,0
49,Male,Bachelor,Madurai,Zerodha,Data Scientist,Consulting,Contract,27,1724730,63678,39172.0,24402.0,772465.0,15449,0.1075,680,4,56,2,67.0,4.0,75,3,4.44,0
56,Male,PhD,Bhilai,Nucleus Software,Database Administrator,Defense,Remote,34,2289445,56644,13384.0,,0.0,0,0.0,826,0,72,2,34.0,20.0,50,14,5.0,1
55,Male,Bachelor,Salem,Mindtree,Test Automation Engineer,Telecom,Full-time,35,2231686,92497,,136555.0,0.0,0,0.0,840,2,70,2,38.0,13.0,0,32,5.0,1
48,Female,Master,Kanpur,TCS,Senior Software Engineer,FinTech,Contract,27,1801071,56867,3520.0,76178.0,,26746,0.1782,787,1,51,1,119.0,11.0,50,25,5.0,1
31,Non-binary,Diploma,Coimbatore,Coda Global,Senior Data Scientist,FinTech,Full-time,11,788004,24134,36752.0,414151.0,1077966.0,21559,0.3283,588,3,27,2,22.0,9.0,50,29,2.22,0
29,Male,PhD,Indore,InMobi,Network Engineer,FinTech,Full-time,7,779445,28718,75078.0,12008.0,0.0,0,0.0,628,1,18,2,,0.0,75,9,4.25,0
26,Male,High School,Chennai,Tata Elxsi,Cloud Architect,Manufacturing,Full-time,6,755573,30541,409255.0,16569.0,0.0,0,0.0,553,0,13,0,63.0,0.0,100,19,2.63,0
46,Male,Diploma,Bhubaneswar,Datavail Infotech,Scrum Master,Banking,Full-time,26,1714276,75720,107276.0,,1987615.0,39752,0.2783,649,5,50,1,,10.0,50,20,4.43,0
28,Male,Diploma,Mangalore,Unacademy,IT Consultant,Government,Remote,7,487013,14275,31372.0,30532.0,1056480.0,21129,0.5206,601,3,12,4,97.0,0.0,25,23,3.01,0
52,Female,PhD,Loni,Wipro,ML Engineer,Banking,Part-time,30,2069889,65247,1098868.0,3709.0,0.0,0,0.0,816,3,64,1,95.0,16.0,50,1,5.0,1
51,Male,Master,Jalgaon,Apexon,BI Developer,EdTech,Hybrid,28,2126482,95077,40907.0,11209.0,678092.0,13561,0.0765,797,2,56,1,82.0,4.0,100,34,5.0,1
22,Male,Bachelor,Moradabad,Mastek,Product Manager,Startup,Full-time,0,369958,14438,120123.0,54413.0,1862370.0,37247,1.2081,466,1,5,1,60.0,0.0,100,23,1.0,0
47,Male,PhD,Nashik,BrowserStack,Full Stack Developer,Banking,Contract,27,1967979,69269,89292.0,7624.0,204563.0,4091,0.0249,644,4,55,1,53.0,22.0,75,16,4.9,1
43,Female,Master,Nellore,TCS,Project Manager,Government,Full-time,23,1741531,58045,13479.0,34567.0,0.0,0,0.0,639,1,49,5,67.0,7.0,50,34,4.58,1
31,Female,High School,Howrah,Unacademy,Technical Lead,FinTech,Contract,10,805841,26816,17082.0,32696.0,1233710.0,24674,0.3674,503,0,20,3,8.0,8.0,0,24,3.17,0
50,Male,Master,Gorakhpur,TCS,Full Stack Developer,HealthTech,Contract,26,1718911,55175,16046.0,94156.0,0.0,0,0.0,766,2,56,1,20.0,22.0,25,15,4.95,1
48,Male,Bachelor,Gwalior,CRED,ETL Developer,HealthTech,Full-time,28,1982749,70542,12776.0,80226.0,789274.0,15785,0.0955,647,4,55,2,74.0,15.0,50,20,5.0,1
34,Male,Master,Tiruchirappalli,Mphasis,Software Engineer,Startup,Full-time,11,781062,23343,186322.0,24247.0,1350595.0,27011,0.415,535,2,21,2,,,0,16,2.92,0
27,Female,PhD,Moradabad,Zensar Technologies,Technical Lead,Startup,Full-time,4,470887,11388,23388.0,1021.0,1682839.0,33656,0.8577,552,0,7,1,75.0,0.0,75,7,1.33,0
24,Male,Master,Srinagar,CleverTap,BI Developer,Telecom,Full-time,3,641993,20694,13098.0,442.0,1930473.0,38609,0.7217,498,1,10,1,59.0,0.0,50,11,2.13,0
52,Female,Master,Loni,Uniphore,VP Engineering,EdTech,Full-time,32,2223357,91187,60068.0,3927.0,977930.0,19558,0.1056,787,1,69,2,75.0,,50,29,4.91,1
25,Male,Bachelor,Pune,Capgemini India,IT Consultant,SaaS,Remote,5,537233,24468,106442.0,15666.0,0.0,0,0.0,551,1,10,1,56.0,0.0,75,36,3.85,0
41,Male,Bachelor,Jodhpur,BrowserStack,Cloud Architect,SaaS,Remote,17,1021685,29800,,38583.0,862066.0,17241,0.2025,611,3,36,6,76.0,16.0,75,6,3.23,0
39,Male,Master,Gurgaon,CleverTap,Engineering Manager,Defense,Hybrid,18,1444496,40220,23004.0,12731.0,0.0,0,0.0,650,1,37,1,111.0,24.0,100,34,3.75,0
31,Female,Bachelor,Thiruvananthapuram,Uniphore,Technical Lead,Startup,Remote,9,768987,29583,139059.0,11832.0,753270.0,15065,0.2351,639,7,23,2,83.0,19.0,0,26,3.09,0
31,Male,Master,Guntur,TCS,Product Manager,Government,Full-time,10,847137,22548,11125.0,233965.0,941952.0,18839,0.2669,600,3,21,0,41.0,24.0,100,9,3.13,0
40,Male,Diploma,Raipur,EXL Service,Senior Software Engineer,SaaS,Contract,16,1197601,38331,25884.0,8345.0,0.0,0,0.0,568,2,30,2,17.0,22.0,75,34,3.84,0
32,Female,Bachelor,Navi Mumbai,CleverTap,Engineering Manager,Telecom,Contract,11,1082459,29078,174909.0,199227.0,0.0,0,0.0,529,2,22,0,67.0,16.0,0,28,3.0,0
25,Male,Bachelor,Chennai,Groww,Data Analyst,HealthTech,Remote,3,540924,15146,52549.0,31633.0,0.0,0,0.0,521,3,5,2,42.0,0.0,50,2,3.26,0
43,Female,Bachelor,Rajkot,CRED,Database Administrator,Banking,Full-time,19,1279074,46914,6444.0,94284.0,76600.0,1532,0.0144,622,5,41,2,113.0,23.0,75,4,3.87,0
40,Female,Master,Kochi,Wipro,Database Administrator,Telecom,Full-time,17,1309184,53405,47291.0,177254.0,1568041.0,31360,0.2874,567,2,35,1,0.0,13.0,0,26,3.52,0
34,Female,Master,Navi Mumbai,Kellton Tech,Lead Engineer,Government,Full-time,13,1055104,37922,133521.0,40149.0,0.0,0,0.0,634,6,31,3,42.0,8.0,100,38,4.04,0
47,Non-binary,High School,Dehradun,eClerx,IT Consultant,Government,Contract,23,1693806,46743,42464.0,518223.0,1985156.0,39703,0.2813,631,4,50,3,20.0,8.0,25,3,4.53,0
56,Female,Master,Tiruchirappalli,Capgemini India,VP Engineering,Telecom,Remote,33,2139610,58997,22973.0,85406.0,703828.0,14076,0.0789,746,2,65,1,82.0,,25,20,5.0,1
35,Male,Master,Guwahati,Druva,Senior Software Engineer,EdTech,Remote,11,897932,29709,42175.0,7939.0,1143046.0,22860,0.3055,642,2,20,0,7.0,3.0,50,24,2.95,0
29,Female,Master,Kochi,KPIT Technologies,ML Engineer,Government,Full-time,7,617509,22518,635873.0,,0.0,0,0.0,616,1,11,0,102.0,0.0,100,21,3.78,0
53,Female,Bachelor,Amravati,InMobi,QA Engineer,EdTech,Contract,32,1984671,75289,55058.0,44519.0,850302.0,17006,0.1028,819,3,65,3,98.0,10.0,0,13,5.0,1
26,Female,Bachelor,Nashik,Zerodha,Senior Data Scientist,Manufacturing,Full-time,5,608263,19282,,1850.0,1339701.0,26794,0.5286,576,0,14,1,44.0,0.0,50,11,2.09,0
31,Male,PhD,Hyderabad,NIIT Technologies,Backend Developer,Consulting,Remote,11,1119002,31352,5425.0,1888.0,1585733.0,31714,0.3401,635,1,22,3,104.0,,100,33,3.17,0
31,Male,PhD,Madurai,Datamatics,Data Analyst,EdTech,Remote,8,818671,22114,186478.0,,0.0,0,0.0,494,1,20,2,72.0,15.0,100,1,2.75,0
26,Female,Master,Gorakhpur,Datavail Infotech,Solutions Architect,Startup,Remote,4,628735,26797,256799.0,2942.0,1673436.0,33468,0.6388,534,2,7,0,,0.0,100,35,1.88,0
25,Male,PhD,Nellore,Nihilent,Test Automation Engineer,Consulting,Contract,4,762259,21934,7248.0,,1068343.0,21366,0.3364,526,1,12,1,33.0,0.0,100,17,2.25,0
26,Female,Bachelor,Gwalior,Tech Mahindra,Senior Software Engineer,Startup,Contract,4,466025,13840,58942.0,3024.0,1437838.0,28756,0.7405,489,6,10,3,,0.0,0,8,2.2,0
30,Male,Bachelor,Ludhiana,Intellect Design,Principal Engineer,Defense,Hybrid,6,447572,15024,32169.0,8684.0,308301.0,6166,0.1653,488,5,15,1,78.0,0.0,0,15,2.59,0
42,Male,Master,Jabalpur,Intellect Design,Mobile Developer,Banking,Remote,20,1431655,47832,43377.0,3428.0,136040.0,2720,0.0228,678,2,44,0,53.0,13.0,100,16,3.86,0
29,Non-binary,Bachelor,Bhavnagar,Birlasoft,Engineering Manager,FinTech,Full-time,9,797184,23516,91759.0,77168.0,282276.0,5645,0.085,626,4,21,1,43.0,20.0,50,9,4.38,0
53,Male,Bachelor,Meerut,Swiggy,VP Engineering,HealthTech,Full-time,30,2029595,57865,1756439.0,21210.0,0.0,0,0.0,807,2,63,2,30.0,3.0,50,38,4.87,1
39,Male,Diploma,Chandigarh,Sigmoid Analytics,Scrum Master,Banking,Full-time,18,1241176,41374,428334.0,52397.0,1584607.0,31692,0.3064,671,0,33,1,108.0,14.0,100,16,3.86,0
27,Male,PhD,Jamshedpur,L&T Infotech,Backend Developer,Banking,Full-time,6,778357,23792,69986.0,5594.0,1352097.0,27041,0.4169,560,5,14,1,62.0,0.0,0,9,2.52,0
52,Female,Bachelor,Bikaner,Zerodha,Data Scientist,Consulting,Full-time,28,1810171,74923,38321.0,19057.0,1896501.0,37930,0.2514,650,2,53,2,94.0,23.0,50,24,4.8,1
29,Male,Bachelor,Mangalore,Datavail Infotech,Senior Data Scientist,Consulting,Contract,7,614116,23682,,21144.0,0.0,0,0.0,495,1,12,0,72.0,,100,29,2.78,0
33,Male,PhD,Hubballi,TCS,ML Engineer,HealthTech,Full-time,13,1218399,39305,85169.0,8278.0,1859239.0,37184,0.3662,635,0,30,2,47.0,13.0,75,5,2.72,0
33,Female,Master,Bikaner,Birlasoft,BI Developer,Manufacturing,Contract,12,1067557,45083,16708.0,8134.0,1947385.0,38947,0.4378,534,3,26,3,82.0,12.0,25,27,2.82,0
50,Female,High School,Loni,Swiggy,Test Automation Engineer,Consulting,Full-time,26,1634506,47670,220390.0,212072.0,,24619,0.1807,780,5,53,1,1.0,5.0,25,22,4.6,0
51,Male,Bachelor,Jabalpur,Xoriant,ML Engineer,HealthTech,Full-time,29,2026947,78370,95518.0,5666.0,0.0,0,0.0,798,1,56,2,104.0,4.0,0,30,5.0,1
52,Male,Diploma,Hubballi,PhonePe,Cloud Architect,Startup,Full-time,29,1796195,50707,2078241.0,,427567.0,8551,0.0571,750,2,59,1,60.0,7.0,50,20,5.0,0
25,Male,Bachelor,Madurai,EXL Service,QA Engineer,Telecom,Full-time,3,524201,15162,84420.0,182566.0,271198.0,5423,0.1241,502,2,5,2,,0.0,100,36,1.9,0
57,Male,Bachelor,Amravati,Sasken,Solutions Architect,Telecom,Contract,33,2006651,72421,46772.0,29328.0,1037324.0,20746,0.1241,758,1,71,2,117.0,7.0,50,11,4.46,0
50,Male,Bachelor,Aurangabad,Birlasoft,Project Manager,Manufacturing,Full-time,26,1854458,67869,67696.0,120958.0,0.0,0,0.0,746,3,51,1,8.0,20.0,75,16,4.5,0
52,Female,PhD,Kota,Mindtree,Scrum Master,Defense,Contract,30,2119617,58222,144278.0,99558.0,,8450,0.0478,778,2,57,2,107.0,9.0,0,7,4.42,0
39,Male,Bachelor,Madurai,PhonePe,Director of Engineering,HealthTech,Contract,15,1125028,43936,118365.0,36862.0,798254.0,15965,0.1703,667,3,34,0,104.0,12.0,100,33,3.56,0
37,Female,Master,Bhavnagar,Trigent,Technical Lead,Defense,Full-time,14,1113874,50864,11354.0,,1631517.0,32630,0.3515,570,2,33,2,46.0,14.0,50,9,2.68,0
34,Male,Master,Hyderabad,Postman,BI Developer,Manufacturing,Full-time,12,1074046,38170,87629.0,15280.0,0.0,0,0.0,602,3,24,2,36.0,9.0,0,38,4.4,0
33,Male,Master,Kanpur,Subex,Backend Developer,E-commerce,Full-time,11,939652,36648,26260.0,15677.0,0.0,0,0.0,640,6,21,1,108.0,18.0,50,32,2.81,0
36,Male,Bachelor,Ludhiana,CRED,Database Administrator,Consulting,Full-time,14,993481,34695,50617.0,4105.0,134838.0,2696,0.0326,672,3,31,2,99.0,19.0,25,5,4.09,0
34,Male,Bachelor,Kochi,PhonePe,IT Consultant,EdTech,Full-time,12,1016687,40307,92637.0,2054.0,0.0,0,0.0,559,2,29,4,23.0,6.0,25,38,3.29,0
32,Female,PhD,Durgapur,Vedantu,Database Administrator,Government,Full-time,9,797885,33396,87838.0,2404.0,0.0,0,0.0,538,3,15,6,59.0,7.0,75,25,2.79,0
29,Male,PhD,Guntur,GlobalLogic,Database Administrator,Defense,Full-time,8,1002207,29515,117963.0,13149.0,402204.0,8044,0.0963,561,2,14,1,19.0,13.0,0,2,2.78,0
50,Female,Bachelor,Srinagar,Net Solutions,Data Scientist,Startup,Full-time,27,1817965,79919,30273.0,1422.0,0.0,0,0.0,660,2,54,3,,6.0,100,2,4.77,1
32,Male,Bachelor,Cuttack,Byju s,Backend Developer,Consulting,Full-time,10,657675,18788,52719.0,20308.0,0.0,0,0.0,620,2,18,4,75.0,14.0,0,18,4.0,0
36,Female,Master,Guwahati,Cybage,QA Engineer,Government,Remote,14,1172999,38125,109019.0,,,3190,0.0326,614,3,26,1,36.0,,75,8,3.96,0
24,Male,PhD,Meerut,Sigmoid Analytics,VP Engineering,Telecom,Full-time,2,614914,19731,36872.0,10449.0,0.0,0,0.0,586,3,9,7,93.0,0.0,0,11,3.07,0
25,Male,Master,Delhi,Zoho,Senior Data Scientist,Startup,Full-time,5,529411,21772,19304.0,132007.0,0.0,0,0.0,472,1,14,3,22.0,0.0,100,20,2.43,0
25,Male,High School,Meerut,eClerx,System Architect,Government,Full-time,2,381032,11310,275701.0,9281.0,0.0,0,0.0,558,2,1,0,78.0,0.0,50,3,2.91,0
46,Male,Bachelor,Aurangabad,BrowserStack,ML Engineer,Defense,Hybrid,23,1515477,68949,982912.0,14992.0,0.0,0,0.0,737,5,51,1,,11.0,75,4,4.84,1
38,Male,Bachelor,Noida,Apexon,DevOps Engineer,Telecom,Full-time,15,1285724,53254,,46163.0,1674881.0,33497,0.3126,554,3,28,2,112.0,5.0,0,12,3.28,0
27,Male,Diploma,Jalandhar,Groww,Project Manager,HealthTech,Full-time,4,738393,29007,58666.0,8083.0,0.0,0,0.0,578,3,8,3,90.0,0.0,50,10,3.32,0
40,Male,Bachelor,Allahabad,ThoughtWorks India,ETL Developer,Manufacturing,Remote,18,1133500,38719,29006.0,34325.0,1808921.0,36178,0.383,635,4,38,0,71.0,12.0,50,38,3.41,0
50,Male,Diploma,Bhavnagar,Newgen Software,AI Researcher,Telecom,Contract,26,1775399,56679,47453.0,13222.0,648346.0,12966,0.0876,693,1,50,2,72.0,14.0,75,0,3.71,0
48,Female,PhD,Agra,PhonePe,Scrum Master,Government,Full-time,27,2036161,68790,5894.0,20440.0,1473732.0,29474,0.1737,721,3,54,1,106.0,18.0,100,23,4.53,1
22,Female,Bachelor,Rajkot,IBM India,Senior Software Engineer,E-commerce,Hybrid,1,429826,11676,50090.0,13865.0,120541.0,2410,0.0673,540,4,0,1,3.0,0.0,75,36,2.97,0
44,Female,PhD,Chandigarh,ThoughtWorks India,ETL Developer,Banking,Full-time,23,1776791,60474,116655.0,15742.0,1487786.0,29755,0.201,673,1,44,1,,10.0,0,27,4.52,0
39,Female,Bachelor,Jamshedpur,Groww,Senior Software Engineer,Consulting,Part-time,17,1168936,45917,36062.0,32851.0,1428114.0,28562,0.2932,616,3,32,0,25.0,20.0,0,20,3.18,0
22,Male,PhD,Chennai,Nagarro India,Engineering Manager,Consulting,Contract,2,645071,28318,196224.0,7481.0,1176296.0,23525,0.4376,529,3,6,2,87.0,0.0,0,19,1.93,0
26,Female,High School,Kalyan,Cyient DLM,QA Engineer,Consulting,Full-time,6,607375,22014,3149.0,101757.0,1628612.0,32572,0.6435,551,2,12,0,34.0,0.0,0,30,2.11,0
56,Male,Bachelor,Bhilai,EXL Service,Technical Lead,HealthTech,Full-time,33,2214829,68563,38305.0,9961.0,0.0,0,0.0,761,1,68,1,36.0,8.0,50,27,5.0,1
44,Female,PhD,Amravati,Mastek,Project Manager,Startup,Full-time,23,1642711,70713,40934.0,26614.0,266491.0,5329,0.0389,649,2,45,1,51.0,7.0,50,2,3.73,0
56,Female,High School,Kolkata,IBM India,Data Analyst,Telecom,Hybrid,35,2217793,74314,40303.0,22642.0,,12251,0.0663,796,3,73,1,35.0,6.0,0,8,5.0,0
44,Female,Bachelor,Dehradun,Cyient DLM,Scrum Master,Defense,Full-time,20,1344409,34239,714595.0,44581.0,1651812.0,33036,0.2949,663,5,39,3,47.0,,75,9,3.82,0
36,Male,Diploma,Kolkata,Firstsource,Engineering Manager,Defense,Contract,16,1179781,44166,10917.0,281255.0,0.0,0,0.0,654,4,33,0,6.0,17.0,75,5,4.43,1
43,Male,Bachelor,Noida,Coforge,Principal Engineer,Banking,Full-time,20,1349705,56434,85852.0,4691.0,1634885.0,32697,0.2907,717,2,43,0,98.0,18.0,100,31,4.42,0
24,Male,Bachelor,Saharanpur,Net Solutions,Data Scientist,Defense,Contract,0,282376,11998,15930.0,2074.0,578141.0,11562,0.4913,431,2,0,2,28.0,0.0,75,15,2.0,0
47,Male,Diploma,Delhi,eClerx,Frontend Developer,HealthTech,Full-time,27,1640341,44454,49195.0,27376.0,695191.0,13903,0.1017,782,4,59,0,2.0,,75,13,4.82,1
52,Female,Master,Loni,Freshworks,IT Consultant,Defense,Full-time,30,2014108,79042,326432.0,2909.0,213886.0,4277,0.0255,736,5,57,1,16.0,7.0,75,28,4.91,1
24,Female,Bachelor,Nagpur,Hexaware,Project Manager,Banking,Full-time,0,307396,13456,2061.0,82069.0,,20477,0.7994,437,1,4,1,18.0,0.0,75,23,1.0,0
38,Male,Bachelor,Bangalore,KPIT Technologies,Technical Lead,Startup,Full-time,17,1319564,45079,141006.0,43250.0,0.0,0,0.0,676,6,36,1,62.0,13.0,50,2,3.97,0
50,Female,Bachelor,Dhanbad,eClerx,Software Engineer,EdTech,Full-time,26,1748665,74182,16817.0,10505.0,0.0,0,0.0,774,2,56,1,27.0,4.0,75,4,4.51,0
51,Male,PhD,Chandigarh,Trigent,Principal Engineer,Startup,Full-time,28,2077754,79498,158427.0,15638.0,341839.0,6836,0.0395,748,5,54,0,,5.0,0,20,4.88,1
41,Female,Diploma,Cuttack,Razorpay,IT Consultant,Defense,Remote,17,1013178,37895,169918.0,53243.0,0.0,0,0.0,606,0,31,0,20.0,11.0,100,29,4.42,0
31,Female,Diploma,Malegaon,CRED,ETL Developer,Manufacturing,Contract,8,729725,18455,7537.0,40437.0,999817.0,19996,0.3288,608,3,21,0,78.0,,100,27,3.44,0
23,Male,Bachelor,Chandigarh,Uniphore,AI Researcher,SaaS,Full-time,0,217992,9559,73675.0,45690.0,,14696,0.809,550,4,3,3,55.0,0.0,75,21,1.72,0
26,Female,Bachelor,Cuttack,Tech Mahindra,ML Engineer,SaaS,Full-time,3,708528,26752,79658.0,305328.0,1694864.0,33897,0.5741,572,0,3,2,17.0,0.0,25,24,1.86,0
40,Male,Diploma,Aurangabad,Newgen Software,Cloud Architect,HealthTech,Full-time,18,1320381,43812,45817.0,24672.0,1533043.0,30660,0.2786,667,1,39,2,119.0,9.0,75,14,3.66,0
28,Male,Master,Dehradun,Chargebee,Cloud Architect,Banking,Full-time,5,722263,25411,26106.0,144892.0,1468529.0,29370,0.488,615,6,15,0,89.0,0.0,100,24,1.98,0
31,Female,Bachelor,Jhansi,Publicis Sapient,Test Automation Engineer,Startup,Full-time,11,892490,29561,225748.0,,1363050.0,27261,0.3665,551,3,24,3,40.0,12.0,50,30,3.23,0
50,Male,Master,Chandigarh,Cyient,Project Manager,HealthTech,Hybrid,27,1865517,76032,103076.0,19397.0,371105.0,7422,0.0477,722,2,58,1,80.0,8.0,25,16,5.0,1
49,Female,Bachelor,Kochi,Ola,VP Engineering,Telecom,Full-time,27,1653742,53863,99238.0,8858.0,1362229.0,27244,0.1977,767,2,55,3,12.0,6.0,50,0,5.0,0
50,Female,Master,Srinagar,Chargebee,Network Engineer,Government,Full-time,26,1797474,78831,133880.0,,689440.0,13788,0.092,723,1,57,1,48.0,19.0,0,31,4.24,0
52,Female,Bachelor,Noida,Quick Heal,Business Analyst,Telecom,Full-time,30,1861732,57672,174746.0,26320.0,341227.0,6824,0.044,764,4,60,3,35.0,14.0,100,36,4.72,1
45,Male,Bachelor,Nellore,eClerx,Scrum Master,FinTech,Contract,22,1505223,51925,882231.0,,1044478.0,20889,0.1665,738,3,43,0,30.0,13.0,25,39,4.64,1
51,Female,Bachelor,Srinagar,Intellect Design,BI Developer,Government,Hybrid,29,1860939,58369,34550.0,12205.0,1551121.0,31022,0.2,754,5,59,3,2.0,20.0,75,34,4.15,0
27,Male,Bachelor,Gorakhpur,Postman,VP Engineering,Telecom,Contract,3,507056,13141,84007.0,146479.0,0.0,0,0.0,541,4,8,2,99.0,0.0,100,12,3.1,0
24,Non-binary,Master,Asansol,Genpact,Backend Developer,E-commerce,Remote,1,441630,18048,117401.0,2660.0,0.0,0,0.0,511,3,6,2,46.0,0.0,50,23,2.82,0
30,Female,Bachelor,Kanpur,Genpact,System Architect,FinTech,Contract,6,716677,27092,33292.0,47681.0,616847.0,12336,0.2066,625,3,10,2,98.0,0.0,75,38,3.48,0
30,Non-binary,Diploma,Vijayawada,Birlasoft,Project Manager,Banking,Hybrid,8,583919,20062,143505.0,43716.0,0.0,0,0.0,545,6,15,3,95.0,12.0,50,31,2.8,0
36,Non-binary,Master,Noida,InMobi,Principal Engineer,Telecom,Remote,16,1104831,35532,10715.0,10803.0,1769648.0,35392,0.3844,635,4,34,3,34.0,19.0,100,3,3.86,0
40,Non-binary,Bachelor,Varanasi,Postman,Lead Engineer,Government,Contract,17,1229635,54916,61165.0,10341.0,0.0,0,0.0,573,1,32,2,47.0,15.0,50,18,3.58,0
47,Male,Bachelor,Vadodara,Sasken,Network Engineer,E-commerce,Full-time,26,1699226,43809,51689.0,454687.0,692265.0,13845,0.0978,640,8,53,2,89.0,18.0,0,26,4.25,0
54,Female,Master,Jhansi,Meesho,Business Analyst,HealthTech,Full-time,30,1931106,85231,219944.0,,496128.0,9922,0.0617,691,1,57,3,8.0,17.0,100,19,4.58,1
55,Male,Bachelor,Amritsar,Mindtree,Database Administrator,Government,Full-time,33,2165060,70515,17294.0,4195.0,0.0,0,0.0,838,1,64,1,90.0,24.0,75,19,5.0,1
26,Female,Bachelor,Cuttack,Subex,Business Analyst,EdTech,Full-time,6,644752,21607,7896.0,39263.0,1899063.0,37981,0.7069,515,1,17,3,20.0,,0,28,2.49,0
39,Male,Bachelor,Kolhapur,Firstsource,Solutions Architect,Telecom,Contract,18,1245099,39143,41551.0,53710.0,0.0,0,0.0,699,1,37,4,31.0,19.0,75,34,4.62,1
46,Male,Bachelor,Surat,CleverTap,Product Manager,Banking,Full-time,22,1422983,57572,223082.0,12139.0,1745662.0,34913,0.2944,631,4,44,4,31.0,,25,19,3.54,0
47,Male,Bachelor,Srinagar,L&T Infotech,Frontend Developer,Telecom,Part-time,26,1817621,54780,77246.0,76981.0,0.0,0,0.0,632,5,56,3,61.0,,50,9,3.96,0
39,Female,Bachelor,Ranchi,Wipro,Data Scientist,FinTech,Remote,18,1236250,55892,52329.0,726.0,385871.0,7717,0.0749,604,4,37,0,73.0,21.0,50,7,3.87,0
52,Female,Bachelor,Dhanbad,Coforge,Solutions Architect,Consulting,Full-time,29,1677407,74449,356440.0,76228.0,0.0,0,0.0,814,3,56,1,71.0,20.0,25,6,4.73,1
52,Female,Bachelor,Allahabad,Byju s,ETL Developer,FinTech,Full-time,29,1864719,45304,218825.0,,0.0,0,0.0,753,2,58,2,75.0,17.0,75,15,5.0,1
22,Female,Bachelor,Rajkot,Unacademy,Product Manager,EdTech,Contract,0,180000,4714,68262.0,71196.0,1901634.0,38032,2.5355,500,3,5,6,9.0,0.0,50,14,1.0,0
43,Male,Bachelor,Amritsar,Trigent,VP Engineering,Banking,Full-time,21,1416281,33681,30741.0,22796.0,0.0,0,0.0,747,2,42,1,69.0,8.0,100,22,5.0,1
37,Female,Diploma,Jaipur,HCL Technologies,Lead Engineer,Government,Full-time,14,1043881,29272,115197.0,7828.0,1138000.0,22760,0.2616,629,1,26,0,,12.0,100,17,2.66,0
32,Male,Master,Aurangabad,Hexaware,System Architect,Startup,Contract,11,915778,25638,97082.0,25650.0,1588371.0,31767,0.4163,559,1,19,0,104.0,5.0,25,35,2.32,0
27,Female,PhD,Srinagar,Publicis Sapient,DevOps Engineer,EdTech,Full-time,5,650444,25159,16192.0,26387.0,1607904.0,32158,0.5933,461,1,13,1,88.0,0.0,25,12,2.46,0
31,Female,Master,Kanpur,Tata Elxsi,Project Manager,E-commerce,Full-time,10,936013,27965,726534.0,64408.0,155715.0,3114,0.0399,568,3,23,1,98.0,21.0,75,8,3.71,0
40,Male,Master,Bhiwandi,Sasken,ML Engineer,SaaS,Full-time,19,1361138,39791,26184.0,12685.0,582807.0,11656,0.1028,726,1,42,1,10.0,4.0,75,33,4.65,0
41,Female,PhD,Mysuru,Mindtree,Database Administrator,HealthTech,Contract,19,1381837,63212,27397.0,4087.0,1695074.0,33901,0.2944,672,3,42,0,68.0,23.0,50,17,3.6,0
23,Female,Bachelor,Jamnagar,BrowserStack,Full Stack Developer,Startup,Full-time,2,558458,19665,23507.0,13151.0,678933.0,13578,0.2918,591,5,1,0,47.0,0.0,25,3,2.36,0
57,Female,Bachelor,Mumbai,Accenture India,Frontend Developer,EdTech,Full-time,33,2097785,69976,67556.0,5354.0,911487.0,18229,0.1043,710,1,65,1,71.0,2.0,25,15,4.87,1
51,Non-binary,Diploma,Coimbatore,Uniphore,Full Stack Developer,HealthTech,Full-time,27,1698128,47112,74672.0,12213.0,477151.0,9543,0.0674,755,3,53,2,32.0,18.0,100,12,4.6,0
56,Female,PhD,Dhanbad,Genpact,Senior Software Engineer,Manufacturing,Hybrid,35,2283071,91748,74123.0,2892.0,0.0,0,0.0,747,2,71,2,113.0,21.0,100,8,5.0,1
43,Male,Master,Salem,Birlasoft,Lead Engineer,Manufacturing,Hybrid,19,1409354,33404,185272.0,4483.0,,36150,0.3078,652,0,37,1,64.0,6.0,25,24,3.51,0
55,Female,Master,Vadodara,Newgen Software,Project Manager,FinTech,Hybrid,31,2063200,75462,159772.0,8494.0,1982764.0,39655,0.2306,819,6,60,3,5.0,3.0,0,10,4.73,1
37,Female,High School,Bhubaneswar,Chargebee,Technical Lead,EdTech,Remote,15,1059671,32743,101994.0,123596.0,0.0,0,0.0,571,0,33,2,52.0,2.0,0,23,3.52,0
27,Female,Bachelor,Nanded,IBM India,Business Analyst,Banking,Contract,7,581411,24899,30431.0,2058.0,,0,0.0,505,1,19,0,44.0,0.0,50,11,3.18,0
41,Male,Bachelor,Lucknow,Meesho,Engineering Manager,Consulting,Remote,20,1357611,38088,8530.0,86546.0,1339231.0,26784,0.2367,717,3,38,1,23.0,,25,27,4.44,0
42,Female,Master,Saharanpur,Datavail Infotech,ML Engineer,EdTech,Full-time,18,1366613,32220,302583.0,263592.0,173693.0,3473,0.0305,619,5,38,3,84.0,15.0,50,2,4.43,1
40,Female,Bachelor,Coimbatore,Quick Heal,Security Analyst,Telecom,Contract,16,1148495,50885,42471.0,2863.0,462800.0,9256,0.0967,604,2,37,1,98.0,15.0,50,37,3.53,0
23,Female,Master,Coimbatore,Accenture India,DevOps Engineer,Manufacturing,Full-time,0,439989,17050,87458.0,19690.0,1544685.0,30893,0.8426,426,3,1,2,37.0,0.0,100,23,1.09,0
28,Female,Master,Lucknow,Nielsen India,Technical Lead,HealthTech,Full-time,4,693104,16826,49749.0,6341.0,1667001.0,33340,0.5772,520,2,11,1,,0.0,100,34,2.22,0
36,Male,Master,Thiruvananthapuram,Meesho,Data Scientist,Startup,Full-time,16,1366114,32341,21722.0,12959.0,1773836.0,35476,0.3116,562,2,35,1,11.0,9.0,50,3,3.34,0
24,Male,Bachelor,Ranchi,Quick Heal,Senior Software Engineer,FinTech,Hybrid,4,507116,21418,178308.0,7795.0,0.0,0,0.0,557,1,9,0,61.0,0.0,50,20,2.51,0
56,Male,PhD,Bikaner,Groww,DevOps Engineer,Startup,Full-time,35,2573419,82080,381296.0,26129.0,0.0,0,0.0,783,3,68,2,94.0,21.0,100,14,4.7,1
28,Female,Bachelor,Bhilai,GlobalLogic,Principal Engineer,Manufacturing,Hybrid,6,697429,26807,101660.0,86825.0,1635210.0,32704,0.5627,548,3,17,2,12.0,0.0,75,31,2.71,0
36,Male,Master,Jabalpur,Happiest Minds,BI Developer,Telecom,Contract,16,1197032,45454,59472.0,128363.0,1862759.0,37255,0.3735,605,2,34,1,95.0,19.0,0,12,3.2,0
26,Male,Bachelor,Surat,Trigent,ML Engineer,FinTech,Full-time,4,427494,10791,70044.0,34390.0,1268617.0,25372,0.7122,493,3,12,2,81.0,0.0,50,37,1.65,0
27,Female,Master,Bhubaneswar,Sigmoid Analytics,Product Manager,HealthTech,Remote,6,588846,15608,17799.0,24422.0,0.0,0,0.0,563,4,12,4,46.0,0.0,0,37,3.05,0
55,Male,Bachelor,Nellore,Nihilent,Network Engineer,Consulting,Full-time,33,2042754,60918,52892.0,37615.0,1098428.0,21968,0.129,810,2,66,2,64.0,15.0,100,1,5.0,1
30,Male,Bachelor,Ujjain,Razorpay,Data Scientist,Telecom,Full-time,9,783899,23879,47034.0,66974.0,0.0,0,0.0,535,3,15,2,14.0,,50,39,2.85,0
36,Male,Master,Varanasi,CRED,Lead Engineer,SaaS,Part-time,16,1227105,33341,72313.0,3413.0,1313175.0,26263,0.2568,564,3,29,1,111.0,15.0,50,27,3.13,0
40,Male,Master,Tiruppur,Persistent Systems,ETL Developer,Manufacturing,Full-time,16,1481229,42808,18915.0,2633.0,,32667,0.2646,627,2,36,2,36.0,12.0,0,9,3.83,0
53,Female,Bachelor,Kalyan,Birlasoft,Software Engineer,Defense,Full-time,32,2113685,94977,,1658.0,0.0,0,0.0,781,3,66,1,10.0,4.0,100,21,5.0,1
39,Male,Bachelor,Noida,CleverTap,ML Engineer,Telecom,Full-time,19,1144372,41892,40778.0,177724.0,1747162.0,34943,0.3664,625,3,35,1,76.0,7.0,50,18,3.32,0
52,Female,Master,Noida,Mastek,Solutions Architect,EdTech,Full-time,31,2119427,94552,37868.0,,0.0,0,0.0,713,0,64,1,52.0,5.0,25,12,4.07,0
30,Male,Bachelor,Nagpur,BrowserStack,Frontend Developer,Telecom,Hybrid,8,801043,30746,16674.0,106880.0,1932502.0,38650,0.579,578,2,18,5,113.0,23.0,50,12,1.79,0
23,Male,Bachelor,Meerut,Genpact,Data Analyst,Defense,Full-time,0,367222,14054,57874.0,677677.0,793746.0,15874,0.5187,539,1,2,1,110.0,,25,17,1.68,0
52,Male,Master,Gorakhpur,Tata Elxsi,Senior Data Scientist,HealthTech,Contract,30,2076253,95084,33320.0,10189.0,196875.0,3937,0.0228,741,5,57,4,41.0,24.0,0,0,5.0,1
40,Female,Bachelor,Meerut,Nihilent,Security Analyst,Defense,Full-time,19,1149667,37735,,36060.0,676368.0,13527,0.1412,682,4,43,1,69.0,17.0,0,35,3.48,0
25,Female,Bachelor,Guwahati,Zetwerk,Project Manager,HealthTech,Remote,5,437828,17183,55625.0,22709.0,0.0,0,0.0,462,8,15,2,114.0,0.0,50,24,2.61,0
49,Female,Master,Siliguri,Uniphore,Cloud Architect,Defense,Full-time,28,1908614,58069,43254.0,339061.0,203592.0,4071,0.0256,788,3,58,3,54.0,23.0,100,38,4.88,1
52,Female,Diploma,Mangalore,NIIT Technologies,Principal Engineer,E-commerce,Full-time,32,1926665,57915,110535.0,22275.0,0.0,0,0.0,737,3,66,4,78.0,20.0,100,24,5.0,1
57,Non-binary,Master,Bhopal,NIIT Technologies,ETL Developer,Telecom,Part-time,33,2181989,79267,240405.0,15954.0,1344371.0,26887,0.1479,747,3,64,2,60.0,22.0,75,7,5.0,1
55,Male,Bachelor,Navi Mumbai,Groww,VP Engineering,EdTech,Full-time,35,2145514,96117,204922.0,30204.0,0.0,0,0.0,852,2,68,1,83.0,10.0,0,22,4.98,1
48,Male,Bachelor,Siliguri,ThoughtWorks India,Product Manager,E-commerce,Contract,25,1716201,72800,54701.0,,0.0,0,0.0,730,1,51,0,101.0,7.0,50,0,4.58,1
28,Male,Bachelor,Patna,Datamatics,Full Stack Developer,Telecom,Full-time,4,502527,13437,16339.0,,1013276.0,20265,0.4839,545,2,11,2,37.0,0.0,50,25,1.91,0
52,Female,Bachelor,Jamnagar,Kellton Tech,System Architect,E-commerce,Part-time,29,1911684,59102,,,0.0,0,0.0,728,3,58,3,74.0,13.0,50,37,4.77,0
32,Female,Bachelor,Vijayawada,Tech Mahindra,Mobile Developer,Manufacturing,Remote,9,890642,33603,162796.0,33043.0,1591997.0,31839,0.429,560,3,17,1,70.0,14.0,25,18,1.78,0
54,Male,Master,Hyderabad,BrowserStack,BI Developer,HealthTech,Full-time,34,2434581,63468,18551.0,3209.0,647986.0,12959,0.0639,822,0,67,3,24.0,18.0,0,28,5.0,1
31,Female,Master,Firozabad,BrowserStack,Mobile Developer,Consulting,Hybrid,8,879642,33845,43239.0,43630.0,594910.0,11898,0.1623,573,2,20,1,61.0,15.0,0,18,2.22,0
51,Male,Master,Jalgaon,Datavail Infotech,AI Researcher,Defense,Full-time,30,2048345,65542,109176.0,77466.0,633432.0,12668,0.0742,765,6,65,3,6.0,14.0,100,39,4.65,1
50,Non-binary,Master,Ludhiana,Sasken,Security Analyst,Banking,Remote,26,1798084,60568,17529.0,4341.0,0.0,0,0.0,766,3,54,0,32.0,13.0,50,1,5.0,1
51,Male,Master,Jamnagar,Accenture India,IT Consultant,Telecom,Remote,29,2085082,79069,102620.0,11527.0,1008812.0,20176,0.1161,788,4,59,2,17.0,18.0,50,22,4.83,1
57,Female,PhD,Noida,Cyient DLM,IT Consultant,Government,Remote,33,2385417,87611,22748.0,397094.0,1106166.0,22123,0.1113,826,1,70,3,47.0,23.0,50,31,5.0,1
55,Male,PhD,Aligarh,Sasken,DevOps Engineer,Manufacturing,Full-time,35,2372978,66778,149073.0,1219604.0,334164.0,6683,0.0338,756,4,73,2,75.0,14.0,75,24,5.0,1
41,Male,Diploma,Madurai,Accenture India,Senior Software Engineer,Manufacturing,Remote,21,1402263,47822,22198.0,15932.0,,35980,0.3079,728,3,46,2,103.0,24.0,0,7,4.58,0
56,Female,Bachelor,Mumbai,Publicis Sapient,Project Manager,EdTech,Remote,35,2292268,80693,195940.0,3353.0,653626.0,13072,0.0684,850,2,74,0,79.0,10.0,50,11,4.54,0
37,Male,Diploma,Noida,Meesho,Senior Software Engineer,FinTech,Full-time,13,998201,42942,31404.0,17265.0,1782791.0,35655,0.4286,663,3,29,1,44.0,12.0,25,16,2.74,0
42,Female,Bachelor,Bhilai,HCL Technologies,Software Engineer,E-commerce,Part-time,19,1326090,44942,101696.0,100751.0,779596.0,15591,0.1411,708,2,35,2,91.0,15.0,25,22,3.31,0
46,Male,Bachelor,Ahmedabad,Meesho,Principal Engineer,SaaS,Full-time,26,1631976,65381,19342.0,7855.0,,0,0.0,782,0,51,2,104.0,,25,29,5.0,1
36,Female,Diploma,Asansol,Cybage,ETL Developer,SaaS,Remote,13,975419,38674,43350.0,19392.0,1682429.0,33648,0.414,678,3,31,2,64.0,16.0,0,23,3.67,0
42,Female,Master,Bikaner,Newgen Software,Senior Software Engineer,HealthTech,Full-time,19,1475686,66159,79018.0,23704.0,0.0,0,0.0,685,4,37,3,43.0,10.0,75,33,4.29,0
33,Male,Bachelor,Noida,InMobi,Security Analyst,Telecom,Full-time,12,872813,37689,54833.0,127575.0,0.0,0,0.0,593,1,28,1,101.0,7.0,0,36,3.15,0
24,Male,Bachelor,Jodhpur,Trigent,Data Scientist,Consulting,Remote,0,217115,6646,115599.0,13372.0,0.0,0,0.0,539,4,2,0,28.0,0.0,100,39,3.08,0
57,Male,Bachelor,Navi Mumbai,IBM India,QA Engineer,EdTech,Remote,34,2324114,102558,4575.0,22415.0,694492.0,13889,0.0717,835,2,71,1,34.0,17.0,50,25,5.0,1
32,Female,High School,Jabalpur,CleverTap,QA Engineer,Banking,Part-time,12,796177,34922,,,0.0,0,0.0,604,2,25,3,64.0,11.0,0,29,3.56,0
40,Male,Bachelor,Ranchi,CRED,Backend Developer,Banking,Hybrid,16,1164321,42105,113900.0,7124.0,0.0,0,0.0,568,3,32,2,42.0,20.0,50,2,4.52,0
44,Male,PhD,Bhubaneswar,KPIT Technologies,Senior Data Scientist,Startup,Full-time,23,1874684,73342,502014.0,232158.0,179021.0,3580,0.0229,667,1,43,3,109.0,15.0,100,33,4.1,1
25,Male,Bachelor,Ujjain,TCS,Backend Developer,Telecom,Full-time,4,448926,19465,367465.0,6349.0,0.0,0,0.0,573,4,13,2,,0.0,100,16,3.3,0
50,Male,Bachelor,Gulbarga,ThoughtWorks India,VP Engineering,E-commerce,Hybrid,26,1765997,58098,37447.0,3134.0,350017.0,7000,0.0476,696,3,52,0,52.0,7.0,100,7,4.48,0
33,Male,Bachelor,Hyderabad,Persistent Systems,Lead Engineer,Defense,Remote,13,1012204,32952,85602.0,7150.0,1986240.0,39724,0.4709,578,3,31,4,64.0,6.0,75,9,3.25,0
49,Female,Diploma,Bhavnagar,Zensar Technologies,Software Engineer,Startup,Part-time,25,1542269,60725,24361.0,13022.0,0.0,0,0.0,776,3,51,2,21.0,15.0,0,20,4.93,1
42,Male,High School,Dhanbad,Druva,IT Consultant,FinTech,Full-time,20,1315853,32992,41273.0,,0.0,0,0.0,700,3,42,1,46.0,12.0,50,25,4.52,0
50,Male,Bachelor,Indore,Nucleus Software,Data Analyst,Telecom,Part-time,28,1811634,66712,236317.0,13592.0,,11737,0.0777,734,2,60,3,6.0,3.0,0,38,4.78,0
45,Female,Bachelor,Aligarh,Nagarro India,Solutions Architect,Startup,Full-time,21,1561593,71428,150495.0,360835.0,1277600.0,25552,0.1964,711,5,43,3,86.0,2.0,50,23,4.78,0
47,Male,Bachelor,Allahabad,Cyient DLM,Senior Data Scientist,Startup,Hybrid,26,1741372,75466,50887.0,25991.0,219212.0,4384,0.0302,731,4,53,1,80.0,23.0,50,18,4.98,1
47,Non-binary,High School,Ludhiana,BrowserStack,Senior Software Engineer,Telecom,Full-time,25,1514976,56508,18468.0,73039.0,1571653.0,31433,0.249,754,1,52,2,105.0,19.0,100,5,4.22,0
38,Female,Master,Srinagar,Wipro,Full Stack Developer,Defense,Remote,16,1197509,34174,727872.0,45122.0,0.0,0,0.0,634,2,32,1,96.0,10.0,50,10,4.6,1
55,Female,Master,Mumbai,Wipro,Director of Engineering,E-commerce,Full-time,35,2150380,94405,106207.0,9144.0,1298444.0,25968,0.1449,727,5,70,2,85.0,22.0,0,1,4.92,1
28,Male,Bachelor,Jaipur,Sigmoid Analytics,Full Stack Developer,Defense,Hybrid,5,576446,18091,35456.0,25624.0,1095357.0,21907,0.456,467,3,12,4,49.0,0.0,0,4,1.57,0
51,Male,High School,Mumbai,GlobalLogic,DevOps Engineer,Defense,Contract,29,1913609,58331,88384.0,,483837.0,9676,0.0607,785,3,58,3,70.0,3.0,0,33,4.98,0
42,Male,High School,Jabalpur,Datavail Infotech,Data Scientist,FinTech,Contract,20,1210429,54163,,,0.0,0,0.0,720,2,37,1,64.0,21.0,100,7,3.61,0
33,Male,Master,Noida,Mphasis,DevOps Engineer,Government,Contract,13,1127591,44769,8762.0,3059.0,522006.0,10440,0.1111,535,2,25,3,50.0,13.0,75,36,3.09,0
37,Female,Master,Jalgaon,BrowserStack,Network Engineer,Banking,Full-time,15,1172482,44391,66159.0,9207.0,0.0,0,0.0,545,4,28,2,103.0,19.0,50,34,3.64,0
30,Male,Master,Nashik,Nielsen India,Database Administrator,FinTech,Hybrid,6,748337,33656,177365.0,,0.0,0,0.0,629,3,13,0,104.0,0.0,50,5,3.35,0
26,Male,Master,Lucknow,Mphasis,Backend Developer,Government,Full-time,4,547564,14157,66662.0,1391672.0,1201984.0,24039,0.5268,606,3,5,1,3.0,0.0,50,36,2.31,0
50,Female,Bachelor,Guwahati,IBM India,Cloud Architect,Startup,Full-time,30,1866486,43822,216767.0,12900.0,532579.0,10651,0.0685,736,2,58,1,116.0,15.0,25,18,5.0,1
52,Male,Master,Ranchi,Capgemini India,Database Administrator,E-commerce,Full-time,29,1926043,65811,327226.0,12898.0,0.0,0,0.0,768,2,60,1,0.0,22.0,50,31,4.74,1
36,Female,Bachelor,Noida,Accenture India,ETL Developer,Startup,Full-time,15,1140073,36076,10680.0,194411.0,0.0,0,0.0,607,2,30,2,28.0,,50,20,4.28,0
25,Female,Bachelor,Siliguri,Quick Heal,Full Stack Developer,EdTech,Hybrid,3,555895,16306,57610.0,94598.0,0.0,0,0.0,490,0,10,1,,0.0,100,22,3.17,0
57,Male,PhD,Kanpur,Quick Heal,Software Engineer,Telecom,Contract,33,2253916,59916,128890.0,1156.0,0.0,0,0.0,825,3,63,0,91.0,5.0,50,37,5.0,1
43,Male,Bachelor,Indore,Cognizant,Lead Engineer,FinTech,Remote,22,1439732,47769,17211.0,1810137.0,112015.0,2240,0.0187,703,2,44,1,5.0,5.0,50,11,4.7,1
23,Male,Master,Madurai,Zensar Technologies,Security Analyst,Telecom,Full-time,0,329832,12105,75474.0,63866.0,0.0,0,0.0,510,3,0,0,11.0,0.0,100,26,3.27,0
23,Female,Bachelor,Gorakhpur,Meesho,Product Manager,E-commerce,Full-time,0,262159,11620,21611.0,93685.0,0.0,0,0.0,560,4,0,0,22.0,0.0,0,1,3.05,0
31,Female,Bachelor,Bhavnagar,CRED,Mobile Developer,Government,Contract,7,691457,28695,46920.0,61988.0,1531433.0,30628,0.5315,635,1,11,5,0.0,0.0,100,39,2.77,0
47,Female,Bachelor,Solapur,Subex,Lead Engineer,SaaS,Full-time,25,1752518,71140,1854109.0,44018.0,664823.0,13296,0.091,764,1,48,1,70.0,2.0,75,25,4.32,0
55,Male,Bachelor,Moradabad,Coforge,DevOps Engineer,Banking,Full-time,33,2199668,94945,284950.0,118788.0,333703.0,6674,0.0364,816,1,64,3,64.0,23.0,50,21,5.0,1
51,Female,Bachelor,Dehradun,NIIT Technologies,System Architect,Banking,Full-time,30,2104855,90963,275659.0,66315.0,0.0,0,0.0,743,3,59,2,30.0,22.0,50,10,4.79,1
41,Female,PhD,Loni,Freshworks,Frontend Developer,FinTech,Full-time,19,1524793,67269,246429.0,54640.0,1157122.0,23142,0.1821,596,2,36,2,91.0,24.0,75,26,3.87,0
53,Male,Diploma,Ranchi,Infosys,DevOps Engineer,Defense,Full-time,30,1981523,48685,89149.0,442.0,223191.0,4463,0.027,817,1,58,3,34.0,16.0,0,16,5.0,1
24,Male,Master,Bangalore,Datavail Infotech,Scrum Master,Government,Full-time,4,577182,17555,3804.0,49742.0,0.0,0,0.0,578,1,5,0,92.0,0.0,0,11,3.94,0
28,Male,Master,Bareilly,Zoho,BI Developer,Banking,Full-time,4,658419,27683,82712.0,437.0,0.0,0,0.0,523,1,11,0,,,50,32,2.25,0
55,Female,Bachelor,Coimbatore,Publicis Sapient,Principal Engineer,E-commerce,Full-time,32,1954346,74593,17919.0,247.0,0.0,0,0.0,711,0,62,0,92.0,4.0,100,25,5.0,1
33,Female,Master,Salem,Freshworks,DevOps Engineer,Consulting,Part-time,13,993607,29028,85464.0,45122.0,0.0,0,0.0,627,2,27,2,109.0,8.0,0,26,3.49,0
27,Male,Diploma,Kota,Mphasis,Director of Engineering,HealthTech,Hybrid,5,598288,18182,503321.0,8710.0,112727.0,2254,0.0452,597,5,13,4,3.0,0.0,0,32,3.59,0
31,Non-binary,PhD,Jaipur,Razorpay,ML Engineer,Banking,Remote,9,839872,26962,73023.0,76292.0,1441846.0,28836,0.412,641,7,21,1,85.0,15.0,75,24,2.62,0
33,Male,Diploma,Jodhpur,Druva,Database Administrator,Government,Full-time,10,697227,24561,18292.0,714816.0,121220.0,2424,0.0417,630,4,24,1,111.0,24.0,25,17,2.91,0
47,Male,Bachelor,Siliguri,Geometric,Frontend Developer,HealthTech,Full-time,24,1702952,51057,24885.0,10972.0,368774.0,7375,0.052,720,2,53,2,54.0,14.0,0,27,3.61,0
52,Female,Bachelor,Dehradun,Net Solutions,System Architect,Banking,Contract,32,2015139,59932,21868.0,7557.0,1430573.0,28611,0.1704,795,7,65,0,50.0,4.0,50,22,5.0,1
29,Male,PhD,Ajmer,Cyient,Security Analyst,Startup,Full-time,6,761458,28460,74012.0,80380.0,1719277.0,34385,0.5419,551,2,17,3,115.0,0.0,0,39,2.67,0
37,Non-binary,Master,Jamnagar,Intellect Design,Test Automation Engineer,E-commerce,Remote,16,1378524,45678,21592.0,56539.0,0.0,0,0.0,637,2,32,1,19.0,8.0,50,2,4.0,0
43,Female,Master,Vijayawada,Accenture India,Test Automation Engineer,SaaS,Full-time,21,1532337,46585,160862.0,14145.0,1340721.0,26814,0.21,593,4,40,1,,24.0,50,13,4.31,1
35,Female,Bachelor,Surat,InMobi,Product Manager,SaaS,Full-time,11,994509,28059,70538.0,31681.0,1183964.0,23679,0.2857,546,2,22,0,9.0,18.0,50,19,3.3,0
29,Female,Bachelor,Cuttack,PhonePe,Cloud Architect,HealthTech,Full-time,5,607279,23483,7544.0,6736.0,1001667.0,20033,0.3959,478,3,11,4,95.0,0.0,50,11,2.25,0
39,Female,Master,Saharanpur,Meesho,Full Stack Developer,Telecom,Full-time,17,1297560,32327,10100.0,21725.0,529007.0,10580,0.0978,701,2,39,2,103.0,24.0,0,23,4.22,0
51,Male,Bachelor,Mumbai,Robosoft,Solutions Architect,Manufacturing,Full-time,31,1989486,88716,24076.0,13263.0,0.0,0,0.0,779,2,60,1,108.0,,25,20,5.0,0
43,Female,Bachelor,Coimbatore,Nielsen India,Project Manager,Manufacturing,Full-time,20,1328522,34634,43584.0,6452.0,,36484,0.3295,614,1,44,2,114.0,6.0,100,14,4.04,0
52,Male,Bachelor,Tiruchirappalli,Intellect Design,VP Engineering,SaaS,Contract,30,1967535,83018,,15100.0,769544.0,15390,0.0939,724,0,57,1,97.0,22.0,25,5,4.58,0
36,Female,Diploma,Jamnagar,Tech Mahindra,Technical Lead,Government,Remote,14,1043875,36884,105822.0,617.0,374254.0,7485,0.086,590,2,29,2,7.0,4.0,100,34,3.35,0
43,Female,Bachelor,Chennai,Zoho,ML Engineer,E-commerce,Contract,19,1439998,65688,22030.0,44530.0,156424.0,3128,0.0261,675,1,38,2,,2.0,50,14,4.57,0
40,Male,Bachelor,Nanded,Newgen Software,Data Analyst,Consulting,Contract,16,1269123,50963,121694.0,381224.0,721095.0,14421,0.1364,661,3,37,3,88.0,16.0,50,37,3.34,0
49,Female,Master,Jaipur,Zoho,Database Administrator,Telecom,Remote,27,1840570,59925,55501.0,1505.0,1724794.0,34495,0.2249,741,1,58,0,21.0,12.0,50,38,4.21,0
50,Male,Bachelor,Varanasi,Infosys,DevOps Engineer,HealthTech,Full-time,27,1746611,48775,26052.0,11078.0,1093316.0,21866,0.1502,648,3,55,4,114.0,9.0,25,36,4.66,0
30,Male,PhD,Salem,Groww,Frontend Developer,E-commerce,Remote,10,943439,42716,106825.0,26626.0,1142411.0,22848,0.2906,661,6,18,0,11.0,5.0,75,23,3.8,0
25,Male,Bachelor,Indore,Datamatics,ETL Developer,HealthTech,Full-time,4,516807,13246,47610.0,40206.0,129492.0,2589,0.0601,559,0,7,1,43.0,0.0,50,39,2.98,0
56,Female,Bachelor,Coimbatore,Cyient,Solutions Architect,Consulting,Hybrid,35,2184307,90371,22391.0,6819.0,322150.0,6443,0.0354,845,2,72,1,99.0,10.0,0,24,5.0,1
44,Male,Bachelor,Surat,Happiest Minds,ML Engineer,Government,Full-time,20,1536515,60579,178778.0,8368.0,0.0,0,0.0,622,2,38,0,7.0,8.0,50,18,3.89,0
52,Female,Master,Agra,IBM India,DevOps Engineer,Defense,Remote,29,2122319,54026,112775.0,9593.0,169643.0,3392,0.0192,776,4,56,2,90.0,23.0,100,10,5.0,1
25,Male,Master,Mumbai,Unacademy,Full Stack Developer,E-commerce,Full-time,5,625478,28650,107014.0,34834.0,0.0,0,0.0,614,4,8,0,81.0,0.0,100,20,3.5,0
38,Male,High School,Dehradun,Cyient,Mobile Developer,Government,Full-time,16,1110519,39522,,3799.0,1765827.0,35316,0.3816,690,2,35,4,100.0,10.0,0,38,2.8,0
32,Male,PhD,Bhavnagar,Nihilent,ETL Developer,EdTech,Full-time,11,1042189,40459,10072.0,16263.0,0.0,0,0.0,631,4,19,2,93.0,7.0,100,23,3.73,0
25,Male,Bachelor,Ujjain,Wipro,Business Analyst,Manufacturing,Contract,5,481159,16665,146575.0,134120.0,0.0,0,0.0,505,0,15,1,44.0,,75,3,2.68,0
53,Female,PhD,Bikaner,InMobi,Database Administrator,HealthTech,Part-time,32,2328580,75022,113151.0,20129.0,1036016.0,20720,0.1068,738,1,66,1,5.0,22.0,75,37,4.96,1
50,Male,Bachelor,Udaipur,GlobalLogic,Data Analyst,Consulting,Full-time,26,1788407,47948,145966.0,28116.0,700615.0,14012,0.094,659,2,50,3,22.0,20.0,25,20,4.07,0
22,Male,Diploma,Kalyan,Wipro,Product Manager,SaaS,Full-time,2,436062,18567,53388.0,,1493841.0,29876,0.8222,505,3,4,2,57.0,0.0,0,23,1.0,0
54,Female,PhD,Hyderabad,Uniphore,AI Researcher,EdTech,Contract,31,2160588,71397,4089.0,42004.0,0.0,0,0.0,726,4,61,1,116.0,11.0,75,33,5.0,1
33,Female,Master,Kanpur,Postman,Full Stack Developer,Telecom,Contract,10,833302,22331,142154.0,1431.0,1360062.0,27201,0.3917,620,4,21,3,80.0,21.0,75,37,2.65,0
37,Female,Bachelor,Bhopal,Happiest Minds,Full Stack Developer,EdTech,Contract,13,1106903,38134,514815.0,,1001451.0,20029,0.2171,599,2,30,2,,21.0,25,25,4.33,0
43,Male,Master,Nanded,Trigent,Project Manager,Government,Full-time,23,1639106,62427,31951.0,255240.0,0.0,0,0.0,604,1,48,6,73.0,,25,28,3.77,1
38,Male,Master,Jalandhar,EXL Service,QA Engineer,Consulting,Full-time,18,1450634,51165,43526.0,45074.0,1282236.0,25644,0.2121,693,2,36,1,84.0,11.0,50,13,3.32,0
52,Female,High School,Ahmedabad,Wipro,Test Automation Engineer,SaaS,Contract,31,1962207,51499,41505.0,59784.0,0.0,0,0.0,716,7,60,1,49.0,21.0,50,28,5.0,1
52,Female,Bachelor,Thiruvananthapuram,GlobalLogic,Project Manager,FinTech,Remote,30,1928444,75087,27292.0,48652.0,535680.0,10713,0.0667,676,5,60,1,71.0,18.0,50,24,4.44,1
56,Female,Bachelor,Raipur,Byju s,Senior Data Scientist,SaaS,Full-time,35,2302686,104651,38569.0,21589.0,0.0,0,0.0,834,2,74,1,91.0,8.0,50,25,5.0,1
44,Female,PhD,Kalyan,eClerx,Senior Data Scientist,EdTech,Remote,21,1506333,50776,11409.0,22071.0,0.0,0,0.0,712,5,45,3,114.0,16.0,75,24,3.84,0
52,Female,Master,Siliguri,Accenture India,IT Consultant,Government,Full-time,31,2137649,62193,36945.0,104022.0,0.0,0,0.0,786,0,66,3,65.0,23.0,50,15,5.0,1
37,Male,Diploma,Gorakhpur,Mastek,Network Engineer,HealthTech,Remote,14,1132045,44518,65132.0,21829.0,1100360.0,22007,0.2333,580,4,27,4,63.0,6.0,100,6,3.27,0
36,Female,Bachelor,Indore,HCL Technologies,Backend Developer,E-commerce,Hybrid,13,1084856,35595,35470.0,95118.0,929579.0,18591,0.2056,681,3,29,2,47.0,21.0,75,28,3.74,0
55,Male,High School,Jamnagar,Birlasoft,Business Analyst,FinTech,Full-time,35,2117881,84952,232194.0,463055.0,1769339.0,35386,0.2005,812,1,67,0,119.0,16.0,75,38,5.0,1
46,Male,Bachelor,Mysuru,Genpact,Test Automation Engineer,Startup,Full-time,25,1694521,50918,22853.0,104429.0,0.0,0,0.0,733,2,50,0,105.0,15.0,0,20,4.8,1
28,Male,Master,Bhubaneswar,Kellton Tech,Data Scientist,HealthTech,Full-time,6,638391,18310,9200.0,26172.0,307609.0,6152,0.1156,537,0,17,2,69.0,0.0,75,34,2.95,0
41,Male,Bachelor,Noida,Hexaware,ETL Developer,FinTech,Full-time,19,1357130,45428,211114.0,37189.0,180882.0,3617,0.032,579,3,38,2,7.0,15.0,0,12,3.82,0
27,Female,Master,Surat,Hexaware,Backend Developer,Defense,Remote,5,744512,23847,22538.0,,0.0,0,0.0,596,6,13,0,109.0,0.0,50,16,3.78,0
46,Non-binary,Master,Tiruppur,Firstsource,Software Engineer,Consulting,Remote,25,1929776,53322,41779.0,41354.0,1526472.0,30529,0.1898,773,2,54,1,41.0,13.0,75,14,4.51,1
22,Male,Bachelor,Nagpur,Birlasoft,ML Engineer,E-commerce,Remote,0,414449,14398,76984.0,160946.0,0.0,0,0.0,471,4,0,4,68.0,0.0,50,32,2.98,0
43,Male,Diploma,Amritsar,Quick Heal,ETL Developer,Consulting,Full-time,23,1505219,53887,2162.0,56792.0,376106.0,7522,0.06,700,1,44,1,78.0,13.0,75,23,4.77,1
33,Male,Bachelor,Patna,InMobi,IT Consultant,E-commerce,Full-time,9,728251,25480,111208.0,345160.0,0.0,0,0.0,638,3,17,0,19.0,20.0,25,5,2.88,0
30,Male,High School,Chandigarh,Firstsource,Business Analyst,Defense,Full-time,8,694409,23747,27257.0,45408.0,679631.0,13592,0.2349,619,3,21,2,67.0,12.0,100,27,2.56,0
31,Male,Master,Kalyan,Nihilent,IT Consultant,Consulting,Full-time,7,742470,20627,46257.0,2029.0,0.0,0,0.0,487,0,18,5,110.0,0.0,75,4,3.58,0
32,Non-binary,Master,Bhiwandi,Byju s,IT Consultant,Consulting,Full-time,11,872531,30314,56198.0,109705.0,,24064,0.331,519,5,24,3,27.0,2.0,100,20,2.82,0
40,Male,Bachelor,Tiruchirappalli,Sonata Software,Senior Software Engineer,FinTech,Full-time,19,1373576,58793,33410.0,9424.0,983448.0,19668,0.1718,575,3,40,0,66.0,8.0,25,39,3.49,0
37,Female,Master,Ujjain,Mphasis,DevOps Engineer,Manufacturing,Full-time,14,1149693,28709,49677.0,4005.0,870844.0,17416,0.1818,552,6,30,1,,22.0,0,23,3.66,0
22,Female,PhD,Jamshedpur,Tech Mahindra,Backend Developer,Startup,Contract,1,459437,15257,8432.0,1378.0,0.0,0,0.0,567,0,4,1,114.0,0.0,100,35,3.04,0
48,Non-binary,Bachelor,Tiruchirappalli,Apexon,Software Engineer,Defense,Full-time,25,1499295,59610,26194.0,5820.0,0.0,0,0.0,756,1,52,3,,17.0,0,37,5.0,1
31,Male,Bachelor,Salem,Happiest Minds,System Architect,Startup,Full-time,9,760941,29227,179191.0,29733.0,1944845.0,38896,0.6134,565,1,16,2,,9.0,0,0,2.14,0
43,Female,Bachelor,Ludhiana,IBM India,Project Manager,EdTech,Remote,20,1462711,54434,,21516.0,0.0,0,0.0,609,2,41,2,59.0,7.0,75,18,4.3,0
26,Female,Master,Ludhiana,Razorpay,IT Consultant,Manufacturing,Remote,5,674923,29121,102893.0,59866.0,1626195.0,32523,0.5783,591,5,9,1,55.0,0.0,50,33,2.4,0
46,Female,Bachelor,Salem,Groww,Software Engineer,Banking,Full-time,25,1634772,74661,173852.0,123296.0,1803470.0,36069,0.2648,753,3,51,3,96.0,5.0,0,39,4.68,0
54,Female,Master,Jabalpur,Nihilent,Security Analyst,Startup,Remote,34,2271891,73523,117716.0,27081.0,,37737,0.1993,695,2,68,2,20.0,22.0,0,3,4.6,0
45,Male,Master,Surat,Swiggy,Project Manager,E-commerce,Full-time,21,1451373,41722,24231.0,11964.0,619981.0,12399,0.1025,597,2,45,0,93.0,3.0,100,31,4.5,0
44,Male,Bachelor,Amritsar,Cyient,Scrum Master,E-commerce,Contract,21,1420376,40498,148435.0,8821.0,172439.0,3448,0.0291,688,4,42,1,73.0,24.0,50,23,4.33,0
28,Male,Master,Madurai,Subex,Software Engineer,EdTech,Contract,5,661066,24332,81894.0,66976.0,,0,0.0,554,2,13,1,119.0,0.0,0,37,3.34,0
27,Male,PhD,Srinagar,HCL Technologies,Network Engineer,EdTech,Part-time,3,601387,18442,169364.0,47449.0,0.0,0,0.0,519,0,6,5,26.0,0.0,50,35,3.9,0
56,Male,Bachelor,Allahabad,Zoho,Project Manager,Telecom,Hybrid,35,2218233,71948,105771.0,,628649.0,12572,0.068,735,5,73,3,97.0,,0,5,5.0,1
37,Male,Master,Surat,Ola,Test Automation Engineer,Government,Remote,16,1176412,44858,113571.0,15300.0,78339.0,1566,0.016,587,4,36,0,68.0,3.0,0,5,3.15,0
36,Female,Diploma,Akola,Cyient DLM,Senior Data Scientist,Consulting,Full-time,16,1186550,44432,134773.0,17850.0,838094.0,16761,0.1695,555,3,33,1,58.0,19.0,50,6,3.62,0
24,Male,Bachelor,Nagpur,Persistent Systems,Technical Lead,Defense,Contract,4,472305,11107,40896.0,14318.0,1029951.0,20599,0.5234,508,1,10,1,5.0,0.0,100,13,1.65,0
41,Male,Bachelor,Amravati,KPIT Technologies,Data Analyst,Banking,Contract,17,1261171,52850,,8274.0,62931.0,1258,0.012,678,2,36,1,105.0,,100,37,3.66,0
51,Male,Bachelor,Surat,Byju s,ETL Developer,Telecom,Full-time,30,1907798,73654,192972.0,31977.0,0.0,0,0.0,804,3,62,1,48.0,2.0,50,2,4.98,1
34,Male,Master,Raipur,Hexaware,AI Researcher,Government,Contract,10,982127,41560,12279.0,172784.0,0.0,0,0.0,500,4,21,1,93.0,4.0,0,5,2.89,0
49,Male,Bachelor,Thiruvananthapuram,Nagarro India,Director of Engineering,FinTech,Full-time,26,1695683,53696,52474.0,8749.0,,0,0.0,658,1,49,2,93.0,5.0,25,1,4.36,0
43,Male,PhD,Jabalpur,Capgemini India,Cloud Architect,Government,Remote,21,1608770,44649,61599.0,33575.0,631575.0,12631,0.0942,696,1,43,3,33.0,13.0,0,3,4.27,1
48,Male,Master,Nashik,Net Solutions,Product Manager,Manufacturing,Full-time,24,1659817,48937,74324.0,107846.0,,0,0.0,768,1,53,2,116.0,3.0,50,2,5.0,1
50,Female,Bachelor,Chandigarh,EXL Service,Backend Developer,Defense,Remote,28,1775718,50368,27863.0,4052.0,1044305.0,20886,0.1411,792,3,59,5,23.0,19.0,0,20,4.34,0
50,Male,Diploma,Navi Mumbai,Nagarro India,Engineering Manager,FinTech,Full-time,28,1886827,64267,108063.0,5648.0,876872.0,17537,0.1115,734,2,59,2,23.0,8.0,75,30,4.96,1
34,Female,High School,Gorakhpur,Postman,Project Manager,Government,Full-time,13,950165,32284,44859.0,23163.0,1959302.0,39186,0.4949,668,0,25,2,7.0,24.0,75,19,2.83,0
53,Female,Bachelor,Nagpur,NIIT Technologies,Cloud Architect,Startup,Hybrid,31,1993049,82635,3109.0,,0.0,0,0.0,674,2,65,1,55.0,12.0,75,32,5.0,1
24,Male,Master,Nagpur,Mastek,Product Manager,FinTech,Hybrid,2,445019,16172,13740.0,99728.0,785833.0,15716,0.4238,493,7,7,1,79.0,0.0,25,31,2.18,0
24,Female,Master,Guntur,Tata Elxsi,Frontend Developer,Banking,Hybrid,3,543694,13628,17001.0,71707.0,1020164.0,20403,0.4503,587,3,4,3,52.0,0.0,100,23,2.74,0
41,Male,Master,Hyderabad,Syntel India,System Architect,SaaS,Full-time,21,1646744,71458,113524.0,3001.0,,24823,0.1809,680,4,46,1,66.0,22.0,0,28,3.77,0
41,Male,Bachelor,Dhanbad,Nihilent,DevOps Engineer,Startup,Part-time,17,1270707,57340,110162.0,7287.0,0.0,0,0.0,671,2,37,0,110.0,23.0,50,0,3.57,0
30,Female,PhD,Jalgaon,CleverTap,Solutions Architect,Manufacturing,Full-time,10,1204521,30467,19779.0,651567.0,0.0,0,0.0,639,5,20,2,13.0,17.0,50,12,3.78,0
30,Male,Master,Indore,PhonePe,Test Automation Engineer,SaaS,Contract,7,789711,32284,21391.0,7445.0,0.0,0,0.0,537,2,14,1,,0.0,50,38,3.49,0
34,Female,Bachelor,Hubballi,Vedantu,Security Analyst,FinTech,Contract,12,999747,42803,67352.0,4686.0,0.0,0,0.0,526,1,28,0,5.0,21.0,75,35,3.21,0
42,Male,Master,Kanpur,Cybage,Senior Data Scientist,HealthTech,Full-time,21,1547559,54600,,4198.0,0.0,0,0.0,729,3,42,5,76.0,2.0,50,5,3.82,0
45,Male,Master,Gorakhpur,Firstsource,Frontend Developer,SaaS,Full-time,23,1623159,60607,23986.0,5377.0,875825.0,17516,0.1295,702,1,45,2,51.0,4.0,100,2,4.03,0
39,Male,Master,Malegaon,Sasken,Lead Engineer,E-commerce,Hybrid,16,1252811,34349,4465.0,57924.0,0.0,0,0.0,626,3,32,2,98.0,21.0,100,39,3.55,0
27,Female,Bachelor,Moradabad,Sigmoid Analytics,Scrum Master,Defense,Full-time,5,511967,13333,25033.0,6261.0,150412.0,3008,0.0705,468,3,12,2,42.0,,75,28,2.68,0
41,Male,Master,Gorakhpur,Publicis Sapient,Security Analyst,Government,Full-time,19,1519141,41133,311131.0,,0.0,0,0.0,710,3,37,2,1.0,22.0,25,26,4.25,1
50,Male,Bachelor,Rajkot,Nagarro India,Senior Data Scientist,Startup,Contract,28,1753087,63382,8524.0,,1545503.0,30910,0.2116,711,2,57,2,21.0,24.0,0,7,4.54,0
44,Male,Diploma,Nashik,Hexaware,Backend Developer,Banking,Contract,23,1482760,55336,108623.0,27765.0,1299954.0,25999,0.2104,753,2,51,1,53.0,9.0,50,0,4.8,0
48,Female,Bachelor,Nashik,Quick Heal,Mobile Developer,Telecom,Full-time,27,1711303,57545,25381.0,15122.0,1035029.0,20700,0.1452,716,7,51,2,22.0,18.0,0,14,4.38,0
45,Female,Bachelor,Delhi,Ola,Backend Developer,FinTech,Full-time,23,1580277,63272,55428.0,1424.0,1378823.0,27576,0.2094,634,3,45,3,39.0,10.0,100,8,4.03,0
31,Female,Bachelor,Raipur,Firstsource,BI Developer,FinTech,Full-time,11,913106,35568,635906.0,5316.0,0.0,0,0.0,627,3,19,2,61.0,17.0,100,17,3.9,0
31,Male,Master,Loni,Mphasis,ETL Developer,SaaS,Full-time,10,908780,25154,7682.0,1137085.0,1508962.0,30179,0.3985,536,4,25,2,113.0,2.0,50,0,2.49,0
35,Non-binary,Master,Indore,Xoriant,BI Developer,Manufacturing,Full-time,15,1210994,41580,21221.0,33343.0,81017.0,1620,0.0161,565,4,31,2,119.0,17.0,75,31,3.39,0
22,Non-binary,PhD,Madurai,Quick Heal,Product Manager,Manufacturing,Full-time,0,595586,26866,5329.0,90084.0,0.0,0,0.0,560,3,0,3,24.0,0.0,50,12,2.78,0
37,Male,Bachelor,Kochi,CleverTap,AI Researcher,Consulting,Hybrid,15,1147228,48520,33979.0,9831.0,,0,0.0,659,5,31,4,31.0,13.0,0,31,3.79,0
49,Male,Master,Malegaon,Apexon,Frontend Developer,FinTech,Remote,26,1896420,76458,49102.0,73800.0,0.0,0,0.0,675,4,49,3,47.0,13.0,50,27,4.69,1
46,Female,Master,Jabalpur,Groww,Principal Engineer,Consulting,Full-time,25,1774491,45705,21808.0,39860.0,1201704.0,24034,0.1625,645,1,54,0,82.0,19.0,75,2,3.13,0
36,Female,Master,Gulbarga,HCL Technologies,System Architect,EdTech,Full-time,12,1087766,34917,31428.0,27353.0,904848.0,18096,0.1996,629,3,29,0,37.0,,75,29,3.17,0
55,Male,Bachelor,Nellore,Tata Elxsi,Solutions Architect,Telecom,Full-time,35,2267237,66139,207140.0,8868.0,1997449.0,39948,0.2114,731,3,73,0,27.0,19.0,100,10,4.77,0
39,Male,Master,Srinagar,BrowserStack,Frontend Developer,HealthTech,Hybrid,19,1524773,39969,69103.0,903.0,402417.0,8048,0.0633,592,5,41,3,2.0,2.0,25,27,3.86,0
52,Female,Bachelor,Agra,Tech Mahindra,Principal Engineer,E-commerce,Full-time,30,1954112,74582,18574.0,173670.0,0.0,0,0.0,679,1,58,1,98.0,10.0,0,15,4.31,0
31,Female,Bachelor,Mysuru,PhonePe,Engineering Manager,HealthTech,Full-time,11,672729,21533,188299.0,14048.0,820227.0,16404,0.2926,538,6,23,0,,20.0,100,3,2.67,0
26,Male,PhD,Varanasi,L&T Infotech,Technical Lead,EdTech,Hybrid,4,809620,24974,82007.0,4183.0,,0,0.0,460,2,12,3,29.0,0.0,50,5,2.67,0
44,Male,Bachelor,Vadodara,Apexon,QA Engineer,Defense,Remote,21,1511775,67217,9794.0,12492.0,0.0,0,0.0,703,4,43,5,82.0,24.0,100,18,4.45,1
38,Female,Master,Hyderabad,KPIT Technologies,Mobile Developer,Banking,Full-time,14,1050446,47181,82833.0,5224.0,627071.0,12541,0.1433,637,5,31,3,54.0,24.0,25,36,3.99,0
29,Female,Diploma,Aurangabad,Byju s,Director of Engineering,EdTech,Hybrid,5,527198,20184,23944.0,68508.0,0.0,0,0.0,513,2,13,4,58.0,0.0,100,22,2.66,0
48,Female,PhD,Cuttack,ThoughtWorks India,Project Manager,SaaS,Full-time,24,1819989,72287,74390.0,2632.0,0.0,0,0.0,714,0,45,3,97.0,7.0,100,20,4.88,1
54,Male,Master,Nellore,Firstsource,Technical Lead,Telecom,Full-time,31,2096075,76734,8630.0,79905.0,1790685.0,35813,0.205,777,1,67,3,31.0,,25,3,5.0,1
45,Male,Diploma,Jamnagar,Zerodha,Project Manager,HealthTech,Full-time,25,1541740,53217,130900.0,4592.0,0.0,0,0.0,710,1,51,0,22.0,22.0,75,29,5.0,1
48,Male,Bachelor,Tiruchirappalli,Capgemini India,Security Analyst,Government,Full-time,25,1720449,78380,28730.0,1758.0,1917959.0,38359,0.2676,719,1,49,1,3.0,24.0,50,38,4.6,1
48,Male,Master,Kota,CRED,Data Analyst,Banking,Part-time,28,1995361,49565,,6407.0,974417.0,19488,0.1172,780,2,59,1,26.0,4.0,100,8,5.0,0
39,Female,High School,Asansol,TCS,Senior Data Scientist,Consulting,Hybrid,19,1254972,56484,35437.0,52683.0,0.0,0,0.0,586,2,38,1,97.0,,50,14,3.91,0
30,Female,Diploma,Akola,Tech Mahindra,Product Manager,Startup,Full-time,10,690357,26910,131698.0,14418.0,0.0,0,0.0,547,5,24,1,81.0,17.0,25,6,2.79,0
50,Female,Master,Tiruchirappalli,Zetwerk,Test Automation Engineer,Government,Full-time,29,1849680,47598,1296.0,71806.0,,21242,0.1378,763,3,57,5,111.0,10.0,50,36,5.0,1
27,Female,Diploma,Kota,TCS,Lead Engineer,E-commerce,Full-time,4,573546,21537,99147.0,50753.0,0.0,0,0.0,518,4,5,1,27.0,0.0,100,11,3.47,0
31,Male,PhD,Bhiwandi,Mphasis,Frontend Developer,Defense,Contract,7,816289,31394,17045.0,606410.0,0.0,0,0.0,537,3,18,3,4.0,0.0,75,11,2.88,0
30,Male,Master,Salem,Infosys,VP Engineering,Consulting,Part-time,8,909629,39445,138604.0,22219.0,459402.0,9188,0.1212,556,2,16,1,35.0,23.0,25,39,3.22,0
53,Female,Bachelor,Surat,Cyient,VP Engineering,SaaS,Contract,33,1997032,67602,21624.0,95040.0,906597.0,18131,0.1089,764,1,64,2,30.0,,25,0,5.0,1
30,Male,Master,Salem,Geometric,Lead Engineer,E-commerce,Hybrid,10,848165,36208,55520.0,248867.0,299529.0,5990,0.0847,547,2,23,3,54.0,21.0,50,8,3.05,0
56,Male,Bachelor,Howrah,Persistent Systems,ETL Developer,FinTech,Contract,35,2130282,94158,92563.0,10378.0,369224.0,7384,0.0416,799,4,74,3,49.0,22.0,50,15,5.0,1
28,Female,Diploma,Kolkata,Publicis Sapient,Business Analyst,FinTech,Full-time,4,268207,7127,319898.0,16283.0,374715.0,7494,0.3353,584,4,9,2,101.0,0.0,50,16,3.26,0
57,Female,PhD,Navi Mumbai,Newgen Software,Scrum Master,Defense,Remote,35,2301641,86090,14342.0,456085.0,637541.0,12750,0.0665,764,5,71,1,103.0,21.0,50,3,5.0,1
40,Female,Bachelor,Coimbatore,Subex,Technical Lead,Banking,Hybrid,17,1164952,37066,1386246.0,3996.0,0.0,0,0.0,673,1,39,1,32.0,8.0,100,23,3.66,0
27,Male,Master,Noida,Mphasis,ML Engineer,Telecom,Contract,5,663308,24553,116999.0,22089.0,1150103.0,23002,0.4161,543,0,7,2,51.0,0.0,100,9,2.35,0
30,Female,Bachelor,Lucknow,KPIT Technologies,Scrum Master,E-commerce,Full-time,7,780163,24077,,8027.0,361753.0,7235,0.1113,526,2,11,2,55.0,0.0,0,11,3.25,0
41,Female,Master,Meerut,Uniphore,Principal Engineer,EdTech,Remote,20,1464536,62736,17412.0,24155.0,0.0,0,0.0,601,4,41,0,75.0,7.0,25,3,3.58,0
34,Female,Bachelor,Jodhpur,Nielsen India,Business Analyst,Startup,Full-time,12,930138,40848,92858.0,,471848.0,9436,0.1217,623,1,28,1,89.0,13.0,50,5,3.23,0
24,Male,Bachelor,Hubballi,Nihilent,DevOps Engineer,Manufacturing,Full-time,2,494195,15122,40316.0,7645.0,1755986.0,35119,0.8528,569,2,7,1,100.0,0.0,100,31,1.25,0
53,Male,Master,Bhilai,Chargebee,DevOps Engineer,Government,Remote,33,2205175,71046,4800.0,40093.0,0.0,0,0.0,729,2,68,2,19.0,23.0,100,31,5.0,1
56,Male,Bachelor,Amritsar,TCS,Database Administrator,Consulting,Full-time,35,2416744,90150,99189.0,82142.0,0.0,0,0.0,817,4,70,2,20.0,14.0,50,24,5.0,1
43,Female,PhD,Kochi,InMobi,Data Analyst,Consulting,Remote,20,1438184,57016,109019.0,240251.0,1932606.0,38652,0.3225,671,4,38,2,17.0,9.0,25,20,3.74,0
38,Male,PhD,Jaipur,Accenture India,ETL Developer,Manufacturing,Full-time,15,1333159,60894,101868.0,102285.0,0.0,0,0.0,670,5,29,1,89.0,22.0,100,25,3.81,0
43,Female,Bachelor,Akola,Datavail Infotech,Software Engineer,SaaS,Remote,20,1317642,34561,45255.0,32646.0,1709898.0,34197,0.3114,618,2,43,2,13.0,3.0,75,1,3.48,0
23,Female,Bachelor,Siliguri,HCL Technologies,ETL Developer,Consulting,Hybrid,2,458537,20956,34945.0,8005.0,1139223.0,22784,0.5963,541,6,6,1,100.0,0.0,75,7,1.36,0
36,Male,Bachelor,Vadodara,Coforge,Senior Data Scientist,Banking,Full-time,13,1016436,39400,16903.0,11009.0,0.0,0,0.0,593,2,28,1,11.0,17.0,25,38,4.3,0
23,Female,Master,Ujjain,Subex,VP Engineering,Manufacturing,Full-time,0,440847,19958,205535.0,60985.0,1668487.0,33369,0.9083,531,1,2,0,85.0,0.0,0,13,1.0,0
29,Male,PhD,Jaipur,GlobalLogic,Product Manager,EdTech,Contract,6,861248,26552,54957.0,8164.0,316126.0,6322,0.0881,540,2,17,3,85.0,0.0,50,31,2.72,0
53,Male,Bachelor,Kolhapur,Genpact,Technical Lead,SaaS,Hybrid,33,2021150,58465,,942.0,1474516.0,29490,0.1751,709,3,63,3,99.0,20.0,100,13,4.9,1
48,Female,Bachelor,Jamshedpur,Hexaware,Engineering Manager,E-commerce,Remote,24,1511058,53535,31819.0,48514.0,0.0,0,0.0,745,3,49,0,0.0,17.0,0,30,4.76,1
48,Male,Master,Navi Mumbai,InMobi,System Architect,FinTech,Full-time,28,1872890,62890,45772.0,192535.0,379294.0,7585,0.0486,801,2,55,2,85.0,,0,18,4.51,1
34,Female,Master,Hubballi,Robosoft,Network Engineer,Telecom,Full-time,10,951761,24571,73669.0,139307.0,152779.0,3055,0.0385,659,3,25,4,109.0,3.0,0,24,3.36,0
29,Male,Master,Jodhpur,Net Solutions,Project Manager,Manufacturing,Full-time,7,697647,30945,406481.0,104625.0,868905.0,17378,0.2989,531,2,19,2,6.0,0.0,50,38,3.09,0
37,Female,PhD,Rajkot,Mphasis,Database Administrator,Banking,Full-time,15,1380883,44460,6520.0,51198.0,800982.0,16019,0.1392,556,1,28,0,83.0,12.0,50,29,3.25,0
42,Male,Master,Gulbarga,Zetwerk,System Architect,Banking,Part-time,19,1347173,36795,281794.0,22131.0,0.0,0,0.0,610,3,40,2,62.0,16.0,100,36,4.69,1
46,Male,Bachelor,Nellore,Hexaware,AI Researcher,Consulting,Full-time,26,1751324,68394,83103.0,,1198321.0,23966,0.1642,712,4,54,1,49.0,14.0,50,10,3.85,0
23,Male,Bachelor,Jodhpur,Srijan Technologies,Security Analyst,FinTech,Full-time,0,292768,8596,331803.0,4738.0,0.0,0,0.0,568,4,0,3,48.0,0.0,25,33,3.03,0
24,Female,Bachelor,Firozabad,Intellect Design,Project Manager,SaaS,Full-time,1,463886,15057,,19888.0,692957.0,13859,0.3585,482,0,2,1,64.0,0.0,50,15,2.02,0
44,Male,Bachelor,Patna,BrowserStack,Lead Engineer,Startup,Full-time,24,1568879,57757,81874.0,292932.0,1016041.0,20320,0.1554,721,5,46,2,87.0,12.0,75,28,4.27,0
44,Male,Bachelor,Siliguri,Uniphore,Test Automation Engineer,Consulting,Contract,22,1582563,61698,63136.0,32350.0,0.0,0,0.0,727,2,41,2,44.0,13.0,50,26,4.75,1
32,Male,Master,Nashik,ThoughtWorks India,VP Engineering,Banking,Remote,12,1057527,41258,68743.0,2440.0,1945162.0,38903,0.4414,658,4,27,2,79.0,17.0,50,31,3.41,0
54,Female,Bachelor,Ahmedabad,Persistent Systems,Lead Engineer,Government,Full-time,34,2188469,70165,60980.0,18387.0,0.0,0,0.0,699,5,70,3,59.0,4.0,75,11,5.0,0
57,Male,Bachelor,Nashik,Sonata Software,Full Stack Developer,E-commerce,Remote,34,2182671,91998,145767.0,1390.0,0.0,0,0.0,761,2,69,0,39.0,4.0,100,15,5.0,0
31,Female,Diploma,Raipur,Datamatics,Lead Engineer,HealthTech,Remote,7,596490,17304,24860.0,2232.0,196601.0,3932,0.0791,566,3,14,2,98.0,,50,30,2.93,0
33,Male,Bachelor,Hubballi,Byju s,ML Engineer,Defense,Contract,12,1182389,41873,118207.0,29716.0,0.0,0,0.0,630,5,22,3,46.0,18.0,50,0,3.85,0
23,Male,Master,Bhilai,Mastek,Full Stack Developer,HealthTech,Contract,0,514118,12909,90645.0,187419.0,296423.0,5928,0.1384,458,1,0,1,61.0,0.0,25,9,2.27,0
48,Male,Diploma,Akola,Genpact,QA Engineer,Telecom,Remote,24,1603894,39454,124784.0,53768.0,1286016.0,25720,0.1924,623,7,52,1,11.0,20.0,25,22,4.02,0
25,Male,Diploma,Salem,EXL Service,AI Researcher,Startup,Full-time,1,246004,9128,253439.0,20862.0,0.0,0,0.0,573,4,2,1,62.0,0.0,100,17,3.26,0
24,Female,Bachelor,Bhubaneswar,Sigmoid Analytics,Software Engineer,Government,Contract,0,180000,6516,11702.0,53970.0,0.0,0,0.0,500,2,0,1,103.0,0.0,75,30,2.11,0
54,Male,Master,Srinagar,Happiest Minds,Security Analyst,Banking,Full-time,30,2047449,81682,102839.0,18660.0,1902517.0,38050,0.223,702,2,62,2,20.0,11.0,25,32,4.14,0
55,Male,Bachelor,Guwahati,Geometric,Product Manager,Consulting,Hybrid,34,2177370,85064,718824.0,156848.0,480873.0,9617,0.053,805,4,73,1,56.0,15.0,100,18,4.56,0
56,Male,Bachelor,Agra,Uniphore,Business Analyst,Startup,Full-time,33,2228864,91099,29645.0,64569.0,0.0,0,0.0,687,6,67,1,,13.0,75,28,4.67,1
28,Male,High School,Bangalore,Srijan Technologies,Solutions Architect,Banking,Full-time,4,426486,11546,44009.0,7258.0,1255643.0,25112,0.7066,611,6,8,3,22.0,,100,35,2.24,0
53,Female,Bachelor,Chennai,Nihilent,QA Engineer,EdTech,Full-time,33,2062961,52837,250781.0,3462.0,1281638.0,25632,0.1491,837,0,71,2,115.0,10.0,50,22,4.92,1
32,Female,Master,Agra,Net Solutions,Mobile Developer,Banking,Full-time,9,886564,22758,358234.0,34728.0,1219125.0,24382,0.33,627,5,15,1,58.0,13.0,50,4,3.28,0
27,Female,Master,Bhilai,Mindtree,Engineering Manager,FinTech,Hybrid,6,813343,26393,8286.0,77825.0,1251464.0,25029,0.3693,518,2,14,3,9.0,0.0,75,32,2.35,0
55,Female,Master,Jabalpur,Mindtree,Data Analyst,Startup,Full-time,34,2279529,78917,448602.0,,1707942.0,34158,0.1798,733,2,68,4,102.0,19.0,50,11,5.0,1
34,Female,Master,Aurangabad,Persistent Systems,Data Analyst,Telecom,Full-time,14,1236141,37231,324496.0,11994.0,0.0,0,0.0,638,1,31,2,7.0,2.0,50,29,3.44,0
44,Male,Bachelor,Noida,Zomato,Data Analyst,Defense,Contract,23,1564773,68315,62604.0,38820.0,393829.0,7876,0.0604,646,5,44,1,83.0,13.0,50,8,4.66,1
38,Female,Bachelor,Bhopal,KPIT Technologies,Project Manager,Defense,Full-time,15,1056057,41192,334869.0,30423.0,525138.0,10502,0.1193,587,2,31,1,28.0,16.0,25,4,4.19,0
27,Male,Master,Saharanpur,Cyient,Senior Software Engineer,Government,Full-time,6,648079,25750,26871.0,26584.0,1416796.0,28335,0.5247,515,5,15,0,100.0,0.0,50,19,1.32,0
57,Male,Master,Bhubaneswar,Zerodha,Database Administrator,EdTech,Contract,35,2268730,69319,25034.0,,1161787.0,23235,0.1229,724,3,70,1,107.0,2.0,75,25,4.84,0
29,Male,Master,Varanasi,Kellton Tech,Director of Engineering,Telecom,Full-time,6,790740,26983,76814.0,7283.0,345405.0,6908,0.1048,590,4,9,0,96.0,0.0,50,33,3.89,0
40,Male,Bachelor,Bhiwandi,Zensar Technologies,VP Engineering,EdTech,Remote,16,1164711,41344,17310.0,,1077020.0,21540,0.2219,680,2,36,0,60.0,20.0,50,16,3.62,0
56,Male,Bachelor,Chandigarh,Swiggy,Solutions Architect,FinTech,Contract,32,2038919,75750,,11041.0,1535228.0,30704,0.1807,702,1,68,1,63.0,19.0,50,11,4.34,0
30,Male,Bachelor,Jodhpur,Accenture India,AI Researcher,Government,Remote,7,617434,26239,18952.0,28755.0,761708.0,15234,0.2961,576,2,15,0,114.0,0.0,0,39,3.17,0
39,Female,Master,Aurangabad,Persistent Systems,Director of Engineering,Defense,Contract,17,1316075,45275,14917.0,1559.0,114091.0,2281,0.0208,690,3,38,3,104.0,21.0,50,36,3.88,0
22,Female,Bachelor,Mumbai,Zerodha,Senior Data Scientist,Manufacturing,Contract,0,368711,9777,290695.0,43128.0,1912335.0,38246,1.2447,513,1,4,1,35.0,0.0,0,8,1.0,0
30,Male,Master,Akola,Tech Mahindra,Security Analyst,Manufacturing,Full-time,10,925798,40139,6932.0,165398.0,1153280.0,23065,0.299,537,3,22,0,1.0,3.0,50,0,3.22,0
55,Female,PhD,Nanded,eClerx,Test Automation Engineer,Defense,Contract,35,2494980,95778,5941.0,49115.0,633207.0,12664,0.0609,856,6,74,4,22.0,4.0,75,38,4.99,1
48,Male,Bachelor,Malegaon,Tata Elxsi,DevOps Engineer,Consulting,Full-time,27,1887506,69006,77650.0,109224.0,0.0,0,0.0,673,3,57,0,23.0,12.0,75,10,4.03,0
37,Male,Master,Bikaner,Coda Global,Lead Engineer,EdTech,Full-time,13,1114102,41904,36220.0,4511.0,0.0,0,0.0,600,2,27,3,16.0,19.0,100,36,3.44,0
57,Non-binary,Diploma,Mysuru,KPIT Technologies,Technical Lead,EdTech,Full-time,35,2087250,85023,121608.0,6321.0,955825.0,19116,0.1099,752,1,69,2,86.0,5.0,0,33,5.0,0
43,Male,Bachelor,Kalyan,Nucleus Software,IT Consultant,FinTech,Full-time,21,1331464,42228,16692.0,,1886492.0,37729,0.34,701,2,46,2,114.0,7.0,0,14,3.59,0
41,Male,Bachelor,Dehradun,Swiggy,Test Automation Engineer,Startup,Contract,19,1263538,32570,287555.0,23783.0,1994369.0,39887,0.3788,589,3,43,4,88.0,23.0,0,37,2.31,0
32,Female,Bachelor,Gwalior,Geometric,Project Manager,Startup,Full-time,9,656623,29200,65221.0,16480.0,973315.0,19466,0.3557,569,3,15,2,80.0,12.0,100,36,2.78,0
52,Male,Bachelor,Jabalpur,CleverTap,Database Administrator,Banking,Contract,29,1987838,91066,29157.0,95473.0,326419.0,6528,0.0394,673,2,61,4,10.0,10.0,25,15,4.3,0
36,Male,Bachelor,Hubballi,Wipro,VP Engineering,Manufacturing,Contract,16,1148240,28914,33524.0,28837.0,830839.0,16616,0.1736,608,2,35,3,4.0,9.0,75,20,3.13,0
32,Non-binary,Master,Surat,Cyient,Principal Engineer,Manufacturing,Part-time,8,874787,34164,40125.0,176737.0,206583.0,4131,0.0567,585,6,16,3,48.0,10.0,25,1,3.63,0
42,Non-binary,Bachelor,Solapur,WNS Global,Technical Lead,Manufacturing,Hybrid,19,1410874,61304,50505.0,85203.0,367061.0,7341,0.0624,604,5,40,0,82.0,17.0,75,1,3.57,0
51,Female,Bachelor,Jaipur,Zensar Technologies,Data Analyst,FinTech,Part-time,31,2030925,62644,97122.0,34557.0,1385070.0,27701,0.1637,757,1,59,0,86.0,3.0,100,37,4.67,0
23,Male,Master,Bangalore,L&T Infotech,Network Engineer,FinTech,Full-time,0,428388,16246,42282.0,12066.0,1321915.0,26438,0.7406,568,6,0,0,110.0,0.0,0,24,1.45,0
51,Male,Master,Kochi,Freshworks,Business Analyst,Startup,Hybrid,30,2055436,54717,7855.0,15086.0,0.0,0,0.0,666,2,62,2,28.0,21.0,0,7,4.46,1
44,Female,Bachelor,Jaipur,PhonePe,IT Consultant,HealthTech,Full-time,20,1298843,48249,119151.0,11057.0,0.0,0,0.0,666,2,42,1,,3.0,100,5,4.56,0
38,Female,PhD,Ujjain,Robosoft,Cloud Architect,E-commerce,Full-time,16,1291465,42492,167235.0,46954.0,0.0,0,0.0,592,0,30,1,111.0,,75,35,4.49,1
30,Male,PhD,Gulbarga,Sonata Software,ML Engineer,Telecom,Full-time,9,902306,35011,105305.0,58545.0,134872.0,2697,0.0359,543,2,21,3,72.0,14.0,75,2,3.28,0
40,Male,Diploma,Cuttack,Srijan Technologies,Business Analyst,Telecom,Full-time,19,1299377,57624,70961.0,77252.0,1313887.0,26277,0.2427,706,2,40,0,88.0,12.0,50,35,3.26,0
47,Female,Bachelor,Kochi,Datavail Infotech,Data Analyst,HealthTech,Remote,25,1591986,66653,38158.0,,0.0,0,0.0,665,3,51,2,12.0,20.0,75,14,4.23,1
50,Male,Master,Dehradun,EXL Service,ML Engineer,FinTech,Full-time,28,1886151,84644,61354.0,6334.0,1818970.0,36379,0.2314,667,2,59,2,36.0,5.0,25,21,3.85,0
23,Non-binary,Bachelor,Solapur,Byju s,Senior Software Engineer,SaaS,Full-time,1,431388,16931,35932.0,366955.0,878644.0,17572,0.4888,454,5,4,2,28.0,0.0,0,17,1.71,0
54,Male,Master,Bangalore,Quick Heal,IT Consultant,HealthTech,Full-time,32,2087679,92768,,1937.0,0.0,0,0.0,776,0,63,2,26.0,4.0,75,7,5.0,1
28,Male,PhD,Ahmedabad,Infosys,Backend Developer,FinTech,Hybrid,7,650470,19307,836617.0,3338.0,0.0,0,0.0,628,2,13,1,37.0,0.0,75,13,4.23,0
28,Female,Bachelor,Guwahati,Zensar Technologies,Test Automation Engineer,Consulting,Contract,4,488591,16235,231516.0,203141.0,1764992.0,35299,0.867,467,3,6,3,82.0,0.0,75,1,1.0,0
38,Female,High School,Bhilai,Mastek,Backend Developer,Telecom,Hybrid,17,1145963,35650,21977.0,,1246710.0,24934,0.2611,682,2,33,3,78.0,15.0,50,6,4.2,0
44,Male,Bachelor,Udaipur,Subex,Frontend Developer,Startup,Hybrid,22,1485720,61586,116864.0,96205.0,1564902.0,31298,0.2528,663,1,45,1,97.0,,50,4,3.95,0
22,Male,Bachelor,Howrah,Datamatics,Test Automation Engineer,Startup,Full-time,0,273147,11812,30272.0,,0.0,0,0.0,578,0,3,3,31.0,0.0,0,21,2.82,0
37,Male,Bachelor,Coimbatore,Vedantu,Network Engineer,Manufacturing,Full-time,15,1205713,30449,36798.0,,0.0,0,0.0,578,5,35,1,107.0,13.0,25,21,4.02,0
25,Male,Bachelor,Srinagar,Capgemini India,Database Administrator,Startup,Full-time,5,519415,17758,,86894.0,172578.0,3451,0.0797,487,3,8,3,103.0,0.0,75,32,2.5,0
29,Male,Master,Agra,Cybage,Data Analyst,E-commerce,Full-time,9,834973,29828,207193.0,236992.0,0.0,0,0.0,543,2,21,3,13.0,23.0,50,34,3.84,0
24,Male,Bachelor,Guwahati,CRED,Data Scientist,E-commerce,Contract,4,596302,20580,339602.0,24859.0,1939945.0,38798,0.7808,507,2,7,2,,0.0,0,22,1.76,0
34,Male,Master,Madurai,NIIT Technologies,Product Manager,Manufacturing,Full-time,14,1220765,35255,2079.0,38498.0,0.0,0,0.0,690,1,26,1,81.0,2.0,100,0,4.6,1
42,Female,Bachelor,Bangalore,Quick Heal,Senior Data Scientist,SaaS,Contract,19,1335467,43971,96528.0,4477.0,0.0,0,0.0,650,2,35,2,94.0,18.0,100,10,4.22,0
50,Female,Bachelor,Jalgaon,Nagarro India,Technical Lead,E-commerce,Full-time,27,1899688,45010,64652.0,58573.0,1851323.0,37026,0.2339,696,7,51,4,42.0,18.0,25,5,4.65,1
31,Female,Bachelor,Madurai,Cognizant,Data Scientist,Startup,Hybrid,11,873202,25424,,13146.0,0.0,0,0.0,601,2,24,2,113.0,15.0,75,28,3.35,0
35,Female,Master,Bhiwandi,Groww,Principal Engineer,Banking,Full-time,14,1086145,44769,100014.0,3147.0,756372.0,15127,0.1671,602,3,30,1,106.0,8.0,50,36,3.89,0
44,Male,Bachelor,Kanpur,Subex,Cloud Architect,Defense,Remote,23,1621935,51476,79729.0,10282.0,222310.0,4446,0.0329,653,2,46,1,25.0,3.0,100,35,4.48,1
57,Male,PhD,Amritsar,Vedantu,ML Engineer,E-commerce,Full-time,33,2380281,88060,27175.0,726.0,1562630.0,31252,0.1576,819,0,65,0,32.0,23.0,50,30,4.16,1
56,Female,Diploma,Bikaner,Capgemini India,Software Engineer,Defense,Full-time,35,2135720,97038,38690.0,10626.0,670293.0,13405,0.0753,816,5,75,1,75.0,4.0,100,37,5.0,0
47,Male,PhD,Surat,Hexaware,Senior Data Scientist,SaaS,Contract,24,1758277,43749,38665.0,25123.0,0.0,0,0.0,627,3,46,5,91.0,21.0,75,11,4.36,1
48,Female,Master,Gulbarga,Syntel India,Senior Software Engineer,Startup,Contract,28,1952317,76902,32706.0,7920.0,1969838.0,39396,0.2421,663,4,56,3,3.0,5.0,50,15,4.74,0
43,Female,High School,Moradabad,Mindtree,BI Developer,EdTech,Contract,21,1394341,42347,224775.0,121172.0,596626.0,11932,0.1027,663,2,46,1,83.0,12.0,100,16,3.9,0
41,Female,High School,Firozabad,Xoriant,Product Manager,EdTech,Full-time,17,1210220,29469,41743.0,16540.0,1031019.0,20620,0.2045,671,3,37,3,23.0,4.0,100,27,4.49,0
44,Male,Master,Kalyan,Mphasis,System Architect,HealthTech,Full-time,20,1544371,52507,133306.0,8646.0,0.0,0,0.0,689,1,45,3,91.0,5.0,100,11,4.9,1
54,Female,Bachelor,Delhi,Nucleus Software,IT Consultant,Consulting,Full-time,34,2060743,87436,90502.0,27792.0,0.0,0,0.0,829,3,72,2,31.0,8.0,0,15,4.87,1
39,Female,Bachelor,Jamshedpur,Publicis Sapient,Backend Developer,SaaS,Contract,19,1492183,40936,6680.0,7857.0,53940.0,1078,0.0087,714,1,43,3,10.0,14.0,100,28,3.85,0
42,Male,Diploma,Navi Mumbai,Xoriant,VP Engineering,E-commerce,Full-time,22,1392018,37146,,9783.0,0.0,0,0.0,664,1,44,3,65.0,13.0,0,35,3.88,0
56,Male,PhD,Aligarh,Net Solutions,ML Engineer,Startup,Hybrid,32,2306917,88988,34436.0,,743409.0,14868,0.0773,751,4,64,3,114.0,23.0,75,18,5.0,1
36,Male,Bachelor,Kanpur,Zoho,Backend Developer,Consulting,Remote,16,987674,38107,35529.0,208768.0,1771439.0,35428,0.4304,627,3,36,1,55.0,22.0,0,13,3.05,0
53,Male,Diploma,Amritsar,Unacademy,Business Analyst,Banking,Contract,31,2045193,84084,117806.0,35784.0,0.0,0,0.0,827,2,60,1,27.0,22.0,50,32,5.0,1
56,Male,Bachelor,Firozabad,Genpact,Principal Engineer,Manufacturing,Full-time,35,2324151,64839,81439.0,5790.0,0.0,0,0.0,756,1,74,2,65.0,2.0,25,11,5.0,1
32,Male,Bachelor,Varanasi,Chargebee,Full Stack Developer,Defense,Full-time,8,736924,31768,24129.0,4820.0,0.0,0,0.0,618,1,18,3,67.0,15.0,50,14,3.15,0
25,Male,Diploma,Jamnagar,Zensar Technologies,ML Engineer,Defense,Full-time,4,455622,20339,24322.0,16597.0,923336.0,18466,0.4863,597,1,8,3,71.0,0.0,50,29,2.47,0
28,Male,Master,Meerut,Infosys,Technical Lead,Banking,Full-time,8,774022,23841,229627.0,,0.0,0,0.0,581,1,15,0,70.0,17.0,75,35,3.88,0
28,Female,Bachelor,Dehradun,WNS Global,Engineering Manager,Telecom,Hybrid,8,756366,29294,217242.0,16769.0,1135568.0,22711,0.3603,535,2,19,2,111.0,12.0,50,12,2.57,0
28,Non-binary,Bachelor,Aligarh,Kellton Tech,Solutions Architect,Startup,Hybrid,4,421772,15539,54121.0,25998.0,1692483.0,33849,0.963,520,2,6,1,65.0,0.0,100,30,1.0,0
28,Male,Diploma,Hyderabad,Coda Global,VP Engineering,EdTech,Contract,7,686759,27507,173232.0,25601.0,598070.0,11961,0.209,498,7,13,1,71.0,0.0,25,19,2.52,0
34,Male,Master,Ajmer,Nihilent,Engineering Manager,Telecom,Full-time,13,1089779,29898,50231.0,20842.0,1367259.0,27345,0.3011,631,2,23,1,82.0,5.0,75,33,3.76,0
37,Female,Master,Ranchi,Nagarro India,Full Stack Developer,Telecom,Full-time,16,1116479,43190,23665.0,473078.0,0.0,0,0.0,576,3,34,3,78.0,10.0,75,2,3.16,0
56,Male,Bachelor,Tiruppur,PhonePe,Business Analyst,Manufacturing,Full-time,35,2101279,50055,132338.0,1048.0,0.0,0,0.0,778,3,75,3,75.0,3.0,0,38,5.0,1
29,Female,PhD,Dehradun,Cybage,Cloud Architect,Telecom,Full-time,5,684570,23120,34308.0,6435.0,1036891.0,20737,0.3635,516,1,12,1,32.0,0.0,0,31,2.31,0
32,Male,Bachelor,Ludhiana,Meesho,Data Scientist,Telecom,Full-time,8,627409,21741,20592.0,55976.0,0.0,0,0.0,525,5,16,2,4.0,19.0,50,10,3.1,0
42,Male,Bachelor,Delhi,Razorpay,DevOps Engineer,SaaS,Full-time,19,1304228,48069,13503.0,79326.0,1897881.0,37957,0.3492,596,2,36,2,40.0,23.0,75,36,2.78,0
35,Male,Bachelor,Malegaon,Tata Elxsi,Frontend Developer,SaaS,Full-time,14,900825,27469,31740.0,120572.0,142084.0,2841,0.0378,601,2,29,5,57.0,7.0,50,20,3.99,0
34,Female,PhD,Bhubaneswar,Geometric,Security Analyst,Manufacturing,Remote,13,1023407,32665,502120.0,39273.0,1746962.0,34939,0.4097,599,3,30,1,39.0,24.0,50,36,3.02,0
43,Female,Bachelor,Siliguri,Sigmoid Analytics,ETL Developer,E-commerce,Full-time,22,1579081,40237,39143.0,,1495563.0,29911,0.2273,688,0,46,0,62.0,20.0,75,33,4.58,0
51,Male,Bachelor,Lucknow,Capgemini India,ETL Developer,FinTech,Remote,31,2064325,61570,24940.0,181155.0,0.0,0,0.0,753,5,64,0,56.0,16.0,100,33,4.14,0
43,Female,Master,Noida,Apexon,Full Stack Developer,Banking,Part-time,21,1383819,51927,64383.0,215052.0,726997.0,14539,0.1261,694,2,39,1,72.0,9.0,100,24,3.9,0
52,Male,High School,Hubballi,Trigent,System Architect,EdTech,Contract,29,1724277,68412,141714.0,,0.0,0,0.0,779,3,57,2,110.0,11.0,75,16,5.0,1
29,Female,Bachelor,Jhansi,Uniphore,System Architect,HealthTech,Full-time,7,710510,25488,44185.0,40432.0,0.0,0,0.0,482,4,16,3,33.0,0.0,50,33,3.14,0
35,Male,Master,Coimbatore,Nagarro India,Test Automation Engineer,FinTech,Contract,13,1206956,35910,114190.0,187836.0,1812984.0,36259,0.3605,590,3,31,1,48.0,5.0,50,11,3.05,0
25,Male,Bachelor,Gurgaon,Publicis Sapient,Product Manager,Consulting,Remote,1,361332,8802,,80556.0,0.0,0,0.0,556,2,4,0,56.0,0.0,75,27,3.03,0
31,Male,Master,Dehradun,Cognizant,Data Analyst,EdTech,Hybrid,11,1059516,26208,,29183.0,312470.0,6249,0.0708,622,2,24,3,26.0,18.0,75,7,3.69,0
42,Male,Bachelor,Tiruchirappalli,Intellect Design,Software Engineer,SaaS,Contract,21,1458061,34313,,1578.0,1236101.0,24722,0.2035,618,3,47,2,,4.0,75,17,4.15,0
26,Male,Bachelor,Gulbarga,Tech Mahindra,QA Engineer,Consulting,Full-time,2,422501,14228,34350.0,120877.0,180077.0,3601,0.1023,545,4,8,2,116.0,0.0,50,24,1.96,0
37,Female,PhD,Coimbatore,NIIT Technologies,DevOps Engineer,Consulting,Full-time,17,1245196,41525,131343.0,4962.0,577952.0,11559,0.1114,606,1,32,8,55.0,,50,14,4.12,1
35,Male,Bachelor,Udaipur,Chargebee,DevOps Engineer,Telecom,Hybrid,12,1042184,39829,,122693.0,0.0,0,0.0,555,2,24,1,35.0,12.0,100,6,3.56,0
27,Female,PhD,Hyderabad,Syntel India,Cloud Architect,SaaS,Full-time,6,870478,26273,627910.0,19624.0,0.0,0,0.0,585,3,13,2,119.0,0.0,75,38,3.12,0
35,Male,Master,Bikaner,Druva,Mobile Developer,Consulting,Remote,15,1200297,49442,69562.0,10798.0,454992.0,9099,0.091,546,4,32,1,6.0,22.0,75,32,3.58,0
22,Male,Bachelor,Pune,Birlasoft,ETL Developer,Consulting,Remote,0,207241,8152,22472.0,47990.0,836879.0,16737,0.9691,505,6,1,1,27.0,,100,34,2.27,0
53,Male,PhD,Aligarh,Mindtree,QA Engineer,Government,Contract,31,2171019,80997,14727.0,23397.0,1834257.0,36685,0.2028,721,1,61,3,61.0,10.0,0,28,4.63,1
49,Male,Master,Jamnagar,Coda Global,Project Manager,FinTech,Part-time,28,1875950,52554,120449.0,10603.0,0.0,0,0.0,724,6,60,0,61.0,,75,2,4.9,1
48,Female,Diploma,Aurangabad,Capgemini India,Scrum Master,Manufacturing,Hybrid,26,1751673,40932,56041.0,11759.0,269130.0,5382,0.0369,749,5,57,0,64.0,8.0,25,7,4.63,1
28,Male,Bachelor,Amritsar,Datavail Infotech,BI Developer,Government,Full-time,7,660555,24878,18405.0,44542.0,0.0,0,0.0,558,3,13,2,37.0,0.0,75,27,3.21,0
37,Male,Master,Vadodara,Persistent Systems,Database Administrator,Manufacturing,Full-time,17,1189385,41193,273399.0,2053.0,726892.0,14537,0.1467,585,5,38,3,42.0,,100,24,3.26,0
43,Male,High School,Bhiwandi,BrowserStack,Database Administrator,Banking,Full-time,23,1666144,44537,292708.0,94976.0,1270661.0,25413,0.183,687,2,46,0,55.0,23.0,25,3,4.29,0
54,Male,Diploma,Delhi,Meesho,DevOps Engineer,EdTech,Hybrid,32,1888067,51384,752888.0,,,0,0.0,746,2,64,3,49.0,10.0,50,9,4.85,1
43,Female,Diploma,Rajkot,Syntel India,VP Engineering,HealthTech,Hybrid,19,1283576,47152,87748.0,4249.0,0.0,0,0.0,644,4,39,0,,,50,15,3.27,0
25,Female,Master,Loni,Cybage,VP Engineering,Startup,Hybrid,2,540599,12650,79009.0,20246.0,1218500.0,24370,0.541,595,2,9,1,71.0,0.0,100,18,1.16,0
55,Female,Master,Agra,CRED,Lead Engineer,FinTech,Contract,31,2186997,77962,,,0.0,0,0.0,791,0,62,0,29.0,13.0,100,8,5.0,1
47,Male,Bachelor,Jalandhar,Birlasoft,Frontend Developer,HealthTech,Full-time,26,1661423,47933,77652.0,5567.0,283721.0,5674,0.041,684,3,51,3,78.0,7.0,50,29,4.52,1
49,Female,PhD,Madurai,Firstsource,Data Analyst,FinTech,Full-time,27,2032466,67890,32642.0,10614.0,0.0,0,0.0,663,3,58,2,88.0,2.0,75,5,4.41,0
50,Male,Diploma,Indore,Meesho,DevOps Engineer,Manufacturing,Contract,29,1667469,39511,70781.0,7732.0,299217.0,5984,0.0431,679,6,58,1,42.0,6.0,50,17,4.61,0
23,Female,Bachelor,Asansol,Quick Heal,VP Engineering,HealthTech,Full-time,0,295748,9579,45444.0,51227.0,0.0,0,0.0,451,3,0,3,103.0,0.0,0,0,2.41,0
23,Female,High School,Mysuru,Tata Elxsi,Solutions Architect,Manufacturing,Contract,1,326250,8244,14139.0,7620.0,241416.0,4828,0.1776,472,2,1,1,58.0,0.0,50,30,2.28,0
27,Male,Bachelor,Solapur,Kellton Tech,Technical Lead,FinTech,Full-time,7,790526,26599,153024.0,116702.0,0.0,0,0.0,480,4,11,1,104.0,0.0,0,11,2.44,0
48,Male,Bachelor,Nanded,WNS Global,Product Manager,Government,Hybrid,25,1631795,53889,73896.0,37181.0,1521298.0,30425,0.2237,755,3,47,0,54.0,14.0,75,1,4.0,0
31,Male,Diploma,Siliguri,Persistent Systems,QA Engineer,Banking,Full-time,10,842760,19900,119058.0,16133.0,0.0,0,0.0,523,2,22,4,89.0,10.0,100,39,2.87,0
22,Male,Diploma,Akola,Vedantu,Backend Developer,E-commerce,Contract,0,180000,4651,13167.0,8468.0,0.0,0,0.0,552,4,0,2,87.0,0.0,50,24,2.79,0
53,Female,Bachelor,Ranchi,Ola,System Architect,Telecom,Full-time,30,1922620,60870,203601.0,13676.0,186485.0,3729,0.0233,693,4,63,2,61.0,,50,19,4.77,1
55,Female,Master,Hubballi,Datamatics,Network Engineer,SaaS,Full-time,31,1977768,68806,320199.0,136584.0,0.0,0,0.0,734,5,64,1,71.0,17.0,25,36,5.0,1
37,Male,Diploma,Kolkata,Subex,Cloud Architect,EdTech,Contract,13,911562,25538,16776.0,89313.0,0.0,0,0.0,631,3,30,2,25.0,20.0,25,12,3.87,0
57,Male,Master,Malegaon,KPIT Technologies,Technical Lead,Consulting,Full-time,33,2180202,62753,24266.0,47305.0,362116.0,7242,0.0399,779,1,71,2,116.0,6.0,50,38,5.0,1
26,Male,Bachelor,Cuttack,Happiest Minds,Senior Data Scientist,Manufacturing,Full-time,3,654571,15582,416558.0,5298.0,0.0,0,0.0,486,0,7,2,13.0,0.0,0,30,2.61,0
28,Male,Diploma,Amritsar,Meesho,BI Developer,Banking,Remote,5,472057,14192,259933.0,28056.0,1774968.0,35499,0.9024,562,1,15,3,76.0,0.0,100,29,1.82,0
24,Female,PhD,Pune,BrowserStack,QA Engineer,E-commerce,Part-time,0,301174,8598,168180.0,35020.0,519980.0,10399,0.4143,545,2,0,3,28.0,0.0,0,28,3.01,0
50,Female,Master,Salem,Ola,ETL Developer,Manufacturing,Remote,29,1929135,66824,41180.0,28018.0,0.0,0,0.0,701,1,62,1,85.0,24.0,75,18,4.37,1
35,Female,Master,Varanasi,IBM India,Network Engineer,Manufacturing,Full-time,11,948802,25942,81893.0,9357.0,1281881.0,25637,0.3242,620,2,23,1,18.0,13.0,75,13,2.13,0
30,Male,Master,Howrah,WNS Global,Senior Software Engineer,FinTech,Hybrid,9,905829,33163,4035.0,23871.0,1286309.0,25726,0.3408,580,3,21,2,41.0,8.0,100,38,3.14,0
55,Male,Bachelor,Indore,Trigent,Technical Lead,Defense,Remote,31,1880977,52182,26742.0,174282.0,1707540.0,34150,0.2179,703,1,66,2,82.0,22.0,50,20,4.49,0
55,Male,PhD,Surat,Publicis Sapient,Solutions Architect,E-commerce,Full-time,35,2498452,90319,165630.0,302736.0,0.0,0,0.0,720,1,67,2,66.0,12.0,50,15,5.0,1
55,Male,Master,Bhubaneswar,Trigent,Test Automation Engineer,Consulting,Hybrid,34,2169270,61011,157919.0,85158.0,1380197.0,27603,0.1527,714,3,69,1,91.0,9.0,50,16,5.0,1
48,Female,Bachelor,Loni,Robosoft,Security Analyst,E-commerce,Full-time,24,1718285,73012,67895.0,20683.0,1332087.0,26641,0.1861,639,3,49,0,,3.0,25,23,4.65,0
52,Male,Diploma,Bhopal,Firstsource,ETL Developer,Defense,Hybrid,29,1747480,74270,119353.0,98269.0,0.0,0,0.0,762,1,60,4,94.0,9.0,0,37,5.0,0
46,Female,Diploma,Chennai,Chargebee,Senior Software Engineer,EdTech,Hybrid,25,1643720,62042,19076.0,20009.0,1431790.0,28635,0.2091,685,3,48,0,20.0,18.0,75,1,4.21,0
52,Male,Master,Srinagar,Zoho,VP Engineering,Banking,Full-time,31,2071759,52226,122869.0,3452.0,416698.0,8333,0.0483,812,6,67,3,85.0,6.0,50,25,5.0,1
46,Non-binary,Master,Cuttack,BrowserStack,Solutions Architect,Manufacturing,Full-time,26,1841988,65335,33320.0,69461.0,833092.0,16661,0.1085,713,4,50,1,49.0,16.0,25,12,4.46,1
53,Female,Diploma,Bhiwandi,Groww,Lead Engineer,SaaS,Full-time,30,1824934,79788,69792.0,16588.0,127981.0,2559,0.0168,666,3,61,1,82.0,23.0,50,18,4.62,0
39,Male,Bachelor,Navi Mumbai,Hexaware,Data Scientist,Defense,Part-time,17,1266195,52799,463220.0,1992.0,0.0,0,0.0,571,3,37,0,70.0,,50,15,3.96,0
31,Female,Bachelor,Bhiwandi,BrowserStack,System Architect,Banking,Full-time,9,630780,18460,,413656.0,1228787.0,24575,0.4675,601,3,22,2,54.0,8.0,50,23,2.38,0
28,Female,Master,Akola,Mindtree,Full Stack Developer,Manufacturing,Hybrid,5,593397,18649,59358.0,125765.0,295375.0,5907,0.1195,553,3,10,2,106.0,0.0,100,3,2.89,0
43,Female,Bachelor,Varanasi,Robosoft,Lead Engineer,EdTech,Remote,21,1557822,47627,83383.0,98999.0,600166.0,12003,0.0925,591,1,47,2,119.0,,50,3,4.13,0
39,Female,Master,Nagpur,L&T Infotech,Cloud Architect,Banking,Full-time,17,1320526,52379,286104.0,27660.0,0.0,0,0.0,702,0,33,2,41.0,20.0,75,0,4.35,0
40,Non-binary,Bachelor,Bhopal,Nagarro India,BI Developer,HealthTech,Full-time,17,1198983,34370,139553.0,6801.0,480754.0,9615,0.0962,704,5,39,1,66.0,11.0,50,0,4.13,0
52,Female,Bachelor,Nashik,HCL Technologies,Software Engineer,E-commerce,Hybrid,32,2125901,54346,23404.0,15311.0,0.0,0,0.0,692,5,69,4,45.0,8.0,50,7,4.55,1
33,Male,Bachelor,Jodhpur,Cyient,Software Engineer,Manufacturing,Part-time,9,844158,27684,41469.0,9728.0,899521.0,17990,0.2557,516,3,18,1,,9.0,25,29,2.88,0
57,Male,Bachelor,Mumbai,Happiest Minds,Senior Data Scientist,Government,Part-time,35,2143744,83211,6045.0,,1132932.0,22658,0.1268,817,3,73,0,22.0,23.0,0,9,3.97,0
56,Female,Bachelor,Delhi,WNS Global,Test Automation Engineer,Startup,Full-time,35,2117842,84771,85074.0,21056.0,724726.0,14494,0.0821,720,2,72,1,94.0,11.0,25,37,4.93,1
25,Female,Bachelor,Amritsar,Geometric,Senior Data Scientist,Consulting,Full-time,4,459160,17051,44717.0,8789.0,193602.0,3872,0.1012,475,3,12,2,3.0,0.0,0,30,2.25,0
46,Female,Diploma,Ajmer,Zetwerk,QA Engineer,HealthTech,Hybrid,25,1623977,65158,263334.0,18822.0,308239.0,6164,0.0455,743,1,54,2,46.0,14.0,25,36,4.74,1
52,Male,PhD,Noida,CleverTap,Scrum Master,Banking,Full-time,28,1938715,59793,210303.0,14526.0,1634644.0,32692,0.2024,763,4,56,0,,18.0,25,26,4.7,1
31,Male,PhD,Cuttack,NIIT Technologies,Director of Engineering,EdTech,Contract,11,1009846,30729,490595.0,760945.0,1150167.0,23003,0.2733,574,1,19,3,,24.0,50,33,2.57,0
23,Female,Master,Cuttack,Kellton Tech,System Architect,E-commerce,Full-time,2,390367,9999,28041.0,1596.0,1907828.0,38156,1.1729,482,4,2,2,11.0,0.0,50,18,1.68,0
23,Male,Master,Dehradun,Accenture India,IT Consultant,SaaS,Part-time,0,409033,13096,17889.0,15307.0,0.0,0,0.0,492,2,5,1,70.0,0.0,0,31,3.06,0
56,Female,Bachelor,Ahmedabad,Mphasis,Data Analyst,Telecom,Contract,33,2031661,90917,24611.0,34239.0,,36194,0.2138,761,2,70,3,4.0,15.0,50,4,4.06,0
52,Non-binary,Diploma,Kota,EXL Service,Full Stack Developer,E-commerce,Remote,30,1891692,44261,56821.0,5047.0,714732.0,14294,0.0907,705,1,63,0,50.0,8.0,0,13,4.76,1
40,Male,Bachelor,Coimbatore,Sasken,Mobile Developer,E-commerce,Contract,18,1307713,44431,94298.0,21252.0,1569508.0,31390,0.288,590,1,34,1,91.0,,25,3,3.71,0
39,Male,Bachelor,Delhi,Tech Mahindra,Business Analyst,E-commerce,Contract,16,1127585,51202,325267.0,24252.0,637334.0,12746,0.1356,693,0,29,1,68.0,19.0,0,24,4.61,0
43,Male,Bachelor,Srinagar,Accenture India,VP Engineering,Telecom,Contract,21,1530759,58520,39879.0,21058.0,967256.0,19345,0.1517,657,1,43,0,16.0,11.0,100,20,4.13,0
34,Male,Bachelor,Nellore,Happiest Minds,Cloud Architect,HealthTech,Hybrid,10,967083,31825,3733.0,25804.0,1281127.0,25622,0.3179,588,0,18,2,96.0,15.0,100,17,2.93,0
34,Female,Bachelor,Vijayawada,Happiest Minds,Backend Developer,SaaS,Contract,13,1063056,46625,,130021.0,0.0,0,0.0,632,3,28,2,17.0,13.0,100,19,3.75,0
50,Female,Master,Ranchi,Coforge,ML Engineer,HealthTech,Part-time,26,1812186,71872,25235.0,37129.0,0.0,0,0.0,646,0,51,0,,16.0,100,14,4.48,0
49,Female,Master,Kolkata,Srijan Technologies,VP Engineering,HealthTech,Hybrid,27,1898096,54303,8866.0,4440.0,0.0,0,0.0,721,2,56,2,53.0,9.0,75,22,3.96,0
31,Female,Diploma,Kota,Trigent,QA Engineer,HealthTech,Full-time,11,835132,37719,15814.0,3729.0,0.0,0,0.0,524,1,24,0,51.0,,50,5,3.43,0
31,Male,Bachelor,Madurai,Capgemini India,Full Stack Developer,Banking,Remote,8,737558,31081,,23173.0,808919.0,16178,0.2632,641,2,16,4,6.0,3.0,25,27,2.74,0
33,Female,Bachelor,Gwalior,Intellect Design,Project Manager,EdTech,Full-time,12,1014300,29798,62810.0,42139.0,1297490.0,25949,0.307,626,5,29,2,97.0,18.0,0,39,3.99,0
41,Male,Master,Guwahati,Coda Global,Senior Software Engineer,FinTech,Hybrid,18,1260927,55289,117990.0,5239.0,0.0,0,0.0,587,5,35,3,84.0,,25,0,4.04,0
46,Female,High School,Bhubaneswar,Tech Mahindra,VP Engineering,HealthTech,Full-time,22,1390813,54553,27880.0,38054.0,1157565.0,23151,0.1997,742,2,45,4,69.0,,0,13,3.81,0
24,Male,Bachelor,Jamnagar,Geometric,VP Engineering,HealthTech,Remote,4,478093,15614,348722.0,400504.0,1095063.0,21901,0.5497,475,5,9,2,116.0,0.0,50,9,2.52,0
46,Female,Master,Lucknow,Happiest Minds,Data Analyst,SaaS,Hybrid,25,1800030,52386,114453.0,5884.0,0.0,0,0.0,752,1,50,4,118.0,23.0,100,0,5.0,1
38,Non-binary,PhD,Surat,CleverTap,Network Engineer,Banking,Full-time,18,1315978,36808,56015.0,114525.0,0.0,0,0.0,722,2,40,0,69.0,5.0,0,10,4.22,1
32,Female,Bachelor,Delhi,Nihilent,Data Analyst,FinTech,Full-time,10,1000875,43855,9733.0,1119.0,0.0,0,0.0,605,1,19,2,104.0,21.0,75,31,3.78,0
55,Male,Master,Mangalore,Groww,Data Scientist,EdTech,Full-time,35,2268276,59246,35890.0,28569.0,0.0,0,0.0,810,3,74,0,94.0,17.0,0,37,5.0,1
39,Male,High School,Malegaon,Freshworks,Business Analyst,FinTech,Full-time,18,1065166,47944,13510.0,2550.0,0.0,0,0.0,708,4,40,1,35.0,2.0,25,12,3.84,0
55,Male,Master,Tiruppur,Subex,Senior Data Scientist,Defense,Remote,35,2225959,80051,150133.0,166917.0,0.0,0,0.0,843,5,68,4,6.0,16.0,100,7,5.0,1
24,Female,Diploma,Akola,Syntel India,Scrum Master,SaaS,Full-time,4,395173,17395,119233.0,3544.0,,0,0.0,579,2,13,0,102.0,0.0,0,15,3.1,0
29,Male,Master,Chandigarh,KPIT Technologies,Senior Software Engineer,Startup,Full-time,6,711178,22160,138597.0,239286.0,1193826.0,23876,0.4029,470,4,9,1,76.0,0.0,25,18,2.09,0
34,Female,Bachelor,Saharanpur,InMobi,Scrum Master,HealthTech,Full-time,11,920499,38925,167458.0,32608.0,0.0,0,0.0,560,3,22,1,48.0,23.0,50,33,3.29,0
50,Male,Diploma,Meerut,Sasken,Project Manager,EdTech,Full-time,29,1878017,61130,,103238.0,0.0,0,0.0,794,1,62,2,114.0,,0,25,5.0,1
52,Female,Bachelor,Amravati,Kellton Tech,Business Analyst,Telecom,Full-time,29,1861114,46339,304851.0,22425.0,1005997.0,20119,0.1297,675,1,63,0,32.0,6.0,0,39,4.51,0
42,Male,Diploma,Nellore,CRED,Cloud Architect,Consulting,Full-time,22,1409002,55862,20679.0,2446455.0,0.0,0,0.0,680,3,47,2,53.0,7.0,50,17,4.46,1
36,Male,PhD,Delhi,Postman,Principal Engineer,EdTech,Full-time,16,1397849,55012,18582.0,53698.0,991544.0,19830,0.1702,635,1,29,1,97.0,11.0,75,31,3.31,0
39,Female,Bachelor,Vadodara,Birlasoft,Backend Developer,FinTech,Contract,16,1205733,50321,184224.0,,0.0,0,0.0,588,0,30,4,18.0,10.0,0,0,3.14,0
38,Female,Master,Jamnagar,Druva,Solutions Architect,FinTech,Full-time,16,1406360,58841,133302.0,18092.0,1532780.0,30655,0.2616,622,2,36,3,78.0,6.0,0,19,3.51,0
25,Female,Bachelor,Ranchi,Kellton Tech,Data Scientist,E-commerce,Contract,2,409815,10580,67200.0,223139.0,1595910.0,31918,0.9346,491,1,6,1,106.0,0.0,50,15,1.0,0
39,Female,Bachelor,Jamshedpur,Firstsource,Principal Engineer,Banking,Remote,16,1024240,37273,58783.0,27726.0,1531408.0,30628,0.3588,638,6,36,2,112.0,20.0,50,23,3.65,0
56,Male,Diploma,Malegaon,KPIT Technologies,IT Consultant,Defense,Full-time,32,2021913,59833,,133651.0,934809.0,18696,0.111,805,3,69,4,36.0,22.0,75,20,5.0,1
41,Male,PhD,Lucknow,Uniphore,Network Engineer,E-commerce,Contract,20,1368143,43390,55784.0,103527.0,1875427.0,37508,0.329,671,3,41,1,35.0,22.0,50,17,3.69,0
34,Male,Master,Ajmer,Robosoft,Test Automation Engineer,Consulting,Contract,11,1033801,35097,127900.0,107833.0,503192.0,10063,0.1168,652,3,22,2,59.0,2.0,75,20,4.08,0
56,Female,Master,Thiruvananthapuram,Trigent,Engineering Manager,EdTech,Full-time,33,2247398,58522,38488.0,5506.0,336767.0,6735,0.036,723,1,70,3,76.0,14.0,100,38,5.0,1
38,Male,Master,Srinagar,Mastek,Senior Data Scientist,Banking,Full-time,14,1128342,40814,89452.0,11499.0,740484.0,14809,0.1575,672,2,33,1,6.0,7.0,100,25,3.41,0
25,Male,Bachelor,Varanasi,Birlasoft,Director of Engineering,Defense,Full-time,1,446187,15299,216501.0,73500.0,1937229.0,38744,1.042,579,2,4,2,84.0,0.0,50,13,1.19,0
23,Female,Bachelor,Jamshedpur,EXL Service,Frontend Developer,FinTech,Full-time,0,293922,7391,76415.0,17054.0,0.0,0,0.0,509,1,3,1,38.0,0.0,50,23,2.56,0
48,Female,Diploma,Vijayawada,Geometric,Test Automation Engineer,Manufacturing,Contract,27,1798709,74219,165269.0,22429.0,1579935.0,31598,0.2108,757,1,59,0,19.0,18.0,25,4,4.57,1
31,Male,PhD,Ludhiana,Coforge,Frontend Developer,Government,Full-time,11,999555,31104,28480.0,156139.0,,0,0.0,517,0,25,1,80.0,17.0,75,31,3.81,0
52,Female,Bachelor,Madurai,InMobi,Frontend Developer,Consulting,Full-time,30,2000183,68800,,38980.0,257505.0,5150,0.0309,739,1,65,2,79.0,24.0,50,38,4.99,1
36,Male,Bachelor,Udaipur,PhonePe,Data Analyst,Consulting,Remote,16,1016672,29860,92631.0,637822.0,0.0,0,0.0,606,2,36,3,32.0,14.0,0,12,2.9,0
44,Female,Master,Guwahati,TCS,Project Manager,Government,Remote,22,1538241,56082,27547.0,7439.0,0.0,0,0.0,614,4,41,1,98.0,,50,31,3.25,0
38,Male,High School,Aurangabad,eClerx,System Architect,HealthTech,Full-time,15,936323,34271,34275.0,,889224.0,17784,0.2279,616,2,32,0,82.0,3.0,100,34,3.25,0
57,Male,Master,Bhilai,HCL Technologies,Full Stack Developer,E-commerce,Full-time,35,2218217,75261,,17458.0,196559.0,3931,0.0213,724,3,73,1,48.0,,50,24,4.48,1
56,Male,Master,Indore,EXL Service,Principal Engineer,Defense,Full-time,35,2310348,76985,16916.0,43957.0,1673903.0,33478,0.1739,714,6,75,1,86.0,23.0,0,30,5.0,1
57,Male,Diploma,Hyderabad,Net Solutions,Principal Engineer,E-commerce,Full-time,35,2269034,57406,15481.0,7225.0,0.0,0,0.0,824,0,68,2,54.0,12.0,75,23,5.0,1
52,Male,Master,Bhilai,Xoriant,Test Automation Engineer,Defense,Hybrid,29,1942701,83628,65630.0,9172.0,0.0,0,0.0,708,1,56,2,55.0,4.0,50,9,5.0,1
32,Female,Bachelor,Ludhiana,Uniphore,Test Automation Engineer,Telecom,Full-time,8,815202,27101,15988.0,38361.0,1539983.0,30799,0.4534,553,1,15,1,95.0,22.0,0,34,2.8,0
25,Male,Master,Meerut,Kellton Tech,Backend Developer,FinTech,Contract,4,635725,28959,,38978.0,1376388.0,27527,0.5196,504,1,11,2,69.0,0.0,75,14,1.31,0
57,Female,Diploma,Nashik,NIIT Technologies,BI Developer,Consulting,Full-time,34,2117170,64461,97602.0,407001.0,0.0,0,0.0,772,1,72,1,102.0,18.0,50,20,5.0,1
27,Male,Master,Ranchi,Infosys,BI Developer,Banking,Full-time,3,546651,13817,963.0,39821.0,1881843.0,37636,0.8262,540,2,9,3,44.0,0.0,50,37,1.28,0
24,Female,Diploma,Nanded,TCS,Software Engineer,FinTech,Full-time,2,423489,16985,27775.0,7329.0,0.0,0,0.0,571,3,6,3,29.0,0.0,0,9,2.38,0
38,Female,Bachelor,Bhubaneswar,Firstsource,Solutions Architect,Startup,Full-time,18,1373567,43612,8796.0,6710.0,399753.0,7995,0.0698,589,1,41,0,32.0,10.0,50,1,3.5,0
33,Female,Master,Bikaner,Nagarro India,DevOps Engineer,Consulting,Full-time,13,1082422,42714,73021.0,23821.0,670562.0,13411,0.1487,559,1,28,0,99.0,10.0,0,1,3.41,0
44,Female,Master,Vadodara,Meesho,Director of Engineering,Government,Contract,24,1642135,44206,964634.0,12985.0,1495585.0,29911,0.2186,718,4,50,2,117.0,21.0,100,16,3.75,0
57,Female,Bachelor,Patna,Cybage,Scrum Master,HealthTech,Full-time,35,2454355,78248,33696.0,80654.0,899158.0,17983,0.0879,729,7,67,1,53.0,11.0,25,39,4.4,0
32,Female,Bachelor,Ranchi,CRED,Product Manager,SaaS,Full-time,11,950091,31778,43532.0,107090.0,0.0,0,0.0,546,2,21,1,22.0,10.0,75,37,2.44,0
25,Male,Bachelor,Tiruppur,Datavail Infotech,Software Engineer,EdTech,Full-time,1,403462,14615,135777.0,5295.0,0.0,0,0.0,554,1,6,4,81.0,0.0,0,29,2.55,0
46,Female,Bachelor,Gorakhpur,eClerx,Solutions Architect,HealthTech,Full-time,26,1694762,76543,21365.0,66241.0,0.0,0,0.0,643,0,54,1,33.0,16.0,75,5,5.0,1
55,Male,Master,Jamshedpur,Net Solutions,Principal Engineer,Startup,Full-time,31,1997679,50820,202000.0,1553.0,0.0,0,0.0,766,1,67,1,76.0,3.0,100,20,5.0,1
25,Female,Master,Jodhpur,HCL Technologies,Lead Engineer,Consulting,Remote,3,554752,19015,10912.0,68577.0,0.0,0,0.0,500,2,7,2,30.0,0.0,75,23,2.48,0
46,Male,Master,Lucknow,Coforge,Database Administrator,SaaS,Contract,23,1669262,50157,193056.0,2251.0,1680203.0,33604,0.2416,676,3,51,3,54.0,21.0,100,29,3.94,0
24,Male,Bachelor,Ujjain,Meesho,BI Developer,EdTech,Full-time,4,536625,15139,122451.0,19167.0,1262552.0,25251,0.5647,459,3,9,0,88.0,0.0,50,7,2.68,0
52,Female,Master,Udaipur,Tata Elxsi,Solutions Architect,E-commerce,Full-time,32,2236219,82472,42221.0,,0.0,0,0.0,736,2,62,2,110.0,20.0,0,9,4.92,1
28,Male,Master,Bhilai,ThoughtWorks India,AI Researcher,Government,Hybrid,8,780618,23409,157062.0,10722.0,395720.0,7914,0.1217,593,3,20,1,77.0,3.0,100,0,3.35,0
47,Male,Bachelor,Jaipur,L&T Infotech,Engineering Manager,Consulting,Full-time,26,1697625,64011,34665.0,59686.0,,0,0.0,674,3,56,2,25.0,20.0,50,21,4.62,1
56,Female,Master,Howrah,Vedantu,Network Engineer,HealthTech,Full-time,35,2298414,67844,50188.0,30927.0,0.0,0,0.0,812,6,72,2,3.0,13.0,75,33,5.0,1
54,Male,Bachelor,Siliguri,Hexaware,QA Engineer,Defense,Remote,31,2005606,81111,23588.0,43991.0,0.0,0,0.0,750,5,66,0,,20.0,25,31,5.0,1
32,Male,Master,Chennai,Unacademy,Frontend Developer,Consulting,Full-time,12,917525,31567,298338.0,23688.0,0.0,0,0.0,647,1,23,3,101.0,19.0,50,32,4.16,0
38,Female,PhD,Dehradun,Mindtree,Network Engineer,HealthTech,Full-time,15,1224353,41156,308582.0,7877.0,0.0,0,0.0,604,2,32,0,116.0,,0,33,3.85,0
44,Male,Master,Asansol,Genpact,Frontend Developer,SaaS,Remote,24,1768645,78604,85526.0,11242.0,0.0,0,0.0,623,2,52,3,73.0,18.0,100,21,4.23,1
26,Female,Bachelor,Nanded,GlobalLogic,Data Scientist,Consulting,Full-time,5,595837,19784,532928.0,57996.0,1620828.0,32416,0.6528,535,2,7,1,4.0,0.0,0,38,2.03,0
51,Female,Diploma,Siliguri,Zoho,Product Manager,Manufacturing,Remote,31,1908994,83844,180839.0,39946.0,1234894.0,24697,0.1552,824,6,61,2,14.0,9.0,75,8,5.0,1
35,Male,Master,Noida,Nucleus Software,Data Scientist,Consulting,Full-time,15,1319000,36664,60698.0,12553.0,1918433.0,38368,0.3491,694,4,32,1,78.0,17.0,100,24,3.66,0
55,Male,Bachelor,Nashik,Mphasis,VP Engineering,Startup,Full-time,35,2254173,66968,9534.0,55867.0,911329.0,18226,0.097,711,2,74,2,40.0,6.0,0,17,4.77,0
48,Female,Bachelor,Meerut,Xoriant,Technical Lead,E-commerce,Remote,28,1890081,60580,76292.0,7839.0,1228798.0,24575,0.156,688,3,61,4,0.0,13.0,75,38,5.0,1
31,Male,Master,Kanpur,Happiest Minds,Principal Engineer,FinTech,Full-time,10,1002660,31089,47975.0,53589.0,1340583.0,26811,0.3209,576,0,18,0,39.0,11.0,100,21,2.69,0
56,Female,Bachelor,Aligarh,Byju s,Director of Engineering,Startup,Full-time,32,2083462,61373,20954.0,36526.0,1635019.0,32700,0.1883,830,3,64,5,51.0,7.0,0,20,5.0,1
45,Male,Bachelor,Gurgaon,IBM India,QA Engineer,Telecom,Hybrid,21,1372150,50173,57861.0,39169.0,0.0,0,0.0,678,1,40,3,7.0,15.0,50,19,4.22,0
38,Male,Master,Firozabad,Datamatics,Full Stack Developer,E-commerce,Full-time,18,1385077,52130,107902.0,26682.0,0.0,0,0.0,706,0,33,3,28.0,13.0,50,36,3.95,0
44,Male,Bachelor,Surat,Zetwerk,Test Automation Engineer,Defense,Hybrid,23,1680929,52179,13130.0,149787.0,0.0,0,0.0,699,1,47,5,119.0,,0,26,4.98,1
28,Male,Master,Saharanpur,Mindtree,Data Scientist,SaaS,Full-time,5,688655,27041,98124.0,60304.0,0.0,0,0.0,481,1,15,1,73.0,0.0,50,38,2.79,0
53,Female,Master,Howrah,Xoriant,ETL Developer,Defense,Full-time,32,2079012,95148,199849.0,147858.0,1022384.0,20447,0.118,691,4,67,0,115.0,5.0,0,18,4.88,1
28,Female,Bachelor,Moradabad,Mindtree,Principal Engineer,Manufacturing,Full-time,4,589088,22875,73752.0,76024.0,1607031.0,32140,0.6547,457,2,9,2,8.0,0.0,0,9,2.41,0
26,Male,PhD,Aurangabad,PhonePe,Data Scientist,Government,Part-time,4,638295,22064,49899.0,6837.0,386877.0,7737,0.1455,485,3,6,2,64.0,0.0,75,4,1.89,0
50,Male,Diploma,Ujjain,Meesho,Director of Engineering,SaaS,Remote,26,1749784,53636,127638.0,338831.0,0.0,0,0.0,757,1,49,1,108.0,2.0,50,20,4.62,0
25,Female,Master,Jabalpur,Intellect Design,Business Analyst,Defense,Full-time,1,475150,17662,267336.0,29614.0,567314.0,11346,0.2865,531,2,2,4,50.0,0.0,50,35,2.24,0
24,Male,Bachelor,Jodhpur,Syntel India,Network Engineer,Startup,Full-time,2,326372,9991,114098.0,105153.0,1755286.0,35105,1.2907,480,1,5,2,22.0,0.0,75,14,1.31,0
46,Male,Bachelor,Ranchi,L&T Infotech,DevOps Engineer,EdTech,Part-time,23,1550144,41873,188565.0,12682.0,0.0,0,0.0,673,7,51,1,39.0,20.0,75,28,4.69,0
41,Male,Diploma,Gulbarga,WNS Global,Senior Software Engineer,Consulting,Contract,21,1507924,56108,38482.0,155297.0,312136.0,6242,0.0497,641,0,44,4,15.0,24.0,50,38,4.88,1
37,Male,Master,Malegaon,Zetwerk,AI Researcher,Telecom,Full-time,15,1294848,34264,,315332.0,1294358.0,25887,0.2399,544,4,31,1,64.0,4.0,50,32,3.42,0
40,Female,Bachelor,Guwahati,Nagarro India,Cloud Architect,EdTech,Full-time,19,1350675,37349,74351.0,4186.0,0.0,0,0.0,621,3,40,0,42.0,21.0,25,37,3.95,0
44,Female,Bachelor,Navi Mumbai,Zetwerk,Test Automation Engineer,EdTech,Contract,20,1339777,47926,14046.0,12948.0,0.0,0,0.0,726,5,45,0,83.0,6.0,25,25,4.23,1
54,Male,Master,Vadodara,ThoughtWorks India,Principal Engineer,EdTech,Remote,34,2331220,95438,273005.0,5092.0,879772.0,17595,0.0906,762,4,72,2,30.0,4.0,100,28,3.88,0
25,Male,PhD,Jalandhar,TCS,Principal Engineer,FinTech,Full-time,4,756041,22401,152990.0,,,39683,0.6299,464,2,9,2,,0.0,100,16,2.14,0
50,Male,Diploma,Nellore,Capgemini India,Data Scientist,Banking,Full-time,28,1956863,74555,13381.0,223487.0,123903.0,2478,0.0152,743,0,53,1,82.0,17.0,75,12,5.0,1
34,Male,Bachelor,Indore,KPIT Technologies,Principal Engineer,Telecom,Full-time,11,1029536,45101,96892.0,2285.0,0.0,0,0.0,607,1,26,1,61.0,6.0,50,5,3.77,0
45,Male,Master,Ludhiana,CleverTap,Frontend Developer,Banking,Full-time,25,1684362,44097,,,0.0,0,0.0,644,2,47,2,90.0,20.0,0,35,3.4,0
29,Male,PhD,Guntur,Sonata Software,Engineering Manager,Defense,Full-time,7,835499,27451,260928.0,2140.0,1214717.0,24294,0.3489,604,2,14,3,53.0,0.0,100,39,2.59,0
46,Male,Master,Bhopal,Birlasoft,Business Analyst,Consulting,Remote,23,1704909,66907,50128.0,141712.0,1540415.0,30808,0.2168,746,4,51,2,108.0,11.0,100,23,3.99,0
31,Male,Master,Madurai,Zoho,Frontend Developer,Startup,Remote,9,906889,26424,48832.0,56117.0,0.0,0,0.0,624,4,23,0,87.0,10.0,0,16,3.03,0
39,Male,PhD,Asansol,Quick Heal,Engineering Manager,Consulting,Part-time,19,1551074,37975,20788.0,,938804.0,18776,0.1453,704,4,42,2,35.0,14.0,100,7,4.02,0
54,Female,Master,Lucknow,TCS,QA Engineer,FinTech,Hybrid,33,2122330,65774,98964.0,29220.0,537250.0,10745,0.0608,825,2,64,0,75.0,15.0,50,2,5.0,1
32,Female,Bachelor,Durgapur,KPIT Technologies,BI Developer,Banking,Full-time,12,931687,22382,,6810.0,,25183,0.3244,607,1,27,2,111.0,22.0,50,18,3.67,0
25,Male,PhD,Durgapur,Hexaware,Database Administrator,FinTech,Full-time,3,599553,18281,193019.0,31766.0,1627155.0,32543,0.6513,460,1,5,1,21.0,0.0,50,32,2.09,0
54,Female,Master,Jaipur,Newgen Software,BI Developer,Banking,Full-time,33,2200627,65864,287557.0,76752.0,436562.0,8731,0.0476,727,5,70,1,24.0,18.0,25,32,4.48,1
32,Male,Bachelor,Hyderabad,Publicis Sapient,Software Engineer,Consulting,Full-time,10,949610,22784,12963.0,20543.0,494089.0,9881,0.1249,547,4,21,3,61.0,21.0,50,7,3.04,0
33,Male,Bachelor,Guntur,Cybage,Business Analyst,Defense,Remote,11,969182,28409,38068.0,23583.0,1371874.0,27437,0.3397,638,4,21,4,89.0,19.0,100,7,3.48,0
40,Male,Diploma,Nashik,Zerodha,QA Engineer,Telecom,Contract,19,1366845,55633,42685.0,3447.0,624096.0,12481,0.1096,585,5,37,2,115.0,2.0,50,27,3.31,0
36,Male,Bachelor,Patna,Kellton Tech,Test Automation Engineer,Startup,Full-time,12,967748,30643,24905.0,582722.0,1815262.0,36305,0.4502,643,6,28,1,,6.0,100,37,3.32,0
29,Male,Master,Lucknow,Mindtree,AI Researcher,SaaS,Full-time,8,684783,21284,34501.0,21079.0,0.0,0,0.0,520,1,15,1,23.0,,75,7,2.93,0
52,Male,Master,Vijayawada,Hexaware,Security Analyst,Banking,Contract,30,1939971,65829,32156.0,150092.0,,0,0.0,704,4,57,1,29.0,14.0,50,24,4.7,1
49,Male,Master,Kolhapur,ThoughtWorks India,Software Engineer,HealthTech,Full-time,28,1866445,82824,138371.0,3021.0,0.0,0,0.0,694,4,61,4,109.0,14.0,0,6,5.0,1
55,Male,Bachelor,Nashik,Uniphore,System Architect,Government,Contract,32,2185924,65201,53712.0,,1057147.0,21142,0.1161,693,3,61,2,23.0,17.0,0,39,4.86,1
32,Male,High School,Jaipur,Zerodha,ML Engineer,Startup,Remote,11,805438,35685,18183.0,3875.0,0.0,0,0.0,617,1,22,4,84.0,12.0,50,12,3.27,0
34,Male,Master,Delhi,Mphasis,Business Analyst,Telecom,Contract,11,1080192,40813,55320.0,171266.0,,15494,0.1721,523,3,20,1,4.0,23.0,50,32,3.49,0
22,Male,Bachelor,Jhansi,PhonePe,DevOps Engineer,Banking,Full-time,2,496580,16997,130593.0,58772.0,0.0,0,0.0,452,4,3,1,,,75,34,2.77,0
39,Female,Diploma,Bhiwandi,Zoho,Backend Developer,Banking,Remote,15,1200263,51186,24872.0,71389.0,0.0,0,0.0,670,3,31,2,98.0,22.0,100,5,4.34,1
56,Female,Bachelor,Aligarh,Sasken,Director of Engineering,Consulting,Remote,34,1995345,77409,222334.0,9084.0,797726.0,15954,0.0959,763,1,70,4,85.0,7.0,100,10,4.49,0
43,Male,Bachelor,Ludhiana,Razorpay,Test Automation Engineer,E-commerce,Contract,23,1514918,57890,179094.0,6104.0,1621202.0,32424,0.2568,610,0,47,1,,15.0,50,32,3.84,0
30,Male,Master,Gurgaon,Chargebee,Technical Lead,Defense,Full-time,7,734998,18943,158904.0,11152.0,0.0,0,0.0,500,2,19,2,,0.0,25,9,3.38,0
38,Female,Bachelor,Indore,Zoho,Full Stack Developer,FinTech,Hybrid,16,1248937,49268,314435.0,361795.0,1639555.0,32791,0.3151,666,2,35,1,,6.0,50,31,3.75,0
23,Male,Bachelor,Jalgaon,Nagarro India,Technical Lead,Telecom,Full-time,2,430984,13652,24963.0,5014.0,,35541,0.9896,561,2,6,3,60.0,0.0,25,32,1.21,0
42,Female,Bachelor,Gwalior,Tata Elxsi,Frontend Developer,HealthTech,Full-time,20,1591726,37868,39871.0,21475.0,1100667.0,22013,0.166,735,3,38,1,27.0,21.0,100,24,3.97,0
30,Male,High School,Amritsar,Quick Heal,ML Engineer,E-commerce,Hybrid,9,719985,29242,66362.0,9077.0,81524.0,1630,0.0272,647,1,18,1,66.0,17.0,100,32,3.55,0
36,Male,Master,Bhavnagar,Cyient DLM,Mobile Developer,Manufacturing,Hybrid,13,1020555,39481,79238.0,113355.0,0.0,0,0.0,616,4,25,1,65.0,2.0,75,13,3.66,0
56,Female,Bachelor,Durgapur,Cognizant,System Architect,Government,Hybrid,33,2189673,74040,16542.0,123524.0,0.0,0,0.0,800,2,71,2,38.0,9.0,25,6,5.0,1
33,Male,Master,Moradabad,Accenture India,BI Developer,Consulting,Full-time,12,1189804,44098,64330.0,302340.0,241229.0,4824,0.0487,589,2,23,2,113.0,21.0,50,18,3.38,0
57,Non-binary,Bachelor,Jabalpur,CleverTap,ETL Developer,Government,Full-time,34,2203597,60059,244569.0,43315.0,0.0,0,0.0,829,2,67,3,,8.0,100,21,5.0,1
36,Female,Master,Nellore,Newgen Software,Senior Data Scientist,EdTech,Full-time,13,1133902,51649,25377.0,8271.0,1021319.0,20426,0.2162,554,3,23,0,46.0,,0,19,2.74,0
26,Male,Diploma,Nanded,CleverTap,Scrum Master,FinTech,Part-time,3,428114,11122,42160.0,15155.0,0.0,0,0.0,523,4,5,4,102.0,0.0,50,32,3.19,0
34,Female,Diploma,Mangalore,Nucleus Software,Project Manager,Defense,Full-time,14,1002224,40297,40037.0,29259.0,0.0,0,0.0,558,3,33,1,117.0,8.0,100,7,3.8,0
31,Female,Master,Gorakhpur,Genpact,Project Manager,Defense,Part-time,10,953398,33990,41469.0,6544.0,0.0,0,0.0,607,6,22,2,41.0,18.0,75,13,3.35,0
56,Male,Diploma,Jalandhar,Swiggy,Cloud Architect,EdTech,Full-time,32,1963886,56837,109206.0,,693835.0,13876,0.0848,785,1,62,3,,12.0,50,20,4.2,0
42,Male,Bachelor,Durgapur,BrowserStack,VP Engineering,FinTech,Full-time,21,1577255,38735,137970.0,40302.0,0.0,0,0.0,685,2,46,1,95.0,5.0,50,20,4.33,0
40,Male,PhD,Noida,Syntel India,Business Analyst,Startup,Remote,19,1507806,61884,21950.0,4972.0,760215.0,15204,0.121,730,0,41,1,16.0,4.0,75,33,5.0,1
36,Male,Master,Mumbai,Zetwerk,Backend Developer,E-commerce,Remote,12,902697,37450,45795.0,1258.0,0.0,0,0.0,591,1,24,2,96.0,2.0,100,31,3.33,0
52,Female,Master,Thiruvananthapuram,Genpact,Technical Lead,Consulting,Full-time,29,1820440,74184,31201.0,75489.0,311353.0,6227,0.041,772,1,55,0,95.0,17.0,25,8,5.0,1
53,Male,Master,Akola,Coda Global,Software Engineer,Consulting,Remote,33,2162221,51247,64372.0,201657.0,0.0,0,0.0,768,2,64,1,,8.0,0,29,4.68,1
47,Male,Master,Guwahati,NIIT Technologies,Business Analyst,Banking,Remote,26,1836198,50654,92173.0,769551.0,0.0,0,0.0,684,2,51,1,97.0,4.0,25,14,4.32,1
54,Male,Master,Jalgaon,Zerodha,Security Analyst,HealthTech,Full-time,30,2037469,64275,588295.0,32987.0,968933.0,19378,0.1141,683,2,65,0,79.0,7.0,100,3,4.14,0
46,Male,Bachelor,Tiruchirappalli,Intellect Design,AI Researcher,SaaS,Remote,22,1543443,57939,211433.0,12616.0,431020.0,8620,0.067,680,4,43,1,77.0,24.0,0,18,4.55,0
29,Female,Diploma,Thiruvananthapuram,CleverTap,Lead Engineer,Consulting,Full-time,9,734589,25825,78915.0,28823.0,167544.0,3350,0.0547,581,3,21,2,45.0,18.0,75,33,2.63,0
42,Female,High School,Ranchi,Nagarro India,QA Engineer,E-commerce,Full-time,18,1193867,42535,86379.0,73398.0,0.0,0,0.0,585,6,39,0,11.0,8.0,0,27,4.7,0
50,Non-binary,Master,Cuttack,Syntel India,Security Analyst,SaaS,Contract,28,1922369,63602,271169.0,40263.0,,29109,0.1817,699,5,60,4,50.0,12.0,100,6,4.65,1
50,Female,Bachelor,Guwahati,Firstsource,QA Engineer,Government,Hybrid,28,1809012,66996,138262.0,40213.0,0.0,0,0.0,759,2,56,0,108.0,17.0,100,13,4.98,1
47,Female,Bachelor,Ajmer,Byju s,Principal Engineer,E-commerce,Remote,23,1412939,53990,48922.0,19608.0,1004777.0,20095,0.1707,641,5,47,3,61.0,2.0,25,23,3.78,0
53,Male,High School,Navi Mumbai,Publicis Sapient,Project Manager,Banking,Full-time,32,1936282,88287,152800.0,9539.0,151594.0,3031,0.0188,838,1,61,2,79.0,4.0,100,27,5.0,1
38,Female,Bachelor,Vijayawada,Razorpay,Principal Engineer,FinTech,Full-time,15,1098052,41739,21453.0,2072.0,,0,0.0,612,4,34,2,44.0,16.0,75,35,3.73,0
42,Female,Bachelor,Malegaon,Intellect Design,Technical Lead,Defense,Full-time,19,1442832,52325,49585.0,1642.0,0.0,0,0.0,627,3,37,0,45.0,20.0,100,3,3.9,0
23,Female,Bachelor,Navi Mumbai,Zerodha,Mobile Developer,HealthTech,Full-time,3,393317,14781,194219.0,69601.0,0.0,0,0.0,491,3,4,3,47.0,0.0,100,26,3.3,0
39,Female,Master,Noida,Datavail Infotech,Business Analyst,Consulting,Full-time,18,1259377,54124,1146724.0,2604.0,0.0,0,0.0,713,3,35,3,63.0,5.0,50,10,4.11,0
40,Male,High School,Patna,eClerx,Data Scientist,Startup,Part-time,17,1021187,43612,,102193.0,0.0,0,0.0,631,1,31,3,9.0,21.0,50,21,4.11,0
49,Male,Bachelor,Kota,Happiest Minds,Technical Lead,Telecom,Full-time,28,1730101,55095,99262.0,14198.0,0.0,0,0.0,787,3,57,0,7.0,9.0,75,18,4.97,1
50,Female,Bachelor,Dhanbad,Subex,Lead Engineer,Consulting,Full-time,29,1864453,75559,81772.0,,0.0,0,0.0,690,6,58,0,86.0,16.0,50,37,5.0,1
33,Female,PhD,Jaipur,Infosys,Senior Data Scientist,Telecom,Full-time,13,1057631,40027,293279.0,24155.0,0.0,0,0.0,600,2,23,1,32.0,15.0,100,24,3.55,0
33,Female,Bachelor,Howrah,Cognizant,Data Scientist,E-commerce,Full-time,12,1037381,43393,23970.0,11687.0,86857.0,1737,0.0201,583,1,24,2,96.0,9.0,0,0,3.21,0
55,Male,Bachelor,Nagpur,Intellect Design,Database Administrator,HealthTech,Contract,32,1997978,66699,897640.0,497832.0,1167337.0,23346,0.1402,843,7,69,1,3.0,13.0,100,12,4.93,0
52,Male,High School,Bareilly,Zoho,Backend Developer,Banking,Hybrid,32,2087891,56366,241930.0,7401.0,0.0,0,0.0,737,1,67,2,109.0,5.0,75,19,4.89,0
23,Male,Master,Kochi,Nagarro India,Database Administrator,Consulting,Contract,0,493413,21367,123011.0,636300.0,0.0,0,0.0,469,4,3,6,49.0,0.0,50,1,2.87,0
43,Male,Diploma,Akola,Mindtree,Security Analyst,SaaS,Full-time,19,1301379,33640,45943.0,,0.0,0,0.0,686,2,41,1,18.0,10.0,75,16,4.13,0
33,Male,Master,Vadodara,EXL Service,Network Engineer,Defense,Full-time,11,925109,41247,32171.0,6921.0,0.0,0,0.0,530,4,19,1,70.0,21.0,50,11,2.74,0
23,Male,Bachelor,Patna,Tata Elxsi,BI Developer,Telecom,Full-time,0,279617,10001,53695.0,2798.0,1480385.0,29607,1.2706,436,1,2,1,27.0,0.0,50,24,1.0,0
33,Male,Bachelor,Vadodara,KPIT Technologies,Technical Lead,E-commerce,Remote,13,984881,24990,66776.0,375991.0,662227.0,13244,0.1614,539,2,29,0,21.0,5.0,50,28,3.39,0
34,Female,Master,Bhilai,L&T Infotech,VP Engineering,Banking,Remote,11,1001837,25853,73298.0,24308.0,0.0,0,0.0,571,3,27,1,35.0,9.0,75,25,3.95,0
52,Male,Bachelor,Chennai,Nihilent,DevOps Engineer,Manufacturing,Full-time,30,2069744,63818,148988.0,68237.0,531652.0,10633,0.0616,695,3,59,0,94.0,8.0,0,34,4.99,0
23,Male,Bachelor,Guwahati,GlobalLogic,Security Analyst,Defense,Part-time,1,180000,7382,18791.0,1004.0,424140.0,8482,0.5655,518,4,7,0,25.0,0.0,75,11,2.12,0
51,Male,Bachelor,Chandigarh,Kellton Tech,DevOps Engineer,Government,Remote,31,1947839,46583,33513.0,32597.0,953313.0,19066,0.1175,711,3,62,1,30.0,23.0,0,15,4.64,0
34,Male,Bachelor,Saharanpur,Meesho,Solutions Architect,EdTech,Full-time,10,832391,24488,449856.0,114533.0,759600.0,15192,0.219,510,2,21,2,97.0,24.0,100,13,3.28,0
56,Male,Bachelor,Ranchi,Cyient,DevOps Engineer,E-commerce,Full-time,35,2214738,59126,216158.0,26821.0,0.0,0,0.0,759,3,67,2,20.0,23.0,50,8,5.0,1
34,Male,Bachelor,Bhopal,Uniphore,ETL Developer,Startup,Full-time,13,989613,37883,57749.0,,993682.0,19873,0.241,627,4,26,3,15.0,2.0,75,31,3.66,0
43,Female,Master,Rajkot,Birlasoft,Senior Data Scientist,Manufacturing,Full-time,21,1598264,70423,56157.0,16563.0,0.0,0,0.0,600,3,44,5,61.0,16.0,50,13,3.52,0
52,Female,Bachelor,Jalandhar,Xoriant,VP Engineering,Government,Remote,31,2114571,96872,167317.0,2899.0,0.0,0,0.0,685,0,61,3,,20.0,0,27,5.0,1
24,Non-binary,Diploma,Jalgaon,Capgemini India,Project Manager,Banking,Contract,2,252347,10465,372917.0,56838.0,0.0,0,0.0,496,5,1,4,79.0,0.0,75,2,2.63,0
43,Female,PhD,Cuttack,eClerx,Backend Developer,Manufacturing,Contract,21,1699843,64214,401564.0,24784.0,292454.0,5849,0.0413,702,2,40,1,4.0,3.0,100,9,4.29,0
56,Male,High School,Gulbarga,Kellton Tech,ETL Developer,Manufacturing,Full-time,35,2197255,69603,92133.0,1872.0,0.0,0,0.0,811,0,72,3,45.0,23.0,75,13,5.0,1
53,Male,Master,Rajkot,Mphasis,Data Scientist,SaaS,Hybrid,32,2219792,68992,111578.0,41845.0,0.0,0,0.0,756,3,66,2,104.0,12.0,0,0,5.0,1
57,Female,Master,Jodhpur,Mphasis,Cloud Architect,Consulting,Hybrid,33,2253626,71488,67673.0,19519.0,0.0,0,0.0,764,5,67,0,114.0,,0,27,5.0,1
39,Male,Diploma,Saharanpur,Trigent,Database Administrator,E-commerce,Contract,16,1154632,29791,7789.0,46754.0,,0,0.0,622,1,36,3,,15.0,50,21,3.74,0
23,Female,Master,Surat,Genpact,AI Researcher,E-commerce,Full-time,3,543482,17017,99628.0,9039.0,0.0,0,0.0,493,3,7,2,58.0,0.0,0,21,2.34,0
50,Female,Master,Gorakhpur,EXL Service,Backend Developer,Banking,Contract,28,1948870,76828,11192.0,27072.0,0.0,0,0.0,736,2,61,3,13.0,7.0,0,22,4.71,1
22,Male,Master,Bhilai,Kellton Tech,Project Manager,SaaS,Remote,1,328010,13303,8929.0,6524.0,1507922.0,30158,1.1033,574,0,5,1,42.0,0.0,50,21,1.31,0
52,Male,Master,Bhiwandi,Subex,ETL Developer,Defense,Full-time,30,2019325,88717,11165.0,74952.0,0.0,0,0.0,808,2,64,1,105.0,23.0,50,14,5.0,1
56,Female,PhD,Kochi,Sasken,Software Engineer,E-commerce,Remote,32,2239043,60251,147984.0,35531.0,1846266.0,36925,0.1979,736,2,65,0,33.0,24.0,75,14,5.0,1
38,Male,Master,Bhilai,GlobalLogic,Director of Engineering,Startup,Remote,16,1272483,35168,42862.0,1024674.0,0.0,0,0.0,647,2,31,3,,5.0,75,0,4.0,0
24,Female,Diploma,Firozabad,Syntel India,ETL Developer,E-commerce,Remote,4,442814,12239,34430.0,7345.0,1239837.0,24796,0.672,594,2,6,4,77.0,0.0,100,31,1.54,0
38,Male,PhD,Ludhiana,IBM India,ETL Developer,HealthTech,Full-time,15,1183201,43722,7103.0,46051.0,1965589.0,39311,0.3987,546,2,34,1,117.0,19.0,50,7,2.85,0
34,Male,Bachelor,Howrah,Birlasoft,IT Consultant,FinTech,Full-time,14,1095013,48629,9753.0,6171.0,1141629.0,22832,0.2502,574,4,31,1,45.0,8.0,50,32,2.96,0
35,Male,Master,Bikaner,IBM India,System Architect,HealthTech,Full-time,12,1099453,45228,50731.0,10600.0,,0,0.0,576,2,25,4,54.0,21.0,100,22,3.63,0
53,Female,Master,Ahmedabad,Geometric,Director of Engineering,EdTech,Full-time,31,2020794,88728,57401.0,44723.0,906951.0,18139,0.1077,822,2,67,0,67.0,23.0,50,13,4.68,1
56,Female,Bachelor,Mumbai,Cognizant,BI Developer,Defense,Contract,34,2160399,65760,31456.0,28830.0,0.0,0,0.0,701,6,69,0,99.0,9.0,100,2,5.0,1
24,Female,Master,Gwalior,Geometric,DevOps Engineer,Telecom,Full-time,0,413693,11664,32625.0,3285.0,476234.0,9524,0.2763,552,4,5,0,,,100,2,2.88,0
33,Female,Master,Siliguri,Net Solutions,ETL Developer,FinTech,Hybrid,11,979710,33569,135962.0,27862.0,,9775,0.1197,643,1,20,0,83.0,7.0,75,12,3.08,0
50,Male,Diploma,Nanded,EXL Service,ETL Developer,SaaS,Full-time,27,1816442,61136,2290.0,219724.0,1191433.0,23828,0.1574,726,3,53,0,55.0,4.0,50,8,4.31,0
33,Female,Bachelor,Kalyan,Intellect Design,Software Engineer,Consulting,Full-time,10,932857,41558,46957.0,7042.0,1142415.0,22848,0.2939,576,6,18,4,74.0,18.0,25,9,2.91,0
26,Female,High School,Ajmer,CleverTap,Mobile Developer,Consulting,Full-time,2,425886,14556,26739.0,3267.0,152278.0,3045,0.0858,510,2,6,1,103.0,0.0,50,8,2.85,0
24,Female,Master,Ahmedabad,Vedantu,Network Engineer,E-commerce,Contract,0,366928,16460,160008.0,11490.0,456868.0,9137,0.2988,515,7,0,2,85.0,0.0,50,34,2.62,0
25,Female,Bachelor,Nagpur,Infosys,Engineering Manager,E-commerce,Full-time,3,487542,13640,87564.0,,98741.0,1974,0.0486,540,3,3,0,,0.0,75,26,2.82,0
56,Male,Bachelor,Gwalior,Sigmoid Analytics,Network Engineer,Telecom,Full-time,34,2138071,84698,215360.0,3103.0,0.0,0,0.0,824,1,66,0,1.0,9.0,0,28,4.74,0
26,Male,Bachelor,Howrah,Net Solutions,Data Analyst,Telecom,Full-time,5,567786,16754,57113.0,605.0,1027320.0,20546,0.4342,590,1,11,1,24.0,0.0,25,9,2.33,0
48,Female,Bachelor,Saharanpur,Datavail Infotech,Network Engineer,E-commerce,Remote,26,1887629,51390,55899.0,143864.0,0.0,0,0.0,630,3,52,1,119.0,14.0,25,36,3.44,0
26,Male,Master,Kochi,Newgen Software,Security Analyst,HealthTech,Remote,4,663901,18359,38512.0,2072.0,1492546.0,29850,0.5395,568,3,13,3,93.0,0.0,100,27,2.5,0
32,Male,Master,Delhi,Freshworks,Cloud Architect,E-commerce,Remote,10,1029757,24448,101111.0,20331.0,646525.0,12930,0.1507,579,1,23,1,3.0,,50,18,2.86,0
42,Female,Diploma,Jodhpur,Unacademy,Senior Software Engineer,E-commerce,Remote,21,1452147,41006,,49616.0,1687482.0,33749,0.2789,605,3,44,0,43.0,23.0,50,4,3.93,0
50,Male,Bachelor,Dhanbad,GlobalLogic,DevOps Engineer,Banking,Full-time,26,1728940,58234,89888.0,63626.0,,32566,0.226,655,0,54,1,76.0,2.0,25,27,4.31,1
33,Male,Bachelor,Nashik,Apexon,Software Engineer,EdTech,Full-time,13,1032135,42282,32651.0,31557.0,329311.0,6586,0.0766,648,1,31,1,54.0,9.0,0,3,3.96,0
27,Male,Master,Firozabad,Mastek,Frontend Developer,Consulting,Remote,7,855646,34812,79061.0,4216.0,1279647.0,25592,0.3589,592,1,12,1,51.0,0.0,0,7,3.29,0
23,Male,PhD,Navi Mumbai,Tech Mahindra,Database Administrator,Consulting,Full-time,3,594125,20175,18585.0,29292.0,275990.0,5519,0.1115,467,1,5,4,82.0,0.0,50,13,1.91,0
55,Male,PhD,Akola,Cognizant,Test Automation Engineer,HealthTech,Full-time,35,2269946,92669,260873.0,84687.0,1714154.0,34283,0.1812,753,3,68,1,59.0,19.0,50,10,4.73,1
36,Male,Bachelor,Varanasi,KPIT Technologies,Backend Developer,FinTech,Full-time,16,1144184,49012,766705.0,13661.0,0.0,0,0.0,709,5,36,6,59.0,6.0,50,18,3.87,0
28,Female,Master,Allahabad,InMobi,ML Engineer,SaaS,Full-time,5,542513,20816,,2691.0,1465187.0,29303,0.6482,583,2,8,1,15.0,0.0,100,8,2.46,0
52,Male,Master,Jabalpur,Meesho,Data Analyst,E-commerce,Full-time,29,1892608,62386,830261.0,77063.0,0.0,0,0.0,770,5,60,1,,,50,19,4.88,1
27,Female,Bachelor,Agra,Infosys,Backend Developer,HealthTech,Full-time,7,741616,18664,215371.0,,0.0,0,0.0,580,2,18,1,111.0,0.0,50,9,3.39,0
48,Female,Master,Jalgaon,Wipro,Scrum Master,SaaS,Full-time,27,1936222,65445,303710.0,1380.0,1503118.0,30062,0.1863,793,4,54,1,43.0,2.0,25,4,4.3,0
56,Male,Bachelor,Moradabad,Apexon,BI Developer,Telecom,Part-time,32,1915996,82486,47251.0,146660.0,1406019.0,28120,0.1761,786,2,61,1,68.0,7.0,50,27,4.67,0
40,Female,Bachelor,Lucknow,Happiest Minds,Mobile Developer,Startup,Contract,19,1336611,47004,57132.0,36456.0,0.0,0,0.0,602,2,43,2,117.0,6.0,0,36,4.32,0
46,Male,Master,Asansol,Net Solutions,BI Developer,E-commerce,Full-time,22,1584791,48102,147396.0,160519.0,1567535.0,31350,0.2374,755,1,44,1,79.0,13.0,0,27,4.21,0
51,Male,Bachelor,Lucknow,L&T Infotech,ML Engineer,Banking,Contract,31,2036478,47699,50759.0,2472.0,1384866.0,27697,0.1632,753,3,63,1,61.0,2.0,0,30,4.5,0
24,Female,PhD,Siliguri,Vedantu,Engineering Manager,Consulting,Full-time,2,372392,15237,73355.0,5007.0,92310.0,1846,0.0595,508,2,7,4,90.0,0.0,0,37,2.16,0
28,Male,Master,Madurai,Birlasoft,ETL Developer,FinTech,Contract,5,685291,25993,261186.0,2395.0,697432.0,13948,0.2442,528,0,7,0,46.0,0.0,75,8,2.84,0
40,Female,Diploma,Guwahati,TCS,Principal Engineer,Startup,Contract,20,1374609,62638,21580.0,18524.0,,0,0.0,615,2,40,5,43.0,18.0,100,35,3.64,0
40,Male,Master,Saharanpur,Chargebee,Backend Developer,Consulting,Remote,19,1518763,66151,32691.0,53937.0,1351084.0,27021,0.2135,662,2,43,0,13.0,12.0,50,29,3.63,0
47,Female,Master,Amravati,Byju s,Full Stack Developer,Defense,Contract,27,2044232,78936,35646.0,,1821274.0,36425,0.2138,712,4,59,1,57.0,15.0,50,13,3.97,0
40,Female,Master,Surat,Quick Heal,IT Consultant,E-commerce,Full-time,19,1396582,47062,104503.0,6944.0,1333163.0,26663,0.2291,673,4,43,3,109.0,17.0,100,14,4.21,1
45,Male,Master,Vijayawada,Syntel India,IT Consultant,FinTech,Full-time,22,1776161,46031,68331.0,461321.0,0.0,0,0.0,613,2,41,2,35.0,,0,1,4.22,0
44,Non-binary,Diploma,Indore,NIIT Technologies,Senior Software Engineer,Banking,Full-time,24,1636489,47591,,2077.0,1014785.0,20295,0.1488,669,1,53,2,50.0,13.0,100,22,4.48,0
40,Male,Master,Tiruchirappalli,Nucleus Software,Project Manager,EdTech,Contract,18,1406770,62800,,179876.0,0.0,0,0.0,708,3,36,1,29.0,13.0,50,37,4.22,0
28,Female,Diploma,Jamshedpur,Postman,Security Analyst,Banking,Full-time,5,512426,16442,52753.0,15812.0,1414882.0,28297,0.6627,501,0,11,2,,0.0,75,33,1.71,0
39,Male,Bachelor,Amravati,KPIT Technologies,Network Engineer,Telecom,Full-time,19,1428379,59744,23623.0,6541.0,1138279.0,22765,0.1913,626,1,37,0,37.0,,0,13,3.74,0
38,Male,Bachelor,Meerut,Freshworks,Business Analyst,FinTech,Contract,14,1022391,36697,23894.0,6072.0,1968738.0,39374,0.4621,641,1,27,3,106.0,17.0,50,32,3.54,0
30,Male,Master,Indore,Tata Elxsi,Cloud Architect,E-commerce,Full-time,9,913875,26859,24911.0,2203.0,1675720.0,33514,0.4401,495,6,23,0,56.0,15.0,0,13,2.2,0
26,Male,Bachelor,Jamshedpur,Zoho,Cloud Architect,Manufacturing,Remote,2,443005,18287,295252.0,29938.0,0.0,0,0.0,454,1,1,0,80.0,0.0,50,23,2.38,0
45,Male,Bachelor,Allahabad,Infosys,Technical Lead,E-commerce,Full-time,25,1547983,62940,43053.0,22530.0,430794.0,8615,0.0668,646,5,51,0,119.0,24.0,75,20,4.09,0
44,Male,PhD,Firozabad,Unacademy,Network Engineer,HealthTech,Part-time,24,1829797,47591,72547.0,14142.0,339518.0,6790,0.0445,713,1,51,2,31.0,15.0,75,1,3.76,0
40,Male,Bachelor,Malegaon,Mindtree,Security Analyst,Startup,Contract,19,1420701,36173,,7283.0,0.0,0,0.0,616,1,38,3,106.0,2.0,0,37,3.54,0
36,Male,Master,Vijayawada,Mastek,Software Engineer,Consulting,Full-time,13,985398,28811,17119.0,,0.0,0,0.0,539,1,29,5,77.0,17.0,75,20,3.14,0
52,Female,Bachelor,Gulbarga,BrowserStack,DevOps Engineer,Startup,Full-time,31,1839715,54657,,5149.0,,23905,0.1559,722,1,60,1,20.0,15.0,50,39,4.65,1
50,Male,Bachelor,Siliguri,CRED,Senior Software Engineer,Consulting,Contract,30,1882375,68342,70189.0,1584.0,758578.0,15171,0.0967,668,2,59,4,29.0,9.0,75,17,5.0,0
57,Non-binary,PhD,Delhi,Swiggy,Product Manager,HealthTech,Contract,33,2210719,70607,399782.0,4483.0,779262.0,15585,0.0846,746,1,67,4,74.0,21.0,75,16,5.0,1
31,Female,Bachelor,Jamnagar,Datamatics,VP Engineering,Banking,Full-time,11,716788,17940,46842.0,7837.0,993404.0,19868,0.3326,621,2,27,0,104.0,6.0,50,9,2.99,0
41,Male,Bachelor,Delhi,BrowserStack,ML Engineer,E-commerce,Full-time,20,1502938,47057,245976.0,4097.0,843275.0,16865,0.1347,649,1,44,1,109.0,24.0,100,29,3.62,0
29,Male,Bachelor,Chandigarh,Persistent Systems,Frontend Developer,E-commerce,Remote,9,808495,34845,36150.0,192161.0,0.0,0,0.0,523,4,23,4,43.0,5.0,25,20,2.52,0
37,Female,Diploma,Meerut,Firstsource,Cloud Architect,E-commerce,Full-time,16,1225578,49926,120981.0,,1659348.0,33186,0.3249,641,2,32,2,34.0,,75,6,3.66,0
51,Female,Master,Guwahati,Net Solutions,IT Consultant,Defense,Contract,31,2084046,63634,41474.0,,,1536,0.0088,810,2,63,1,41.0,15.0,50,30,4.76,1
54,Female,Bachelor,Meerut,Accenture India,Business Analyst,Manufacturing,Remote,31,2076299,72936,66049.0,15955.0,0.0,0,0.0,738,5,63,0,62.0,19.0,25,14,4.95,1
22,Male,Diploma,Hubballi,Zerodha,Senior Software Engineer,FinTech,Full-time,0,180000,4711,236870.0,66226.0,0.0,0,0.0,567,2,0,1,44.0,0.0,50,6,2.71,0
45,Female,Bachelor,Aligarh,TCS,Security Analyst,SaaS,Hybrid,22,1316387,50001,155961.0,4562.0,541527.0,10830,0.0987,746,3,49,0,21.0,2.0,25,12,4.63,0
41,Female,Bachelor,Hubballi,Sonata Software,Database Administrator,FinTech,Full-time,20,1452830,38754,138118.0,30155.0,,0,0.0,582,4,43,5,74.0,16.0,50,4,3.53,0
41,Male,Bachelor,Jalgaon,Infosys,Business Analyst,E-commerce,Full-time,18,1178983,31684,170526.0,5836.0,0.0,0,0.0,707,3,39,1,4.0,12.0,50,1,4.61,0
46,Male,PhD,Chennai,Zomato,IT Consultant,SaaS,Full-time,26,1758862,61676,504242.0,28336.0,1839028.0,36780,0.2509,779,6,50,3,21.0,23.0,50,18,3.79,1
41,Female,Bachelor,Salem,Tech Mahindra,Full Stack Developer,Telecom,Hybrid,19,1288773,46615,27044.0,209889.0,,0,0.0,626,4,43,7,58.0,7.0,100,21,3.88,0
26,Male,Bachelor,Bareilly,Byju s,Senior Software Engineer,E-commerce,Full-time,5,607546,14328,72785.0,112176.0,428248.0,8564,0.1692,495,3,9,1,52.0,0.0,50,24,1.81,0
26,Female,Bachelor,Surat,Syntel India,Security Analyst,EdTech,Contract,5,548368,12927,,8999.0,1686043.0,33720,0.7379,557,1,13,4,70.0,0.0,0,31,1.75,0
50,Female,Bachelor,Mysuru,Mindtree,QA Engineer,Telecom,Contract,28,1751695,45132,,12970.0,306595.0,6131,0.042,776,1,55,2,92.0,14.0,75,12,4.95,1
43,Male,Bachelor,Dehradun,Ola,Technical Lead,HealthTech,Full-time,23,1651121,67853,52417.0,17534.0,0.0,0,0.0,759,4,49,2,106.0,9.0,100,32,4.58,0
52,Male,Bachelor,Gulbarga,Infosys,Director of Engineering,E-commerce,Full-time,30,1901821,64871,42976.0,52723.0,0.0,0,0.0,681,1,60,0,27.0,4.0,0,32,4.27,0
48,Female,Bachelor,Dehradun,Nihilent,Data Scientist,Telecom,Full-time,28,1845545,76972,47442.0,25080.0,599855.0,11997,0.078,658,2,56,4,57.0,5.0,50,7,4.66,0
55,Male,PhD,Hubballi,Apexon,Senior Software Engineer,EdTech,Full-time,35,2340086,77829,44975.0,6403.0,1805841.0,36116,0.1852,777,3,73,4,92.0,22.0,0,8,5.0,1
23,Female,PhD,Udaipur,EXL Service,VP Engineering,Consulting,Contract,3,805748,23498,137413.0,10155.0,0.0,0,0.0,501,2,4,2,78.0,0.0,25,27,3.06,0
40,Male,Bachelor,Bikaner,Quick Heal,Network Engineer,Government,Part-time,19,1334879,48023,23676.0,7228.0,,35235,0.3167,672,5,41,0,58.0,5.0,0,22,3.99,0
28,Female,Bachelor,Bhilai,Razorpay,Engineering Manager,SaaS,Contract,5,607717,20399,61794.0,,479109.0,9582,0.1892,485,3,10,1,76.0,0.0,25,3,2.87,0
49,Male,Master,Agra,Byju s,Data Analyst,Consulting,Hybrid,27,1893440,66613,314754.0,57023.0,0.0,0,0.0,695,6,52,0,,17.0,100,17,4.33,0
33,Male,Bachelor,Loni,Ola,Mobile Developer,FinTech,Contract,9,809800,24419,366206.0,31024.0,0.0,0,0.0,624,1,20,3,46.0,14.0,75,29,3.22,0
34,Female,PhD,Amritsar,KPIT Technologies,Software Engineer,Telecom,Full-time,11,1011366,33623,17551.0,214783.0,0.0,0,0.0,566,0,23,1,12.0,,0,9,2.84,0
51,Female,PhD,Vijayawada,Meesho,Data Scientist,EdTech,Full-time,29,2011178,89051,15620.0,102347.0,1622329.0,32446,0.1936,677,8,56,1,11.0,7.0,0,17,5.0,1
48,Female,Diploma,Jalandhar,Subex,Backend Developer,Defense,Remote,25,1503641,52991,117097.0,,0.0,0,0.0,734,3,53,2,38.0,10.0,50,27,5.0,1
24,Male,Bachelor,Nanded,Datamatics,Business Analyst,Manufacturing,Full-time,2,512258,21012,9173.0,13393.0,721260.0,14425,0.3379,543,4,8,2,,0.0,100,9,2.17,0
49,Female,Bachelor,Udaipur,HCL Technologies,Test Automation Engineer,FinTech,Full-time,27,1818773,67353,24994.0,2475.0,1311765.0,26235,0.1731,737,2,56,5,36.0,14.0,75,27,5.0,1
41,Female,Bachelor,Bikaner,Tata Elxsi,AI Researcher,FinTech,Contract,18,1386676,38803,31524.0,6073.0,271510.0,5430,0.047,626,4,37,0,61.0,4.0,75,25,4.17,0
33,Female,Bachelor,Cuttack,Cognizant,Senior Data Scientist,Banking,Hybrid,12,860267,33137,764083.0,440.0,0.0,0,0.0,677,3,25,4,54.0,7.0,0,20,4.04,0
54,Female,Bachelor,Asansol,Postman,IT Consultant,E-commerce,Contract,33,2132850,72552,67368.0,158153.0,189194.0,3783,0.0213,827,2,67,2,30.0,5.0,100,15,5.0,1
49,Male,Diploma,Chennai,Kellton Tech,Security Analyst,SaaS,Part-time,26,1827238,73950,50241.0,356810.0,0.0,0,0.0,680,3,56,3,32.0,10.0,75,11,4.31,0
33,Male,High School,Indore,Firstsource,BI Developer,Startup,Contract,11,727233,28009,82178.0,108951.0,1631128.0,32622,0.5383,561,1,19,2,64.0,18.0,100,16,2.21,0
48,Male,Bachelor,Madurai,Wipro,ETL Developer,SaaS,Full-time,27,1608809,41089,32938.0,3882.0,0.0,0,0.0,782,3,54,1,42.0,11.0,0,10,5.0,1
47,Male,Bachelor,Jamnagar,Coforge,Project Manager,Manufacturing,Remote,25,1755982,44290,15984.0,17891.0,0.0,0,0.0,707,1,52,2,113.0,19.0,50,20,3.94,0
55,Female,Master,Mumbai,Capgemini India,Data Scientist,SaaS,Hybrid,33,2151466,95215,26317.0,33259.0,0.0,0,0.0,776,2,63,0,55.0,4.0,100,7,4.64,1
27,Male,Master,Bhilai,Xoriant,Software Engineer,Consulting,Full-time,5,587616,26882,22351.0,,0.0,0,0.0,529,2,9,0,110.0,0.0,50,38,3.53,0
52,Male,Master,Udaipur,Uniphore,Frontend Developer,Consulting,Part-time,28,1885004,70308,25800.0,163820.0,0.0,0,0.0,706,1,53,2,87.0,9.0,0,25,4.89,0
24,Female,Master,Indore,Ola,VP Engineering,Banking,Full-time,3,494495,16857,16378.0,10783.0,373575.0,7471,0.1813,551,1,4,0,66.0,0.0,50,39,2.76,0
24,Male,PhD,Durgapur,IBM India,Senior Software Engineer,Government,Full-time,1,474595,12162,252412.0,40657.0,,37581,0.9502,483,1,0,0,,,100,9,1.69,0
23,Female,Bachelor,Lucknow,BrowserStack,Technical Lead,EdTech,Part-time,0,230188,8479,28615.0,3547.0,0.0,0,0.0,469,1,5,2,106.0,0.0,50,20,3.4,0
29,Female,Bachelor,Loni,BrowserStack,Lead Engineer,SaaS,Full-time,9,815911,26319,39767.0,2736.0,676161.0,13523,0.1989,630,1,15,4,72.0,10.0,25,14,3.68,0
31,Female,Master,Noida,Swiggy,IT Consultant,Government,Part-time,8,878487,39738,45642.0,7468.0,1520440.0,30408,0.4154,542,3,14,1,99.0,23.0,75,6,1.85,0
55,Male,PhD,Thiruvananthapuram,Subex,DevOps Engineer,Telecom,Full-time,34,2383764,57360,12987.0,,524873.0,10497,0.0528,721,3,66,3,6.0,24.0,100,0,4.79,1
46,Female,Master,Pune,Xoriant,Business Analyst,E-commerce,Full-time,25,1670426,72736,5324.0,3909.0,983833.0,19676,0.1413,626,3,54,3,7.0,8.0,75,2,3.77,0
34,Male,Bachelor,Ranchi,Sasken,QA Engineer,Banking,Full-time,14,1018577,30189,291263.0,19484.0,1872949.0,37458,0.4413,553,2,30,2,8.0,13.0,50,9,2.99,0
48,Female,Bachelor,Mysuru,Datavail Infotech,Director of Engineering,Banking,Hybrid,25,1834570,58323,19034.0,,1131604.0,22632,0.148,738,2,49,2,44.0,10.0,50,2,4.16,0
49,Male,Diploma,Jalandhar,Cognizant,Scrum Master,Defense,Full-time,29,1712089,46228,13771.0,2077.0,0.0,0,0.0,809,5,62,1,84.0,12.0,50,13,4.96,1
51,Female,Master,Raipur,EXL Service,Security Analyst,HealthTech,Full-time,30,2063252,60030,7767.0,16316.0,0.0,0,0.0,793,3,59,4,80.0,16.0,50,14,4.99,1
41,Male,Master,Rajkot,Meesho,Security Analyst,EdTech,Full-time,18,1481169,39847,25204.0,5328.0,0.0,0,0.0,643,3,37,2,15.0,21.0,100,10,4.07,0
47,Male,PhD,Amritsar,Nucleus Software,Lead Engineer,E-commerce,Remote,26,1906072,76008,211741.0,30246.0,211834.0,4236,0.0267,677,1,56,1,102.0,18.0,25,30,4.09,1
54,Male,Bachelor,Kochi,Datavail Infotech,System Architect,Startup,Full-time,34,2193455,80149,80784.0,53482.0,694699.0,13893,0.076,722,2,69,3,65.0,19.0,75,11,4.65,1
32,Female,Master,Loni,Tech Mahindra,Data Analyst,EdTech,Full-time,9,974278,39032,50703.0,213089.0,0.0,0,0.0,510,2,23,1,66.0,13.0,75,23,2.78,0
45,Female,Bachelor,Kolhapur,Byju s,Full Stack Developer,Telecom,Full-time,22,1614703,71603,26131.0,26424.0,,17773,0.1321,689,4,47,2,6.0,8.0,100,35,4.17,0
39,Non-binary,Master,Cuttack,Net Solutions,Director of Engineering,Government,Full-time,18,1452604,51391,48397.0,40566.0,0.0,0,0.0,723,3,33,0,84.0,14.0,100,1,4.28,1
47,Female,Bachelor,Ajmer,Syntel India,Cloud Architect,HealthTech,Remote,24,1758548,71091,75986.0,6812.0,835165.0,16703,0.114,683,4,53,3,94.0,18.0,75,16,4.25,0
31,Male,PhD,Lucknow,Meesho,Senior Software Engineer,FinTech,Remote,7,926656,21965,168777.0,18440.0,0.0,0,0.0,488,3,17,1,57.0,0.0,75,12,2.4,0
47,Male,Diploma,Malegaon,Genpact,AI Researcher,Consulting,Full-time,25,1624727,63294,18370.0,13873.0,1962801.0,39256,0.2899,669,4,54,2,18.0,11.0,100,25,4.23,0
37,Male,Master,Dhanbad,Cyient DLM,Solutions Architect,Manufacturing,Hybrid,13,1023423,31867,20798.0,27664.0,785170.0,15703,0.1841,524,7,27,1,15.0,2.0,75,2,3.44,0
52,Male,Bachelor,Dehradun,TCS,Cloud Architect,Manufacturing,Full-time,28,1896162,68900,124714.0,,1381898.0,27637,0.1749,722,0,60,4,,24.0,0,23,4.45,0
23,Male,Master,Kota,PhonePe,Solutions Architect,E-commerce,Remote,1,415135,14105,257676.0,10566.0,489653.0,9793,0.2831,530,3,3,1,69.0,0.0,0,36,2.52,0
26,Female,Bachelor,Mangalore,Zoho,Mobile Developer,Banking,Full-time,5,653764,27846,11720.0,354068.0,0.0,0,0.0,517,5,13,3,0.0,0.0,50,18,3.1,0
38,Male,Diploma,Kolkata,Zerodha,Network Engineer,EdTech,Full-time,14,837788,23071,36059.0,16414.0,132632.0,2652,0.038,549,3,27,3,113.0,24.0,25,39,3.36,0
54,Male,PhD,Guwahati,Nielsen India,Data Analyst,Consulting,Full-time,33,2315829,76392,3843.0,3866.0,1481166.0,29623,0.1535,722,0,63,3,35.0,17.0,0,0,4.46,1
57,Female,Master,Gurgaon,Cyient,Lead Engineer,FinTech,Full-time,35,2420596,71458,448834.0,45820.0,1705365.0,34107,0.1691,795,2,75,1,99.0,6.0,50,30,4.89,1
25,Male,PhD,Gwalior,Cybage,Director of Engineering,Manufacturing,Hybrid,1,736006,29989,129333.0,8467.0,1501345.0,30026,0.4895,583,2,6,3,,0.0,50,32,2.37,0
47,Male,Master,Guwahati,Unacademy,Director of Engineering,Manufacturing,Full-time,24,1691060,56368,44224.0,10427.0,495491.0,9909,0.0703,619,3,45,3,,3.0,100,19,3.51,0
28,Female,Bachelor,Rajkot,Groww,Solutions Architect,EdTech,Full-time,4,482093,14220,14658.0,11766.0,0.0,0,0.0,500,2,9,4,43.0,0.0,50,34,3.0,0
41,Male,Bachelor,Siliguri,Hexaware,ETL Developer,Banking,Full-time,18,1254573,48330,34010.0,1071.0,527256.0,10545,0.1009,592,0,33,1,8.0,16.0,100,35,3.99,0
42,Female,Bachelor,Vijayawada,Chargebee,Full Stack Developer,E-commerce,Hybrid,19,1400640,60123,25566.0,3834.0,1354563.0,27091,0.2321,585,0,37,1,80.0,7.0,75,33,4.0,0
52,Female,PhD,Firozabad,Infosys,IT Consultant,Defense,Full-time,32,2135803,73831,101568.0,18049.0,0.0,0,0.0,783,1,61,4,31.0,2.0,50,3,5.0,1
53,Male,Bachelor,Mangalore,Tata Elxsi,Technical Lead,Banking,Full-time,32,2013569,79156,38370.0,36496.0,0.0,0,0.0,715,1,62,1,,11.0,100,31,4.84,1
47,Female,Bachelor,Bhavnagar,Chargebee,AI Researcher,EdTech,Remote,23,1514322,55357,194341.0,166.0,0.0,0,0.0,631,1,43,0,84.0,19.0,25,27,3.58,0
56,Female,PhD,Navi Mumbai,Druva,Mobile Developer,SaaS,Hybrid,34,2442505,87282,110078.0,24854.0,0.0,0,0.0,719,1,65,4,65.0,22.0,75,9,5.0,1
50,Male,Master,Nanded,Firstsource,Senior Software Engineer,Government,Full-time,26,1856954,48630,72870.0,22498.0,1827022.0,36540,0.2361,708,4,52,2,25.0,11.0,50,17,4.52,0
27,Male,Bachelor,Akola,EXL Service,Scrum Master,Startup,Full-time,4,615237,16365,38375.0,156177.0,1454264.0,29085,0.5673,466,2,11,1,95.0,0.0,100,13,1.24,0
52,Non-binary,High School,Lucknow,IBM India,Database Administrator,Government,Hybrid,29,1830300,77876,384737.0,6273.0,0.0,0,0.0,680,1,60,1,32.0,7.0,25,37,4.85,1
45,Male,Master,Delhi,Cybage,Backend Developer,EdTech,Part-time,24,1734274,71367,163839.0,85826.0,1809550.0,36191,0.2504,714,5,52,2,51.0,13.0,50,22,3.8,0
30,Female,Bachelor,Kochi,Tata Elxsi,BI Developer,Telecom,Full-time,9,773535,22839,420903.0,103588.0,179353.0,3587,0.0556,624,0,21,0,111.0,6.0,75,9,3.5,0
46,Female,High School,Jhansi,CleverTap,Security Analyst,Telecom,Part-time,25,1622791,49578,34152.0,44907.0,1043705.0,20874,0.1544,639,2,50,2,96.0,,0,33,4.13,0
28,Female,Bachelor,Salem,Hexaware,Mobile Developer,Defense,Full-time,6,784352,30795,22526.0,294624.0,1346659.0,26933,0.4121,491,5,9,0,108.0,0.0,50,10,1.95,0
45,Female,Master,Bhiwandi,InMobi,Project Manager,Manufacturing,Full-time,23,1661408,59735,57130.0,5967.0,888768.0,17775,0.1284,659,2,45,0,36.0,21.0,0,38,3.37,0
35,Male,Bachelor,Dhanbad,Genpact,Project Manager,Manufacturing,Full-time,13,1072813,43425,35708.0,15734.0,1398019.0,27960,0.3127,650,3,25,4,110.0,10.0,75,31,3.18,0
55,Female,PhD,Jaipur,Infosys,Director of Engineering,HealthTech,Contract,35,2398519,77887,254912.0,116527.0,1842355.0,36847,0.1843,795,3,71,1,117.0,5.0,0,26,5.0,1
39,Male,PhD,Gulbarga,NIIT Technologies,Full Stack Developer,FinTech,Part-time,16,1312141,38778,61259.0,3321.0,1394111.0,27882,0.255,620,4,35,1,117.0,8.0,100,7,3.19,0
22,Female,Master,Asansol,Nihilent,Data Analyst,FinTech,Remote,1,302479,9407,92444.0,3550.0,0.0,0,0.0,528,5,4,1,25.0,0.0,50,9,3.01,0
37,Female,Bachelor,Madurai,Byju s,Data Analyst,Consulting,Part-time,17,1181290,35137,28258.0,379381.0,483135.0,9662,0.0982,627,0,32,2,118.0,6.0,100,5,4.26,0
37,Female,Bachelor,Bhopal,Vedantu,Security Analyst,Government,Full-time,16,1326839,55283,63038.0,28067.0,0.0,0,0.0,609,1,29,0,96.0,7.0,75,38,4.61,1
52,Female,Bachelor,Varanasi,Genpact,AI Researcher,Startup,Full-time,30,2044756,69677,136241.0,52082.0,807345.0,16146,0.0948,803,0,63,1,97.0,,50,30,4.96,1
44,Female,Bachelor,Rajkot,eClerx,ML Engineer,E-commerce,Full-time,22,1507539,39954,164203.0,24175.0,1675527.0,33510,0.2667,611,0,43,3,,12.0,50,26,3.34,0
56,Male,PhD,Solapur,Trigent,ML Engineer,EdTech,Part-time,34,2259237,85183,18603.0,3942.0,0.0,0,0.0,698,3,73,3,97.0,15.0,50,31,5.0,1
39,Male,Bachelor,Ajmer,ThoughtWorks India,Senior Software Engineer,FinTech,Full-time,17,1278792,43086,153144.0,3988.0,192884.0,3857,0.0362,642,5,35,2,35.0,2.0,100,21,4.3,0
44,Male,High School,Malegaon,CRED,Senior Software Engineer,FinTech,Full-time,24,1498772,55339,60618.0,163287.0,1012291.0,20245,0.1621,724,2,50,1,53.0,10.0,100,30,4.3,1
57,Male,PhD,Akola,Infosys,Scrum Master,Banking,Full-time,35,2322424,72994,57919.0,4484.0,,0,0.0,840,1,67,2,10.0,7.0,100,17,5.0,1
23,Male,Bachelor,Dehradun,Happiest Minds,Technical Lead,Telecom,Contract,1,226092,9874,14783.0,,0.0,0,0.0,486,3,2,1,58.0,0.0,75,39,2.69,0
29,Male,Master,Delhi,HCL Technologies,Senior Software Engineer,E-commerce,Full-time,8,720830,19365,19201.0,54751.0,0.0,0,0.0,602,4,19,3,104.0,14.0,50,5,3.56,0
37,Female,Bachelor,Jalandhar,Postman,Test Automation Engineer,SaaS,Hybrid,14,1019095,25759,17638.0,572985.0,0.0,0,0.0,608,1,33,1,11.0,13.0,50,26,4.31,0
55,Male,Diploma,Chandigarh,Tech Mahindra,Full Stack Developer,Government,Remote,33,2150909,91959,82083.0,17979.0,73363.0,1467,0.0082,731,1,68,1,3.0,12.0,0,21,4.79,1
40,Female,Master,Gorakhpur,Mphasis,Software Engineer,SaaS,Full-time,16,1226619,51245,1361.0,7804.0,0.0,0,0.0,564,2,34,1,93.0,10.0,25,26,3.45,0
37,Male,Bachelor,Ranchi,Capgemini India,Scrum Master,HealthTech,Full-time,17,1217970,50793,285972.0,2211.0,778886.0,15577,0.1535,660,2,36,0,96.0,12.0,50,30,3.49,0
36,Female,Master,Pune,Tech Mahindra,Frontend Developer,Startup,Full-time,16,1404900,59223,117347.0,5568.0,0.0,0,0.0,552,4,32,2,39.0,23.0,50,10,4.37,0
25,Female,Master,Raipur,Sigmoid Analytics,Data Scientist,Telecom,Part-time,4,476567,14640,34143.0,32139.0,1480259.0,29605,0.7455,594,2,12,0,16.0,0.0,75,28,2.03,0
40,Non-binary,Bachelor,Cuttack,Tech Mahindra,Full Stack Developer,EdTech,Remote,16,1072546,41053,317538.0,26524.0,0.0,0,0.0,632,5,35,3,95.0,21.0,100,32,4.07,0
44,Male,Bachelor,Cuttack,CRED,System Architect,Government,Remote,21,1573154,67826,284610.0,2894.0,60420.0,1208,0.0092,719,1,43,1,32.0,22.0,100,35,4.13,0
51,Male,Master,Moradabad,Firstsource,ML Engineer,E-commerce,Full-time,27,1928335,66500,12270.0,79084.0,0.0,0,0.0,752,0,56,2,31.0,17.0,50,17,4.82,1
27,Female,Bachelor,Navi Mumbai,CleverTap,Frontend Developer,Consulting,Full-time,5,600074,21214,30130.0,2752.0,1884546.0,37690,0.7537,483,2,15,4,56.0,0.0,0,10,1.63,0
55,Female,Bachelor,Ranchi,Capgemini India,Backend Developer,Manufacturing,Full-time,34,2072803,74252,107461.0,22606.0,0.0,0,0.0,837,1,70,2,,12.0,75,37,5.0,1
43,Male,PhD,Nagpur,Cognizant,AI Researcher,Defense,Contract,20,1447047,45321,112048.0,8603.0,1151591.0,23031,0.191,707,3,41,0,16.0,2.0,100,10,4.22,0
38,Non-binary,Bachelor,Bhavnagar,Birlasoft,Product Manager,EdTech,Full-time,16,1113751,45201,135143.0,22058.0,1383770.0,27675,0.2982,569,5,35,2,14.0,17.0,50,30,3.31,0
26,Female,Master,Bikaner,Datamatics,Software Engineer,Manufacturing,Full-time,3,653026,17779,63516.0,7151.0,0.0,0,0.0,512,3,7,1,90.0,0.0,100,23,2.56,0
35,Female,Master,Malegaon,Accenture India,DevOps Engineer,Banking,Full-time,14,1234992,29987,6446.0,13123.0,,11148,0.1083,601,1,30,3,64.0,21.0,100,7,3.73,0
48,Female,Diploma,Gurgaon,Persistent Systems,ETL Developer,Consulting,Full-time,27,1865452,69135,2319.0,45613.0,1777306.0,35546,0.2287,652,1,52,0,17.0,10.0,0,19,4.6,0
57,Female,Master,Akola,Unacademy,Backend Developer,E-commerce,Full-time,35,2387847,102343,26386.0,14913.0,1785428.0,35708,0.1794,749,6,69,1,116.0,18.0,100,4,5.0,1
52,Female,Diploma,Tiruchirappalli,Persistent Systems,Software Engineer,HealthTech,Contract,32,2055091,54229,864606.0,1428.0,355052.0,7101,0.0415,788,2,62,3,91.0,11.0,75,19,5.0,1
34,Male,Bachelor,Coimbatore,Nagarro India,AI Researcher,FinTech,Hybrid,13,893600,21666,56172.0,24482.0,777772.0,15555,0.2089,598,3,31,4,23.0,6.0,50,32,3.12,0
51,Female,Bachelor,Udaipur,Razorpay,ML Engineer,Banking,Full-time,30,1921607,87333,60978.0,9930.0,1548368.0,30967,0.1934,670,5,59,1,88.0,,25,29,5.0,1
35,Female,Bachelor,Bangalore,Genpact,System Architect,SaaS,Full-time,15,1097568,44976,35812.0,22486.0,1635246.0,32704,0.3576,617,1,28,2,19.0,11.0,0,11,2.77,0
57,Female,PhD,Solapur,InMobi,Data Analyst,E-commerce,Contract,35,2229696,57700,20776.0,44995.0,1654033.0,33080,0.178,849,2,71,3,30.0,17.0,0,22,5.0,1
23,Male,Bachelor,Malegaon,Groww,ETL Developer,Defense,Full-time,0,245361,7161,4830.0,29580.0,0.0,0,0.0,570,4,0,3,47.0,0.0,0,16,2.55,0
47,Female,Bachelor,Durgapur,eClerx,Software Engineer,E-commerce,Full-time,26,1588779,48841,24469.0,,0.0,0,0.0,648,2,57,1,56.0,22.0,0,16,4.62,1
30,Male,Diploma,Guwahati,GlobalLogic,Solutions Architect,Consulting,Full-time,8,709201,28945,131626.0,10576.0,1105139.0,22102,0.374,606,5,14,1,,,75,22,2.39,0
36,Male,High School,Bikaner,BrowserStack,Technical Lead,E-commerce,Full-time,14,1020641,32155,224881.0,158553.0,233476.0,4669,0.0549,584,1,28,3,48.0,14.0,25,30,3.21,0
26,Male,Master,Bhubaneswar,GlobalLogic,Lead Engineer,HealthTech,Remote,5,469055,17489,,3454.0,0.0,0,0.0,609,2,12,2,80.0,0.0,75,12,3.47,0
49,Female,Master,Hyderabad,CRED,Software Engineer,FinTech,Hybrid,29,1948278,85148,119155.0,55955.0,0.0,0,0.0,700,1,55,1,53.0,10.0,50,22,5.0,1
48,Male,Bachelor,Bikaner,Mastek,Network Engineer,FinTech,Hybrid,28,1890866,77043,18346.0,55307.0,1159156.0,23183,0.1471,716,1,60,3,23.0,3.0,50,29,4.91,1
55,Male,Bachelor,Kota,IBM India,Scrum Master,Manufacturing,Full-time,34,2136261,83829,82886.0,13899.0,1784694.0,35693,0.2005,810,1,65,4,49.0,5.0,100,13,4.96,0
46,Male,Diploma,Nanded,PhonePe,Mobile Developer,Manufacturing,Remote,23,1556665,43432,15123.0,115691.0,1924786.0,38495,0.2967,625,5,47,1,36.0,12.0,100,9,3.66,0
50,Female,Bachelor,Jalgaon,Hexaware,Mobile Developer,Consulting,Hybrid,27,1635696,70912,909015.0,40715.0,1207352.0,24147,0.1772,809,6,58,1,72.0,23.0,100,13,4.98,1
31,Male,Bachelor,Noida,Groww,Frontend Developer,Banking,Full-time,11,1041687,38893,143829.0,70560.0,1990247.0,39804,0.4585,660,1,24,1,72.0,9.0,0,37,2.49,0
34,Female,Bachelor,Vadodara,Zensar Technologies,ML Engineer,E-commerce,Full-time,11,1074919,34386,66418.0,21163.0,0.0,0,0.0,619,1,20,3,29.0,20.0,25,30,3.84,0
55,Male,Bachelor,Dehradun,Accenture India,Backend Developer,FinTech,Part-time,32,2014191,65579,112966.0,33103.0,1757490.0,35149,0.2094,792,1,64,1,17.0,10.0,100,0,5.0,0
57,Female,Master,Loni,Unacademy,Project Manager,HealthTech,Full-time,35,2224068,55159,322853.0,7851.0,0.0,0,0.0,779,3,75,2,22.0,24.0,100,24,5.0,1
30,Male,Master,Durgapur,Nihilent,Product Manager,Startup,Remote,8,844001,22689,82732.0,65108.0,777847.0,15556,0.2212,583,1,13,5,56.0,15.0,0,29,2.74,0
37,Female,Bachelor,Thiruvananthapuram,Mindtree,Principal Engineer,Defense,Full-time,17,1257530,33014,268580.0,18542.0,0.0,0,0.0,697,5,39,1,75.0,6.0,0,28,4.3,0
53,Female,Master,Kanpur,Vedantu,BI Developer,SaaS,Full-time,30,2102120,73746,14522.0,32107.0,1501361.0,30027,0.1714,813,2,58,2,33.0,21.0,0,5,4.97,1
41,Non-binary,Bachelor,Jhansi,Ola,Network Engineer,E-commerce,Full-time,20,1385072,48860,601870.0,4053.0,,0,0.0,611,7,41,1,80.0,9.0,100,8,4.15,0
43,Female,High School,Jalandhar,Zetwerk,AI Researcher,E-commerce,Part-time,23,1478627,54807,39263.0,35182.0,576498.0,11529,0.0936,703,2,48,1,15.0,17.0,0,16,3.96,0
49,Female,Master,Varanasi,Apexon,BI Developer,Telecom,Contract,29,2066459,77332,43374.0,4523.0,355460.0,7109,0.0413,680,1,57,3,14.0,16.0,50,32,4.63,0
51,Male,Master,Indore,GlobalLogic,Cloud Architect,SaaS,Full-time,29,1967357,63293,123107.0,371692.0,1038558.0,20771,0.1267,683,5,57,1,56.0,4.0,100,36,4.91,1
25,Female,Diploma,Hubballi,Uniphore,Mobile Developer,Telecom,Full-time,4,536953,21666,66929.0,5496.0,1509305.0,30186,0.6746,507,0,5,2,64.0,0.0,100,36,1.0,0
37,Non-binary,Bachelor,Loni,Net Solutions,Technical Lead,E-commerce,Remote,17,1254710,33541,499216.0,63730.0,0.0,0,0.0,706,1,37,2,46.0,11.0,0,33,3.99,0
43,Female,High School,Pune,Subex,AI Researcher,HealthTech,Full-time,21,1232848,46553,,14828.0,1343063.0,26861,0.2615,696,5,42,2,36.0,21.0,50,9,4.59,0
24,Female,Bachelor,Ludhiana,KPIT Technologies,ML Engineer,Defense,Full-time,0,255501,9783,13232.0,15652.0,953664.0,19073,0.8958,429,1,4,1,21.0,0.0,0,32,1.0,0
37,Non-binary,Master,Aurangabad,PhonePe,Director of Engineering,Startup,Full-time,16,1301817,55234,64376.0,,0.0,0,0.0,557,3,31,3,21.0,22.0,25,36,3.31,0
22,Female,PhD,Delhi,BrowserStack,Engineering Manager,SaaS,Full-time,1,563773,16005,234280.0,5686.0,1480543.0,29610,0.6303,440,2,0,2,106.0,0.0,100,28,1.59,0
56,Male,Bachelor,Surat,Subex,Database Administrator,SaaS,Full-time,32,2113929,54848,89163.0,64917.0,1990173.0,39803,0.2259,730,1,65,4,114.0,20.0,0,24,4.2,0
24,Male,Diploma,Chennai,Trigent,Lead Engineer,Banking,Contract,0,187453,5367,75537.0,234699.0,,26628,1.7046,506,3,1,4,16.0,0.0,75,32,1.0,0
43,Female,PhD,Kolkata,WNS Global,Principal Engineer,Banking,Full-time,21,1709987,51837,226089.0,3622.0,1505040.0,30100,0.2112,686,7,43,3,35.0,4.0,50,19,3.93,0
40,Female,Bachelor,Hyderabad,Kellton Tech,ETL Developer,Defense,Contract,18,1312604,35406,122506.0,128455.0,0.0,0,0.0,645,3,41,1,10.0,19.0,100,15,4.05,0
50,Female,Bachelor,Chennai,Trigent,Engineering Manager,FinTech,Full-time,27,1758522,53540,1680558.0,975985.0,0.0,0,0.0,745,3,59,2,90.0,8.0,25,25,4.58,0
51,Male,Master,Ahmedabad,Wipro,Database Administrator,Startup,Full-time,27,1773391,58427,22892.0,13546.0,154549.0,3090,0.0209,701,2,55,2,68.0,3.0,0,2,4.83,0
42,Female,PhD,Jaipur,Srijan Technologies,Software Engineer,HealthTech,Full-time,19,1378418,45615,69853.0,81903.0,1155352.0,23107,0.2012,704,6,38,1,38.0,22.0,50,10,3.91,0
34,Male,Bachelor,Nellore,Cybage,Scrum Master,Defense,Full-time,12,900167,27552,16988.0,26494.0,711996.0,14239,0.1898,646,2,28,1,70.0,11.0,0,19,3.64,0
25,Female,Bachelor,Ujjain,NIIT Technologies,Software Engineer,HealthTech,Full-time,4,610806,18501,31687.0,2397.0,461020.0,9220,0.1811,491,1,13,2,68.0,0.0,50,39,1.99,0
52,Male,Diploma,Hubballi,WNS Global,QA Engineer,Government,Full-time,29,1834856,51082,155681.0,108356.0,1768178.0,35363,0.2313,687,3,56,3,7.0,22.0,50,26,4.25,0
29,Non-binary,Bachelor,Nagpur,Razorpay,Frontend Developer,Telecom,Full-time,9,777807,24334,21742.0,25502.0,160207.0,3204,0.0494,634,1,15,2,117.0,21.0,100,16,3.39,0
25,Male,Master,Saharanpur,Razorpay,BI Developer,SaaS,Remote,3,648027,17498,7677.0,4665.0,0.0,0,0.0,524,3,6,2,47.0,0.0,75,6,2.66,0
36,Male,Master,Kolhapur,BrowserStack,Mobile Developer,HealthTech,Full-time,15,1253353,55759,65220.0,10532.0,500560.0,10011,0.0958,648,2,32,1,99.0,2.0,0,1,3.2,0
39,Female,PhD,Bangalore,Zerodha,DevOps Engineer,Defense,Full-time,15,1221660,50184,40717.0,60651.0,822849.0,16456,0.1616,575,1,31,1,77.0,,75,38,3.23,0
38,Male,Bachelor,Bhavnagar,Genpact,Scrum Master,Manufacturing,Full-time,18,1310068,41530,18557.0,2636.0,732452.0,14649,0.1342,711,1,33,3,63.0,21.0,50,37,3.89,0
49,Male,PhD,Aligarh,Uniphore,AI Researcher,Government,Hybrid,28,2045603,89869,107468.0,121294.0,1348378.0,26967,0.1582,713,6,55,1,10.0,22.0,0,16,4.78,1
24,Male,Bachelor,Varanasi,IBM India,QA Engineer,SaaS,Hybrid,0,293950,12079,34284.0,8850.0,616473.0,12329,0.5033,569,6,0,1,79.0,0.0,75,31,2.07,0
46,Male,Bachelor,Firozabad,Quick Heal,Principal Engineer,Startup,Hybrid,22,1491610,50066,130042.0,18932.0,835995.0,16719,0.1345,611,1,49,2,40.0,7.0,50,10,3.52,0
37,Male,Master,Solapur,Meesho,Frontend Developer,Defense,Contract,15,1082696,39307,91231.0,39558.0,473022.0,9460,0.1048,637,4,28,3,20.0,24.0,50,17,4.12,0
28,Female,Bachelor,Hubballi,Birlasoft,Project Manager,Startup,Full-time,6,641315,20695,27947.0,9568.0,156393.0,3127,0.0585,471,4,11,0,112.0,0.0,25,13,2.77,0
31,Male,Master,Kochi,Publicis Sapient,Network Engineer,Defense,Full-time,11,1049439,34877,35511.0,40403.0,0.0,0,0.0,637,0,25,1,89.0,4.0,25,13,3.38,0
39,Female,Bachelor,Gorakhpur,Uniphore,Security Analyst,Manufacturing,Hybrid,17,1254145,46934,22090.0,11481.0,764135.0,15282,0.1462,583,0,32,4,66.0,12.0,50,5,3.48,0
41,Male,Master,Howrah,Nagarro India,Test Automation Engineer,FinTech,Full-time,18,1342273,58592,43191.0,90351.0,315029.0,6300,0.0563,604,4,41,1,57.0,6.0,0,38,3.84,0
37,Female,Diploma,Varanasi,HCL Technologies,Engineering Manager,Manufacturing,Part-time,13,954824,39079,698180.0,10851.0,0.0,0,0.0,638,4,29,3,97.0,11.0,0,36,4.04,0
39,Male,Bachelor,Howrah,Infosys,Cloud Architect,EdTech,Full-time,15,1112242,46421,37255.0,,0.0,0,0.0,576,2,33,0,51.0,,50,19,3.41,0
43,Non-binary,Bachelor,Kalyan,CRED,Engineering Manager,Telecom,Full-time,21,1475812,46598,19542.0,66276.0,0.0,0,0.0,610,3,41,1,96.0,18.0,0,20,3.38,0
53,Female,Bachelor,Firozabad,eClerx,Lead Engineer,Defense,Full-time,29,1866015,66016,18757.0,50610.0,0.0,0,0.0,755,1,59,1,55.0,23.0,0,30,4.36,0
28,Male,Master,Nagpur,CleverTap,ML Engineer,EdTech,Remote,7,698341,23020,18868.0,1055.0,1557360.0,31147,0.5352,480,4,14,1,59.0,0.0,50,6,2.22,0
45,Male,PhD,Akola,Genpact,Engineering Manager,EdTech,Full-time,22,1706598,77309,33534.0,11967.0,302896.0,6057,0.0426,713,2,43,0,19.0,3.0,50,8,4.39,0
48,Male,Bachelor,Cuttack,Coforge,Data Scientist,Banking,Full-time,24,1569434,71000,34648.0,246002.0,769077.0,15381,0.1176,733,2,45,1,105.0,20.0,75,35,4.2,0
23,Male,Bachelor,Agra,Datamatics,Backend Developer,Defense,Remote,0,274531,12012,129776.0,9558.0,1965161.0,39303,1.718,428,2,0,4,20.0,0.0,0,3,1.0,0
39,Male,Bachelor,Navi Mumbai,Druva,ML Engineer,Manufacturing,Contract,17,1235973,50515,31090.0,32348.0,1654810.0,33096,0.3213,662,1,34,2,85.0,3.0,0,24,3.57,0
49,Male,Diploma,Jalgaon,NIIT Technologies,Solutions Architect,E-commerce,Full-time,27,1604708,53243,150079.0,19470.0,109998.0,2199,0.0164,737,7,53,1,42.0,3.0,25,27,4.69,0
50,Female,Bachelor,Thiruvananthapuram,Tech Mahindra,System Architect,HealthTech,Part-time,26,1800368,45819,48825.0,63048.0,612469.0,12249,0.0816,680,1,55,1,31.0,8.0,0,19,5.0,0
23,Female,Master,Malegaon,Nucleus Software,Security Analyst,Telecom,Full-time,2,552666,22056,62273.0,10090.0,0.0,0,0.0,593,2,3,0,49.0,0.0,50,5,3.19,0
46,Male,Bachelor,Ujjain,Mindtree,ML Engineer,Startup,Full-time,23,1477844,64216,577996.0,,0.0,0,0.0,717,5,48,1,21.0,6.0,0,15,4.33,0
35,Female,Diploma,Kalyan,Postman,AI Researcher,Manufacturing,Full-time,13,1111439,42968,53834.0,42396.0,714312.0,14286,0.1542,605,2,31,0,1.0,,25,25,3.47,0
27,Male,Master,Chandigarh,PhonePe,Cloud Architect,Defense,Full-time,7,794190,27875,34814.0,103909.0,0.0,0,0.0,619,4,19,1,0.0,0.0,0,11,2.97,0
43,Female,Bachelor,Bhubaneswar,Kellton Tech,QA Engineer,Startup,Remote,23,1687619,40189,144183.0,20429.0,0.0,0,0.0,729,5,46,1,25.0,14.0,100,29,4.35,0
22,Male,Diploma,Moradabad,Druva,Senior Software Engineer,Defense,Part-time,1,432246,10512,92647.0,26113.0,0.0,0,0.0,586,2,3,1,73.0,0.0,0,24,3.57,0
31,Male,Master,Vadodara,Subex,System Architect,HealthTech,Hybrid,11,939478,40775,52918.0,19650.0,1200159.0,24003,0.3066,665,0,25,0,25.0,5.0,75,32,3.6,0
42,Female,Bachelor,Chandigarh,GlobalLogic,Database Administrator,SaaS,Contract,18,1341614,60278,119368.0,30015.0,0.0,0,0.0,604,2,37,0,28.0,20.0,50,15,3.19,0
26,Female,Master,Aligarh,Coforge,Backend Developer,Defense,Contract,5,565638,16916,,393669.0,0.0,0,0.0,588,1,12,3,115.0,0.0,0,26,3.22,0
53,Male,High School,Srinagar,Infosys,Frontend Developer,E-commerce,Remote,30,2012220,87531,319458.0,23675.0,644356.0,12887,0.0769,736,3,57,2,109.0,,0,33,5.0,1
44,Male,Bachelor,Moradabad,Zensar Technologies,Project Manager,EdTech,Contract,24,1605751,44663,24863.0,370901.0,0.0,0,0.0,622,2,47,2,56.0,4.0,0,14,4.08,0
41,Female,Bachelor,Patna,BrowserStack,AI Researcher,Telecom,Hybrid,21,1521422,35631,392469.0,70641.0,1074590.0,21491,0.1695,705,3,41,4,81.0,13.0,100,30,3.82,0
51,Male,PhD,Raipur,Ola,Product Manager,HealthTech,Hybrid,27,2010389,83660,38973.0,11218.0,1337840.0,26756,0.1597,662,4,56,1,43.0,11.0,50,37,4.54,1
25,Male,Master,Howrah,PhonePe,Network Engineer,EdTech,Remote,1,327722,7951,1011077.0,2052.0,616068.0,12321,0.4511,493,3,3,1,78.0,0.0,0,8,1.77,0
26,Male,Bachelor,Hyderabad,Groww,Director of Engineering,Defense,Full-time,5,591539,17707,70577.0,,0.0,0,0.0,522,1,12,2,19.0,0.0,50,7,3.47,0
39,Male,Bachelor,Lucknow,TCS,Software Engineer,Defense,Full-time,16,1121739,33558,134473.0,,0.0,0,0.0,612,7,29,1,112.0,12.0,50,11,4.05,0
30,Male,Master,Moradabad,NIIT Technologies,ETL Developer,Telecom,Full-time,7,761465,27280,404874.0,210026.0,1390174.0,27803,0.4381,561,2,17,0,40.0,0.0,25,26,2.9,0
55,Male,Master,Siliguri,Mastek,Project Manager,Defense,Full-time,34,2294904,80716,37773.0,294290.0,622163.0,12443,0.0651,737,3,73,1,88.0,21.0,100,1,5.0,1
29,Male,Master,Jamnagar,Persistent Systems,ML Engineer,Defense,Remote,8,729984,20479,103583.0,22416.0,1325076.0,26501,0.4356,505,0,13,0,63.0,9.0,100,3,2.56,0
44,Male,Bachelor,Tiruppur,Cybage,QA Engineer,Government,Full-time,21,1543712,45364,42600.0,57292.0,902171.0,18043,0.1403,725,2,40,1,33.0,,75,31,4.2,0
23,Male,Master,Jaipur,Swiggy,Cloud Architect,Manufacturing,Hybrid,1,449975,19064,18763.0,37896.0,0.0,0,0.0,545,1,3,3,56.0,0.0,0,6,2.92,0
41,Female,Master,Noida,Intellect Design,Security Analyst,Consulting,Hybrid,21,1491963,35474,56081.0,113843.0,0.0,0,0.0,728,2,42,2,101.0,7.0,50,15,4.37,0
23,Female,Master,Nanded,Vedantu,Mobile Developer,HealthTech,Contract,2,489019,13354,16120.0,15033.0,0.0,0,0.0,590,4,2,1,107.0,,75,25,1.88,0
53,Male,Master,Jalgaon,Apexon,Solutions Architect,EdTech,Contract,30,1987650,75131,,10423.0,0.0,0,0.0,697,2,65,1,119.0,9.0,0,3,5.0,1
53,Male,PhD,Saharanpur,IBM India,AI Researcher,FinTech,Remote,33,2291673,64905,330576.0,43639.0,1962858.0,39257,0.2056,775,0,70,3,110.0,13.0,50,23,4.87,1
50,Female,Bachelor,Chennai,Postman,Data Scientist,Telecom,Full-time,26,1735513,46680,110817.0,6657.0,1658005.0,33160,0.2293,643,4,57,4,,9.0,75,31,4.97,1
46,Male,Master,Dehradun,Hexaware,AI Researcher,SaaS,Part-time,26,1841436,51453,14206.0,9428.0,1400461.0,28009,0.1825,714,0,50,3,25.0,13.0,50,36,5.0,1
29,Female,Bachelor,Kochi,Hexaware,ML Engineer,Manufacturing,Full-time,6,701650,32132,343545.0,19638.0,0.0,0,0.0,592,1,14,1,41.0,0.0,25,12,2.69,0
54,Male,Master,Solapur,Sigmoid Analytics,Engineering Manager,Defense,Part-time,30,2071122,67777,304669.0,9659.0,0.0,0,0.0,765,0,65,5,8.0,13.0,50,24,5.0,1
28,Male,Diploma,Ludhiana,Subex,Business Analyst,Consulting,Full-time,8,621487,26549,288252.0,3986.0,873310.0,17466,0.3372,623,1,15,2,72.0,24.0,50,36,3.32,0
42,Female,Diploma,Aurangabad,Intellect Design,Lead Engineer,EdTech,Contract,20,1284157,52214,150488.0,69692.0,1022665.0,20453,0.1911,672,0,41,1,46.0,3.0,0,23,3.91,0
49,Female,PhD,Bhopal,Razorpay,VP Engineering,Banking,Full-time,29,2033089,90789,6188.0,,1137301.0,22746,0.1343,705,2,57,4,34.0,7.0,100,2,4.55,1
24,Male,Bachelor,Tiruppur,Nagarro India,Data Scientist,SaaS,Remote,3,502248,15752,16567.0,7894.0,0.0,0,0.0,463,1,6,1,74.0,0.0,75,21,3.08,0
33,Male,Master,Jamnagar,Mastek,Software Engineer,EdTech,Full-time,10,907101,40024,440778.0,5000.0,1667767.0,33355,0.4413,656,5,20,2,103.0,23.0,100,38,2.61,0
31,Female,Master,Tiruchirappalli,Kellton Tech,Business Analyst,SaaS,Full-time,8,990848,42308,150416.0,24860.0,0.0,0,0.0,505,2,21,2,113.0,8.0,75,26,2.82,0
49,Female,Master,Navi Mumbai,Nihilent,System Architect,Consulting,Full-time,28,1950856,70082,130134.0,20627.0,79029.0,1580,0.0097,664,2,55,1,95.0,14.0,0,8,5.0,1
36,Female,PhD,Asansol,EXL Service,Frontend Developer,Manufacturing,Full-time,15,1250244,38368,12515.0,1070.0,0.0,0,0.0,622,1,33,1,71.0,20.0,50,11,3.12,0
36,Female,Master,Rajkot,PhonePe,Senior Software Engineer,Telecom,Remote,14,1167996,50138,80785.0,,0.0,0,0.0,632,2,28,1,18.0,18.0,50,34,4.06,0
30,Male,Diploma,Kalyan,Hexaware,Technical Lead,Manufacturing,Full-time,8,712819,28949,27967.0,2384.0,922674.0,18453,0.3106,488,1,15,1,9.0,19.0,50,39,3.43,0
39,Female,Diploma,Ajmer,Mastek,Business Analyst,Startup,Remote,18,1239741,55979,27553.0,24926.0,,24205,0.2343,573,4,36,1,78.0,6.0,50,21,3.35,0
55,Female,Bachelor,Varanasi,Infosys,Solutions Architect,EdTech,Hybrid,34,2136607,80621,146552.0,14262.0,,0,0.0,713,4,70,0,37.0,18.0,0,19,5.0,1
53,Male,Bachelor,Lucknow,Razorpay,AI Researcher,HealthTech,Full-time,30,2009703,86622,209825.0,244949.0,324065.0,6481,0.0387,812,5,58,0,40.0,,100,9,4.64,0
23,Male,Bachelor,Nagpur,InMobi,Senior Data Scientist,Manufacturing,Full-time,0,417077,10013,29175.0,45292.0,0.0,0,0.0,473,5,0,1,116.0,0.0,0,29,3.0,0
33,Male,Master,Agra,Zensar Technologies,DevOps Engineer,SaaS,Remote,13,995232,33270,10845.0,54531.0,134796.0,2695,0.0325,604,3,26,2,100.0,10.0,50,38,3.57,0
41,Male,Bachelor,Ranchi,Meesho,Engineering Manager,Government,Full-time,21,1436870,63914,6940.0,109194.0,242057.0,4841,0.0404,701,4,47,1,101.0,18.0,0,36,4.17,0
34,Female,Bachelor,Akola,Nielsen India,Cloud Architect,Government,Full-time,10,1103896,49429,126850.0,18549.0,0.0,0,0.0,646,5,23,1,10.0,20.0,50,4,3.52,0
55,Male,PhD,Loni,IBM India,Senior Data Scientist,HealthTech,Full-time,34,2307807,89781,1228320.0,109933.0,1512633.0,30252,0.1573,785,2,65,3,25.0,9.0,0,17,5.0,0
51,Female,Diploma,Saharanpur,Zensar Technologies,Test Automation Engineer,EdTech,Full-time,30,1855420,61106,632808.0,21016.0,0.0,0,0.0,784,3,60,1,95.0,16.0,0,35,4.65,1
36,Male,Bachelor,Jalgaon,Happiest Minds,DevOps Engineer,SaaS,Full-time,13,1047553,42412,57904.0,4160.0,1648987.0,32979,0.3778,537,2,27,1,28.0,11.0,25,7,4.19,1
41,Male,Diploma,Jamnagar,Wipro,Frontend Developer,Government,Hybrid,20,1343875,43821,37236.0,69406.0,393146.0,7862,0.0702,623,2,37,1,91.0,7.0,50,8,4.42,0
44,Female,Bachelor,Coimbatore,Sasken,Product Manager,Consulting,Remote,20,1360335,38758,65407.0,59673.0,0.0,0,0.0,722,0,42,3,21.0,12.0,50,31,5.0,1
55,Male,Master,Durgapur,Mphasis,Principal Engineer,Banking,Part-time,35,2166985,78882,5376.0,27300.0,1583244.0,31664,0.1753,773,5,72,3,9.0,23.0,100,29,4.84,1
35,Non-binary,Master,Vijayawada,Srijan Technologies,Mobile Developer,Startup,Full-time,12,1159038,29686,78479.0,,550965.0,11019,0.1141,661,1,23,0,13.0,24.0,0,30,3.67,0
34,Male,Master,Ludhiana,Zoho,IT Consultant,Defense,Full-time,12,938683,38412,119308.0,173592.0,217862.0,4357,0.0557,611,3,29,3,45.0,17.0,50,19,4.05,0
43,Non-binary,Bachelor,Udaipur,Zetwerk,Solutions Architect,Government,Full-time,20,1412517,56467,97560.0,122540.0,613837.0,12276,0.1043,625,5,39,1,82.0,16.0,50,29,3.95,0
55,Male,Bachelor,Meerut,Nihilent,Solutions Architect,FinTech,Full-time,32,2044834,50152,179063.0,3030.0,549111.0,10982,0.0644,683,2,66,2,60.0,14.0,50,25,5.0,1
50,Female,Master,Dhanbad,ThoughtWorks India,Business Analyst,Manufacturing,Full-time,27,1898621,86482,43857.0,46519.0,1058331.0,21166,0.1338,667,1,57,5,8.0,7.0,75,19,3.97,0
43,Female,Bachelor,Jalgaon,Druva,QA Engineer,Consulting,Hybrid,19,1431172,51761,23183.0,35051.0,379346.0,7586,0.0636,586,4,35,0,35.0,9.0,50,12,3.41,0
33,Male,Diploma,Gulbarga,Trigent,ETL Developer,Manufacturing,Full-time,11,917648,28282,378574.0,21628.0,0.0,0,0.0,536,1,23,2,66.0,6.0,50,31,2.96,0
26,Male,Master,Jamshedpur,TCS,Security Analyst,Government,Hybrid,3,560896,17792,26527.0,77616.0,848102.0,16962,0.3629,455,0,11,4,75.0,0.0,50,25,2.34,0
37,Female,Master,Aligarh,CleverTap,Test Automation Engineer,Consulting,Full-time,15,1246382,46906,,49921.0,1316343.0,26326,0.2535,683,2,34,2,34.0,9.0,100,12,3.92,0
40,Male,Diploma,Malegaon,Coforge,IT Consultant,Startup,Full-time,19,1357975,35629,479249.0,31446.0,0.0,0,0.0,631,0,35,3,,21.0,75,18,4.69,1
23,Female,Master,Solapur,Zoho,VP Engineering,FinTech,Contract,0,541699,14012,34839.0,30753.0,0.0,0,0.0,469,2,5,0,10.0,0.0,75,0,2.31,0
56,Female,Bachelor,Hyderabad,Sonata Software,Data Scientist,E-commerce,Full-time,35,2383537,58667,35030.0,68450.0,0.0,0,0.0,720,2,68,0,49.0,9.0,100,15,4.73,0
23,Male,Bachelor,Udaipur,Nielsen India,Scrum Master,Banking,Contract,2,417763,11498,58983.0,7398.0,1365437.0,27308,0.7844,471,3,8,2,104.0,0.0,0,0,1.5,0
34,Female,Bachelor,Kochi,Unacademy,Business Analyst,Banking,Contract,11,819155,27436,12725.0,11308.0,0.0,0,0.0,654,3,24,2,81.0,19.0,75,20,3.73,0
41,Male,Master,Indore,Genpact,VP Engineering,HealthTech,Full-time,17,1385914,43402,14072.0,12362.0,94579.0,1891,0.0164,656,1,34,4,,12.0,50,36,4.0,0
30,Male,Bachelor,Asansol,Tata Elxsi,Solutions Architect,Banking,Full-time,8,734110,33118,93940.0,52656.0,476717.0,9534,0.1558,498,2,20,1,15.0,10.0,0,3,2.63,0
27,Male,Master,Moradabad,KPIT Technologies,Director of Engineering,Manufacturing,Full-time,4,654137,29044,18740.0,2709.0,1208489.0,24169,0.4434,566,5,12,0,9.0,0.0,50,33,2.46,0
57,Female,Bachelor,Patna,KPIT Technologies,Software Engineer,Startup,Hybrid,33,2066264,72992,67070.0,50210.0,0.0,0,0.0,798,2,70,0,110.0,,0,19,5.0,1
38,Female,Diploma,Aligarh,CRED,Frontend Developer,Consulting,Full-time,18,1403143,56378,12851.0,140838.0,0.0,0,0.0,624,2,33,2,88.0,15.0,75,7,3.38,0
42,Male,Master,Thiruvananthapuram,Mphasis,Database Administrator,Consulting,Remote,22,1553166,53938,46765.0,192361.0,794597.0,15891,0.1228,621,2,41,2,35.0,24.0,25,1,4.21,0
27,Male,Bachelor,Jamnagar,Cybage,Principal Engineer,Defense,Full-time,6,503367,15614,20033.0,12956.0,1290708.0,25814,0.6154,597,4,12,1,40.0,,0,12,2.28,0
56,Male,Bachelor,Amravati,Cyient,Scrum Master,Consulting,Contract,35,2339999,101799,108326.0,201809.0,0.0,0,0.0,803,1,71,0,51.0,9.0,75,7,4.72,0
38,Female,Bachelor,Patna,Unacademy,Business Analyst,SaaS,Full-time,16,1211771,39190,29962.0,37204.0,208815.0,4176,0.0414,566,3,34,1,77.0,3.0,75,14,3.61,0
41,Male,Bachelor,Jalandhar,BrowserStack,Backend Developer,Defense,Full-time,19,1388353,59209,143923.0,8088.0,877569.0,17551,0.1517,662,1,38,0,117.0,3.0,100,32,3.86,0
42,Male,Bachelor,Madurai,Tata Elxsi,Mobile Developer,Consulting,Full-time,19,1360810,46695,190418.0,54182.0,0.0,0,0.0,603,0,40,3,61.0,9.0,75,21,4.42,0
39,Female,Bachelor,Cuttack,Accenture India,Senior Software Engineer,Consulting,Full-time,15,1182169,30772,,9021.0,937518.0,18750,0.1903,608,6,33,3,28.0,24.0,50,36,2.83,0
56,Male,Master,Aurangabad,Sigmoid Analytics,Lead Engineer,EdTech,Remote,32,2110027,81377,33806.0,44630.0,1468518.0,29370,0.167,734,2,67,2,20.0,6.0,50,25,4.65,0
54,Male,Bachelor,Bhubaneswar,Cyient DLM,AI Researcher,FinTech,Full-time,32,2129347,81647,202787.0,7057.0,1169270.0,23385,0.1318,682,3,65,3,57.0,22.0,50,5,4.58,0
42,Female,Bachelor,Ludhiana,Postman,Engineering Manager,SaaS,Full-time,20,1423734,52556,18208.0,16575.0,62397.0,1247,0.0105,634,8,45,1,114.0,9.0,50,9,4.29,0
54,Male,Master,Tiruchirappalli,CleverTap,Engineering Manager,Manufacturing,Contract,33,2339602,99470,98078.0,150560.0,0.0,0,0.0,787,5,65,1,40.0,16.0,25,21,4.7,1
44,Female,Master,Patna,Zerodha,Technical Lead,Defense,Full-time,22,1725784,43865,299866.0,3612.0,761530.0,15230,0.1059,716,4,44,1,,2.0,25,11,4.72,1
34,Male,Bachelor,Saharanpur,Uniphore,QA Engineer,Consulting,Full-time,14,986574,31346,22709.0,40353.0,0.0,0,0.0,655,1,33,3,59.0,17.0,100,26,3.15,0
55,Male,Master,Ajmer,Xoriant,Technical Lead,EdTech,Full-time,31,1919989,70867,173370.0,2749.0,112213.0,2244,0.014,692,2,63,3,75.0,16.0,0,23,4.35,1
54,Female,Bachelor,Udaipur,Mindtree,ML Engineer,HealthTech,Hybrid,31,2014271,55266,372319.0,,666009.0,13320,0.0794,736,3,67,3,112.0,23.0,50,22,4.7,0
34,Female,Master,Akola,Cognizant,Software Engineer,Defense,Hybrid,13,1135661,29344,13938.0,123179.0,0.0,0,0.0,667,3,26,2,88.0,3.0,75,4,3.62,0
57,Male,Master,Jhansi,Datavail Infotech,Software Engineer,Consulting,Full-time,35,2327069,85026,54758.0,18659.0,1724908.0,34498,0.1779,754,5,70,1,1.0,16.0,75,34,4.29,1
37,Male,Master,Bhiwandi,Mastek,ETL Developer,Startup,Part-time,15,1262660,51594,26711.0,4742.0,,34756,0.3303,577,2,32,0,64.0,11.0,50,16,3.56,0
34,Male,Master,Howrah,Cyient DLM,Senior Software Engineer,Startup,Full-time,12,1046870,28638,21250.0,5052.0,1110281.0,22205,0.2545,663,1,21,2,59.0,22.0,100,38,3.48,0
29,Male,Bachelor,Kota,Zomato,Project Manager,Manufacturing,Full-time,9,828259,29624,3057.0,1422.0,1085288.0,21705,0.3145,538,4,22,2,108.0,20.0,100,10,2.4,0
57,Female,PhD,Loni,Capgemini India,Director of Engineering,Telecom,Full-time,33,2370825,85011,197151.0,115237.0,1907273.0,38145,0.1931,753,0,71,5,26.0,22.0,0,18,4.7,1
25,Female,Bachelor,Tiruchirappalli,Kellton Tech,System Architect,HealthTech,Full-time,1,292291,10708,70117.0,23813.0,1790818.0,35816,1.4704,481,4,0,2,106.0,0.0,75,13,1.0,0
27,Non-binary,Master,Bhiwandi,Robosoft,Business Analyst,Telecom,Full-time,7,633246,22843,133482.0,13087.0,,0,0.0,555,1,12,4,53.0,0.0,25,34,3.9,0
30,Male,Master,Ranchi,Wipro,Senior Software Engineer,Manufacturing,Full-time,10,931493,33113,352543.0,7268.0,0.0,0,0.0,660,0,17,4,92.0,7.0,25,27,4.17,0
30,Male,Bachelor,Tiruppur,Mastek,Data Analyst,Banking,Remote,9,727956,24584,33434.0,5065.0,0.0,0,0.0,589,5,23,3,73.0,22.0,50,31,3.26,0
25,Female,PhD,Aligarh,HCL Technologies,Lead Engineer,EdTech,Remote,3,684618,21108,80938.0,20517.0,85194.0,1703,0.0299,463,4,3,0,51.0,,100,15,2.22,0
28,Male,Bachelor,Mysuru,Geometric,System Architect,Defense,Remote,8,733344,29706,154898.0,52079.0,173076.0,3461,0.0566,596,0,16,3,73.0,7.0,0,17,3.68,0
38,Male,Bachelor,Pune,Capgemini India,Frontend Developer,Government,Full-time,16,1031661,45655,105987.0,83774.0,1757978.0,35159,0.409,701,2,33,0,50.0,18.0,50,26,3.92,0
48,Male,Diploma,Guwahati,Razorpay,Project Manager,Telecom,Hybrid,27,1877696,78123,108965.0,7413.0,1961082.0,39221,0.2507,697,0,57,1,21.0,17.0,50,38,4.41,1
30,Male,Bachelor,Jamshedpur,Mastek,Test Automation Engineer,Defense,Full-time,9,765144,19468,6531.0,18485.0,0.0,0,0.0,579,2,22,2,45.0,8.0,0,20,3.47,0
55,Female,High School,Meerut,Subex,AI Researcher,Telecom,Part-time,32,1997350,54717,114005.0,7123.0,1757485.0,35149,0.2112,820,1,62,2,24.0,11.0,50,17,5.0,1
22,Female,Bachelor,Chandigarh,Tech Mahindra,QA Engineer,SaaS,Full-time,0,535656,18883,27173.0,54483.0,226593.0,4531,0.1015,555,0,0,2,27.0,0.0,0,12,2.29,0
29,Male,Master,Kolhapur,Trigent,IT Consultant,Defense,Full-time,9,838338,31011,14050.0,,0.0,0,0.0,622,1,19,2,90.0,14.0,50,7,3.45,0
46,Male,Bachelor,Gurgaon,Druva,ETL Developer,Defense,Full-time,24,1599000,60138,86983.0,66320.0,1846344.0,36926,0.2771,688,3,45,3,10.0,7.0,25,36,3.97,0
42,Male,Master,Kanpur,Vedantu,System Architect,E-commerce,Full-time,22,1409604,35401,521796.0,21625.0,322949.0,6458,0.055,666,1,49,1,69.0,19.0,75,5,4.75,1
48,Female,Master,Dehradun,Mastek,Full Stack Developer,EdTech,Part-time,25,1890071,69234,166641.0,73873.0,1912485.0,38249,0.2428,726,4,51,3,60.0,,100,25,4.84,1
28,Female,Bachelor,Kalyan,NIIT Technologies,Principal Engineer,Defense,Contract,7,664372,25980,155024.0,,0.0,0,0.0,575,4,15,2,110.0,0.0,0,10,2.91,0
49,Male,Bachelor,Ahmedabad,IBM India,Test Automation Engineer,Banking,Full-time,28,1872261,74807,176565.0,,414847.0,8296,0.0532,684,1,57,2,82.0,19.0,0,38,4.47,0
51,Non-binary,Bachelor,Ajmer,PhonePe,Test Automation Engineer,Defense,Full-time,29,1947974,73843,546376.0,4719.0,0.0,0,0.0,715,3,61,5,5.0,22.0,75,19,4.58,1
33,Female,Master,Kalyan,Meesho,Scrum Master,SaaS,Contract,11,1014620,30888,101130.0,,1193734.0,23874,0.2824,557,1,19,1,,21.0,100,7,2.62,0
49,Male,Master,Jalandhar,Quick Heal,Backend Developer,Defense,Remote,26,1913641,79863,105446.0,470.0,550401.0,11008,0.069,657,2,52,1,69.0,22.0,75,17,4.26,1
52,Female,Bachelor,Rajkot,Cyient,Principal Engineer,HealthTech,Contract,30,1843477,54759,82672.0,11593.0,0.0,0,0.0,775,3,60,1,43.0,19.0,100,29,5.0,1
56,Male,Bachelor,Jaipur,Groww,Frontend Developer,Government,Remote,35,2171174,88555,33031.0,58005.0,0.0,0,0.0,808,5,73,2,18.0,23.0,50,37,5.0,1
39,Female,PhD,Gurgaon,Razorpay,Database Administrator,Telecom,Full-time,15,1341245,57544,24718.0,13437.0,1863333.0,37266,0.3334,681,1,35,0,89.0,3.0,50,14,3.54,0
41,Male,Master,Jabalpur,Birlasoft,Network Engineer,Manufacturing,Hybrid,17,1370434,52987,24788.0,3156.0,1509148.0,30182,0.2643,562,0,37,1,86.0,17.0,0,8,3.43,0
44,Male,Master,Jamnagar,Accenture India,Database Administrator,FinTech,Full-time,20,1533160,36927,78882.0,12473.0,1870468.0,37409,0.2928,589,2,45,2,46.0,13.0,50,9,3.91,0
38,Male,Master,Chennai,Accenture India,Mobile Developer,Government,Full-time,17,1355030,56229,53542.0,170172.0,1744487.0,34889,0.309,585,3,38,4,27.0,23.0,0,25,2.86,0
48,Female,Bachelor,Nashik,Uniphore,Test Automation Engineer,Startup,Full-time,24,1664787,49675,48049.0,50311.0,560875.0,11217,0.0809,626,1,50,5,77.0,12.0,100,10,4.16,1
23,Male,PhD,Bhubaneswar,Wipro,Technical Lead,Consulting,Full-time,2,557484,23826,87182.0,159437.0,1107841.0,22156,0.4769,594,0,4,3,51.0,0.0,75,31,2.16,0
37,Male,Bachelor,Loni,Chargebee,Software Engineer,SaaS,Full-time,13,1072537,27648,13486.0,,1591314.0,31826,0.3561,658,3,23,5,87.0,20.0,0,17,3.33,0
36,Female,Bachelor,Moradabad,Freshworks,Lead Engineer,HealthTech,Hybrid,13,1113411,46336,114757.0,1591.0,0.0,0,0.0,546,4,28,1,27.0,9.0,100,11,3.39,0
57,Female,Master,Guwahati,Zoho,Database Administrator,SaaS,Contract,35,2353673,80207,50316.0,11121.0,1252855.0,25057,0.1278,705,1,74,3,115.0,19.0,100,36,5.0,1
54,Female,Bachelor,Lucknow,ThoughtWorks India,Business Analyst,Telecom,Hybrid,30,1891132,63746,39848.0,14546.0,0.0,0,0.0,769,1,59,3,28.0,9.0,0,18,5.0,1
22,Female,Diploma,Jodhpur,Zensar Technologies,Frontend Developer,EdTech,Hybrid,0,218776,5674,29247.0,34655.0,1210494.0,24209,1.3279,445,1,3,0,14.0,0.0,0,6,1.0,0
34,Male,High School,Aligarh,Zetwerk,Database Administrator,Consulting,Hybrid,10,786746,28915,37598.0,47731.0,0.0,0,0.0,598,2,23,2,18.0,19.0,0,5,4.29,0
33,Male,Master,Gwalior,PhonePe,ETL Developer,Telecom,Full-time,12,989215,39941,56770.0,37846.0,853729.0,17074,0.2071,530,2,24,1,102.0,14.0,75,36,3.31,0
25,Female,Diploma,Vijayawada,Robosoft,Senior Software Engineer,HealthTech,Hybrid,1,261485,11675,11564.0,21053.0,1638448.0,32768,1.5038,578,2,5,2,6.0,0.0,50,9,1.0,0
33,Male,Diploma,Akola,Trigent,ETL Developer,Defense,Full-time,10,744849,27030,7725.0,28116.0,0.0,0,0.0,548,5,23,2,85.0,11.0,100,28,3.84,0
42,Female,Bachelor,Jaipur,NIIT Technologies,Cloud Architect,SaaS,Contract,21,1527547,39497,7428.0,7629.0,1402481.0,28049,0.2203,710,1,47,7,92.0,22.0,0,36,3.69,0
54,Female,High School,Ranchi,Intellect Design,Mobile Developer,Startup,Full-time,34,2082604,76697,378759.0,177209.0,0.0,0,0.0,799,6,65,0,44.0,10.0,0,22,5.0,0
48,Male,Bachelor,Ajmer,L&T Infotech,Cloud Architect,Telecom,Remote,27,1717144,45381,101257.0,2763.0,1501087.0,30021,0.2098,741,1,59,0,12.0,18.0,75,6,4.09,0
25,Female,Master,Siliguri,Net Solutions,BI Developer,SaaS,Full-time,4,608384,23373,172334.0,8562.0,433615.0,8672,0.171,500,2,11,0,29.0,0.0,100,10,2.72,0
42,Female,Bachelor,Aligarh,ThoughtWorks India,Data Scientist,Consulting,Part-time,20,1395350,60037,,3586.0,0.0,0,0.0,710,3,37,3,14.0,3.0,50,7,4.31,0
46,Male,PhD,Saharanpur,Mindtree,Network Engineer,Banking,Contract,25,1967269,72893,38145.0,63888.0,387422.0,7748,0.0473,709,2,52,5,11.0,7.0,75,9,4.31,1
43,Female,PhD,Hyderabad,Firstsource,Project Manager,Startup,Remote,21,1589517,39385,,12218.0,1362516.0,27250,0.2057,666,3,42,3,92.0,22.0,50,10,3.53,0
32,Female,Master,Srinagar,CleverTap,Database Administrator,SaaS,Full-time,11,914839,31987,33009.0,37509.0,215940.0,4318,0.0566,523,2,23,1,53.0,19.0,100,14,3.59,0
36,Male,Master,Madurai,Kellton Tech,Project Manager,Consulting,Full-time,16,1409147,38834,19279.0,33710.0,1842814.0,36856,0.3139,642,2,37,3,82.0,6.0,0,3,3.67,0
48,Male,Diploma,Amravati,Uniphore,ML Engineer,HealthTech,Hybrid,24,1591626,64696,40105.0,26943.0,0.0,0,0.0,754,1,47,2,112.0,3.0,0,19,5.0,0
57,Male,Bachelor,Thiruvananthapuram,Zomato,Product Manager,HealthTech,Remote,35,2218574,82821,121662.0,7051.0,1995144.0,39902,0.2158,796,1,75,0,94.0,3.0,75,3,5.0,1
47,Female,Bachelor,Firozabad,Happiest Minds,Product Manager,FinTech,Hybrid,23,1555285,42691,86580.0,12490.0,0.0,0,0.0,637,1,44,1,30.0,19.0,75,33,3.94,0
39,Male,PhD,Hubballi,BrowserStack,Test Automation Engineer,EdTech,Full-time,16,1260847,41046,296183.0,,0.0,0,0.0,592,1,32,2,28.0,,75,13,4.09,0
38,Female,Master,Malegaon,Robosoft,ML Engineer,Defense,Full-time,16,1016217,35649,14700.0,,0.0,0,0.0,637,2,30,1,98.0,15.0,25,34,4.04,0
25,Male,Diploma,Varanasi,WNS Global,Network Engineer,Defense,Full-time,4,640922,16024,47517.0,,1703468.0,34069,0.6379,494,0,12,5,12.0,0.0,0,35,1.63,0
52,Male,Diploma,Aurangabad,Nielsen India,Solutions Architect,Consulting,Contract,32,2097636,78998,96820.0,4324.0,755620.0,15112,0.0865,822,2,68,3,20.0,6.0,0,36,4.75,0
22,Male,Bachelor,Bhilai,Zerodha,Engineering Manager,EdTech,Contract,0,338695,8529,52715.0,25668.0,0.0,0,0.0,485,3,1,6,32.0,0.0,100,36,2.75,0
30,Female,Bachelor,Tiruchirappalli,Tech Mahindra,Mobile Developer,FinTech,Hybrid,10,900398,37855,144533.0,4287.0,705502.0,14110,0.188,531,3,22,0,4.0,6.0,0,6,2.97,0
30,Male,Master,Kanpur,Razorpay,Cloud Architect,Startup,Remote,9,804164,27048,30919.0,,0.0,0,0.0,632,2,20,2,114.0,7.0,100,25,4.23,0
55,Male,Bachelor,Dehradun,ThoughtWorks India,Data Scientist,EdTech,Remote,35,2175145,75588,19520.0,21422.0,0.0,0,0.0,783,3,72,0,70.0,24.0,50,1,5.0,1
29,Non-binary,Bachelor,Noida,Cyient,Technical Lead,Startup,Full-time,7,821227,32859,171495.0,23101.0,516564.0,10331,0.151,618,3,16,1,115.0,0.0,100,21,3.91,0
44,Male,Bachelor,Tiruchirappalli,InMobi,Project Manager,EdTech,Full-time,21,1366768,52088,13774.0,,1961613.0,39232,0.3445,636,3,39,3,16.0,24.0,75,39,4.68,0
54,Female,Bachelor,Gorakhpur,Druva,ETL Developer,Defense,Hybrid,34,2153297,88773,,385.0,0.0,0,0.0,805,5,69,4,83.0,16.0,50,27,5.0,1
33,Female,Master,Hubballi,Byju s,Senior Software Engineer,HealthTech,Hybrid,13,1095378,33498,148924.0,145844.0,303450.0,6069,0.0665,640,2,24,1,38.0,24.0,50,6,4.07,0
35,Male,Bachelor,Gurgaon,Byju s,Full Stack Developer,Startup,Full-time,15,1206225,46900,11599.0,,0.0,0,0.0,693,1,32,2,117.0,24.0,0,20,3.88,0
43,Female,Bachelor,Durgapur,L&T Infotech,ML Engineer,FinTech,Full-time,20,1361661,44473,3887.0,12959.0,0.0,0,0.0,711,3,39,2,67.0,15.0,0,12,3.25,0
28,Female,PhD,Cuttack,InMobi,Data Scientist,FinTech,Full-time,5,661009,16836,,,1818971.0,36379,0.6604,592,2,7,5,118.0,0.0,50,2,3.01,0
39,Female,Bachelor,Tiruchirappalli,Groww,Product Manager,SaaS,Full-time,18,1450316,55147,232685.0,,965623.0,19312,0.1598,577,4,38,1,36.0,15.0,0,37,3.88,0
24,Male,Bachelor,Tiruchirappalli,Unacademy,Full Stack Developer,Consulting,Full-time,4,520154,22587,52542.0,48415.0,917724.0,18354,0.4234,494,1,5,1,38.0,0.0,50,26,2.3,0
32,Male,Bachelor,Hubballi,Swiggy,IT Consultant,Defense,Full-time,11,940744,28511,,37060.0,0.0,0,0.0,654,2,23,2,30.0,20.0,100,32,2.73,0
43,Non-binary,Master,Cuttack,Sigmoid Analytics,Senior Data Scientist,Consulting,Full-time,20,1425197,34993,102375.0,9586.0,1695538.0,33910,0.2855,586,3,41,3,,3.0,0,37,4.2,0
39,Male,Master,Hubballi,Xoriant,Frontend Developer,FinTech,Full-time,19,1334437,51727,36163.0,220291.0,59900.0,1198,0.0108,649,3,35,0,99.0,17.0,50,2,4.22,1
56,Female,Bachelor,Mangalore,CRED,Test Automation Engineer,Banking,Hybrid,33,2261012,88244,64558.0,6068.0,1610942.0,32218,0.171,722,1,67,3,38.0,,0,10,4.5,0
27,Male,Master,Mangalore,WNS Global,Director of Engineering,HealthTech,Full-time,3,515573,14614,22062.0,26955.0,,22653,0.5272,487,1,11,1,52.0,0.0,75,22,1.89,0
22,Male,Bachelor,Pune,Publicis Sapient,Cloud Architect,E-commerce,Full-time,0,265519,7344,141094.0,114081.0,0.0,0,0.0,544,2,0,1,43.0,0.0,50,13,2.66,0
36,Male,Bachelor,Nellore,Hexaware,Mobile Developer,Defense,Full-time,12,1002260,35938,252725.0,16772.0,0.0,0,0.0,636,0,22,0,7.0,13.0,100,21,3.51,0
29,Non-binary,Master,Kolkata,Srijan Technologies,ETL Developer,Defense,Contract,9,1027948,32587,303935.0,4837.0,1178898.0,23577,0.2752,559,4,16,5,84.0,19.0,50,0,3.03,0
50,Male,Bachelor,Cuttack,Subex,Senior Data Scientist,Consulting,Full-time,27,1882936,78014,17086.0,124681.0,1501989.0,30039,0.1914,792,5,51,4,84.0,11.0,75,26,4.68,0
50,Female,Bachelor,Gurgaon,Trigent,Scrum Master,Consulting,Remote,26,1662849,69755,732416.0,1476566.0,1593287.0,31865,0.23,720,1,55,1,110.0,2.0,50,32,4.06,0
39,Male,High School,Kolhapur,Infosys,Senior Software Engineer,Consulting,Full-time,16,994644,23602,24082.0,75797.0,356094.0,7121,0.0859,666,1,35,0,118.0,18.0,50,36,4.41,0
54,Female,Bachelor,Bhiwandi,Nielsen India,QA Engineer,E-commerce,Full-time,30,1932694,69639,198875.0,98773.0,245429.0,4908,0.0305,687,1,59,1,0.0,22.0,100,10,3.79,0
30,Female,High School,Pune,Razorpay,Scrum Master,SaaS,Contract,6,514880,23216,100936.0,31211.0,,12378,0.2885,560,3,14,1,39.0,0.0,100,35,2.42,0
41,Female,Master,Moradabad,Quick Heal,Engineering Manager,Manufacturing,Hybrid,20,1461653,52103,94714.0,4347.0,424527.0,8490,0.0697,690,1,38,1,92.0,18.0,100,16,4.46,1
23,Male,Bachelor,Bangalore,Newgen Software,Backend Developer,Telecom,Hybrid,0,223244,7845,33776.0,50410.0,128473.0,2569,0.1381,528,1,0,2,9.0,0.0,100,31,2.23,0
50,Female,Bachelor,Ranchi,Coda Global,Software Engineer,EdTech,Contract,30,1986990,60818,90167.0,3349.0,820105.0,16402,0.0991,790,2,61,1,5.0,2.0,50,8,4.41,0
23,Male,Diploma,Jabalpur,Zerodha,Mobile Developer,E-commerce,Hybrid,3,463383,13858,342195.0,5450.0,1203338.0,24066,0.6232,487,3,8,0,113.0,,0,35,2.36,0
34,Male,Bachelor,Chandigarh,Datavail Infotech,Full Stack Developer,Defense,Full-time,11,821021,21064,65008.0,52364.0,1938363.0,38767,0.5666,555,2,21,0,39.0,18.0,0,32,2.49,0
27,Male,Bachelor,Jamnagar,Sigmoid Analytics,Senior Software Engineer,Telecom,Full-time,4,406882,10866,34500.0,13563.0,0.0,0,0.0,602,6,9,1,79.0,0.0,50,26,4.19,0
44,Female,Diploma,Nashik,Robosoft,Director of Engineering,FinTech,Remote,20,1365027,61792,147692.0,6596.0,768073.0,15361,0.135,670,2,37,1,,6.0,50,7,4.38,0
55,Female,Bachelor,Chennai,Nihilent,Principal Engineer,Startup,Contract,35,2129008,81409,164333.0,5320.0,1264165.0,25283,0.1425,835,2,72,1,9.0,18.0,75,2,4.49,1
31,Non-binary,Bachelor,Navi Mumbai,Genpact,QA Engineer,E-commerce,Full-time,9,804296,32552,56214.0,114600.0,1489422.0,29788,0.4444,522,0,22,3,62.0,5.0,0,13,2.27,0
38,Male,Diploma,Ujjain,Birlasoft,DevOps Engineer,Startup,Remote,17,1119521,37069,10988.0,13356.0,1716272.0,34325,0.3679,574,2,31,1,7.0,,100,35,3.73,0
39,Male,Diploma,Bikaner,EXL Service,Senior Software Engineer,FinTech,Contract,19,1201950,54017,,18689.0,534755.0,10695,0.1068,616,2,36,2,67.0,23.0,100,22,4.29,0
38,Female,Master,Gurgaon,Syntel India,System Architect,Startup,Full-time,15,1088333,38150,54953.0,61861.0,0.0,0,0.0,544,3,28,2,47.0,16.0,75,9,2.96,0
31,Male,Master,Delhi,Druva,IT Consultant,Defense,Part-time,7,650111,17694,202203.0,70542.0,0.0,0,0.0,571,3,11,1,82.0,0.0,0,35,2.9,0
45,Female,PhD,Durgapur,Mastek,Senior Data Scientist,E-commerce,Part-time,24,1663709,75097,204426.0,3601.0,0.0,0,0.0,717,5,45,3,19.0,20.0,50,5,4.05,0
23,Male,High School,Srinagar,KPIT Technologies,Director of Engineering,SaaS,Full-time,2,302661,10860,52118.0,2896.0,412949.0,8258,0.3274,562,5,4,0,52.0,0.0,50,21,2.99,0
27,Male,Bachelor,Durgapur,Mindtree,Project Manager,E-commerce,Contract,3,518622,22250,131992.0,20485.0,876003.0,17520,0.4054,578,2,7,5,55.0,,50,4,3.42,0
54,Male,Bachelor,Raipur,Mastek,System Architect,E-commerce,Remote,30,2004337,72844,158554.0,929730.0,1404890.0,28097,0.1682,713,2,62,1,33.0,4.0,0,11,4.21,0
49,Female,Bachelor,Loni,Coda Global,Technical Lead,Consulting,Remote,25,1682973,45137,5865.0,30347.0,,33717,0.2404,644,1,53,1,100.0,2.0,0,8,3.36,0
32,Male,Diploma,Bhilai,Quick Heal,Software Engineer,Banking,Contract,10,569478,23699,62582.0,141731.0,1588186.0,31763,0.6693,519,4,18,2,9.0,24.0,50,33,2.15,0
56,Male,Master,Bhiwandi,Trigent,Network Engineer,SaaS,Part-time,34,2346351,67490,108369.0,102107.0,0.0,0,0.0,823,2,66,3,7.0,12.0,100,33,5.0,1
33,Male,Diploma,Ahmedabad,Freshworks,Principal Engineer,EdTech,Contract,13,904810,39375,24571.0,54627.0,0.0,0,0.0,665,2,30,1,110.0,14.0,50,12,3.25,0
32,Female,High School,Loni,L&T Infotech,ML Engineer,SaaS,Hybrid,9,633494,15727,9008.0,73284.0,0.0,0,0.0,539,0,16,2,119.0,19.0,0,37,3.3,0
51,Female,Bachelor,Navi Mumbai,Druva,Principal Engineer,Startup,Full-time,29,1830388,62340,5980.0,26053.0,1094179.0,21883,0.1435,797,2,62,4,48.0,17.0,50,25,5.0,1
45,Female,Diploma,Bhopal,Datavail Infotech,ML Engineer,Defense,Contract,23,1496900,63093,37099.0,2445.0,0.0,0,0.0,640,3,48,0,53.0,6.0,75,2,5.0,1
31,Male,Bachelor,Ujjain,TCS,Test Automation Engineer,SaaS,Remote,9,684103,27466,7159.0,34858.0,0.0,0,0.0,547,3,23,1,114.0,11.0,100,34,3.02,0
40,Male,Bachelor,Siliguri,Zoho,AI Researcher,SaaS,Full-time,19,1406130,33775,15002.0,50855.0,1963851.0,39277,0.3352,615,2,40,0,47.0,23.0,100,37,3.08,0
36,Female,Bachelor,Guntur,Ola,Senior Software Engineer,E-commerce,Full-time,12,868101,20387,30982.0,13027.0,1980149.0,39602,0.5474,618,1,21,2,85.0,3.0,0,29,3.07,0
29,Female,Master,Kolkata,Zoho,Network Engineer,FinTech,Remote,8,840015,30057,290747.0,462972.0,766296.0,15325,0.2189,633,1,13,4,103.0,21.0,50,32,3.32,0
31,Female,Master,Kolkata,Datamatics,Database Administrator,Defense,Full-time,8,884142,33498,90390.0,,586191.0,11723,0.1591,635,4,19,0,107.0,15.0,100,24,3.66,0
43,Female,High School,Patna,Uniphore,QA Engineer,Banking,Remote,22,1424304,59064,485339.0,98068.0,366910.0,7338,0.0618,650,4,47,1,115.0,15.0,0,27,4.35,0
22,Male,Master,Mangalore,Cyient,DevOps Engineer,Defense,Remote,2,464979,19418,230087.0,225266.0,1467962.0,29359,0.7577,577,1,1,3,76.0,0.0,100,12,1.88,0
54,Male,Master,Firozabad,Cyient,Backend Developer,Startup,Part-time,32,2120704,49802,24556.0,52501.0,1501172.0,30023,0.1699,755,1,67,0,22.0,2.0,0,19,4.41,0
53,Male,Bachelor,Mysuru,Apexon,Scrum Master,Government,Full-time,31,1923500,56660,17491.0,2905.0,1439496.0,28789,0.1796,737,4,64,0,74.0,8.0,0,14,4.94,0
54,Male,Bachelor,Dehradun,Sasken,Engineering Manager,E-commerce,Contract,32,1955298,75812,3679.0,549350.0,1907578.0,38151,0.2341,682,7,61,3,98.0,20.0,0,20,4.21,0
41,Female,PhD,Navi Mumbai,BrowserStack,Data Scientist,HealthTech,Remote,18,1468138,40647,107164.0,187565.0,0.0,0,0.0,715,1,39,4,98.0,15.0,100,19,4.47,1
47,Male,Master,Indore,Meesho,DevOps Engineer,Defense,Full-time,25,1722364,49776,38283.0,352591.0,1482613.0,29652,0.2066,651,6,51,2,11.0,12.0,75,39,4.04,0
44,Female,Bachelor,Noida,Nagarro India,Lead Engineer,FinTech,Full-time,24,1553366,68522,536005.0,25728.0,397961.0,7959,0.0615,635,0,46,1,22.0,20.0,50,20,3.54,0
36,Male,Master,Solapur,Hexaware,Full Stack Developer,Banking,Full-time,12,990113,34975,48336.0,3669.0,176237.0,3524,0.0427,531,2,23,2,36.0,6.0,100,3,3.17,0
28,Male,Bachelor,Howrah,Vedantu,Test Automation Engineer,Consulting,Contract,8,854520,35607,130663.0,21924.0,833369.0,16667,0.2341,637,2,20,1,85.0,14.0,50,14,2.86,0
56,Female,Bachelor,Navi Mumbai,BrowserStack,Engineering Manager,SaaS,Remote,33,2149660,55568,22060.0,13418.0,1075852.0,21517,0.1201,816,5,65,0,1.0,15.0,75,26,5.0,1
45,Male,Diploma,Kolhapur,HCL Technologies,Mobile Developer,Telecom,Contract,23,1491385,62411,130618.0,83121.0,898285.0,17965,0.1446,659,3,49,5,,16.0,50,35,4.16,0
37,Female,PhD,Varanasi,Nagarro India,Full Stack Developer,Government,Full-time,13,1259131,33369,42036.0,62961.0,0.0,0,0.0,561,1,31,4,93.0,22.0,50,15,3.63,0
38,Male,High School,Jalandhar,GlobalLogic,Principal Engineer,Banking,Full-time,14,1008499,27783,28566.0,13569.0,1884425.0,37688,0.4484,537,3,28,1,67.0,11.0,100,29,2.75,0
47,Male,Bachelor,Navi Mumbai,Chargebee,Senior Data Scientist,Startup,Full-time,25,1720288,42129,,10733.0,1079043.0,21580,0.1505,710,2,50,1,115.0,10.0,0,22,5.0,0
53,Male,Bachelor,Thiruvananthapuram,Subex,Scrum Master,Telecom,Full-time,29,1951752,84686,82800.0,2739.0,0.0,0,0.0,707,4,62,5,72.0,16.0,50,6,5.0,1
48,Male,Master,Surat,Capgemini India,Security Analyst,EdTech,Remote,28,1898376,69404,,299660.0,1784605.0,35692,0.2256,697,1,54,5,117.0,6.0,0,17,3.89,0
53,Male,PhD,Dhanbad,Cyient DLM,Business Analyst,Manufacturing,Remote,31,1977392,60591,205152.0,20559.0,0.0,0,0.0,723,3,65,3,66.0,5.0,100,12,4.94,1
48,Male,Master,Howrah,Geometric,Engineering Manager,Consulting,Full-time,28,1857281,64397,56393.0,167989.0,0.0,0,0.0,776,4,55,1,52.0,18.0,100,18,5.0,1
34,Male,Bachelor,Bhubaneswar,Infosys,Lead Engineer,Startup,Contract,12,1042415,46725,67022.0,15594.0,0.0,0,0.0,580,4,28,0,50.0,21.0,0,34,3.48,0
56,Male,PhD,Jabalpur,Trigent,Solutions Architect,EdTech,Full-time,33,2206602,53931,87942.0,2123351.0,0.0,0,0.0,716,1,64,1,14.0,8.0,100,38,5.0,1
49,Male,Master,Gurgaon,Byju s,Database Administrator,Startup,Remote,25,1684148,68868,216576.0,5993.0,388079.0,7761,0.0553,721,1,53,4,95.0,8.0,50,5,4.39,0
57,Male,Master,Kolkata,Apexon,Database Administrator,HealthTech,Full-time,33,2153081,96488,19765.0,10550.0,1725795.0,34515,0.1924,788,4,68,4,75.0,6.0,50,2,5.0,1
43,Female,Bachelor,Mysuru,Publicis Sapient,Test Automation Engineer,HealthTech,Remote,19,1233717,55046,306042.0,18154.0,0.0,0,0.0,584,2,43,2,41.0,19.0,75,37,3.71,0
26,Male,Bachelor,Vijayawada,Quick Heal,Principal Engineer,Defense,Full-time,2,496531,20886,54778.0,194435.0,1330749.0,26614,0.6432,532,1,6,3,37.0,0.0,50,24,1.65,0
52,Male,Bachelor,Firozabad,Nagarro India,QA Engineer,FinTech,Remote,32,2052136,50996,253770.0,134038.0,0.0,0,0.0,695,6,64,3,99.0,18.0,0,22,4.47,0
39,Male,High School,Bikaner,Syntel India,Security Analyst,HealthTech,Contract,16,1251756,52772,576334.0,35630.0,0.0,0,0.0,704,1,34,4,,20.0,50,22,4.32,0
35,Male,Master,Dehradun,Happiest Minds,Full Stack Developer,Government,Full-time,15,1217323,40025,24814.0,,202035.0,4040,0.0398,575,6,32,1,43.0,16.0,100,18,3.33,0
29,Male,Master,Siliguri,Nagarro India,Senior Data Scientist,FinTech,Remote,7,857131,32457,72660.0,31048.0,1526747.0,30534,0.4275,533,2,14,1,109.0,0.0,50,34,1.84,0
35,Male,Diploma,Ranchi,Druva,Senior Software Engineer,HealthTech,Remote,15,1118209,38129,,29771.0,1404221.0,28084,0.3014,642,2,29,3,29.0,17.0,75,6,3.23,0
50,Male,Bachelor,Moradabad,Cyient DLM,Frontend Developer,Banking,Full-time,28,1817169,42931,195604.0,148483.0,961630.0,19232,0.127,771,2,54,2,115.0,6.0,0,9,4.54,0
37,Female,Bachelor,Vadodara,BrowserStack,VP Engineering,Government,Full-time,13,978621,32657,26519.0,130545.0,0.0,0,0.0,551,5,29,1,4.0,15.0,75,14,2.91,0
24,Female,Master,Nellore,Wipro,Project Manager,SaaS,Full-time,3,584700,20829,21990.0,45235.0,317848.0,6356,0.1304,477,2,5,4,53.0,0.0,0,18,2.99,0
23,Female,Master,Asansol,Unacademy,Cloud Architect,Consulting,Full-time,2,543001,17068,,3671.0,1324615.0,26492,0.5855,599,3,4,1,51.0,0.0,25,30,2.58,0
56,Female,Diploma,Jamnagar,TCS,Test Automation Engineer,Startup,Full-time,35,2249771,88302,83745.0,10505.0,0.0,0,0.0,729,3,68,1,11.0,7.0,25,22,5.0,1
50,Male,PhD,Tiruppur,Postman,ETL Developer,Startup,Remote,30,2138205,94393,40834.0,8059.0,,0,0.0,720,1,63,0,34.0,7.0,100,6,5.0,1
49,Non-binary,Diploma,Firozabad,Vedantu,Frontend Developer,SaaS,Full-time,26,1653202,44006,56849.0,11544.0,490838.0,9816,0.0713,766,0,51,1,89.0,13.0,100,25,4.42,1
43,Male,Bachelor,Loni,Sigmoid Analytics,Cloud Architect,HealthTech,Full-time,22,1600291,53859,85483.0,176126.0,462905.0,9258,0.0694,753,5,45,1,46.0,16.0,0,37,4.69,0
52,Female,PhD,Navi Mumbai,Nagarro India,Mobile Developer,Banking,Hybrid,28,1963155,80513,41342.0,12099.0,614501.0,12290,0.0751,682,5,58,2,68.0,21.0,100,24,4.3,0
49,Male,Bachelor,Bhavnagar,Zerodha,Frontend Developer,Startup,Contract,29,1718365,58981,459164.0,,1035275.0,20705,0.1446,733,2,57,3,35.0,24.0,0,1,5.0,1
55,Female,High School,Dhanbad,L&T Infotech,Mobile Developer,Telecom,Contract,32,1919961,78871,19410.0,4986.0,155362.0,3107,0.0194,750,1,66,0,72.0,15.0,75,17,4.74,1
34,Female,PhD,Amravati,Sigmoid Analytics,Full Stack Developer,Consulting,Full-time,13,1250378,41626,18135.0,20403.0,106252.0,2125,0.0204,654,5,23,2,40.0,22.0,100,5,3.25,0
30,Male,Master,Jamshedpur,Zomato,IT Consultant,Manufacturing,Hybrid,10,872574,27502,51334.0,11587.0,273493.0,5469,0.0752,592,3,23,1,25.0,,100,36,3.37,0
31,Female,Bachelor,Firozabad,Coforge,ML Engineer,Manufacturing,Part-time,8,723841,16994,165712.0,9969.0,359498.0,7189,0.1192,564,2,13,3,69.0,24.0,0,21,3.58,0
57,Female,Master,Gurgaon,Uniphore,Senior Software Engineer,Manufacturing,Full-time,33,2114683,55037,22570.0,5514.0,0.0,0,0.0,688,1,63,2,35.0,7.0,0,30,5.0,1
48,Male,Master,Delhi,L&T Infotech,System Architect,Defense,Full-time,24,1760342,68217,251427.0,42727.0,0.0,0,0.0,706,2,47,5,91.0,18.0,50,20,4.6,1
48,Male,Master,Howrah,eClerx,Network Engineer,Telecom,Remote,25,1794123,55247,17877.0,5148.0,1665838.0,33316,0.2228,624,1,55,2,74.0,18.0,100,28,4.54,1
54,Male,Master,Saharanpur,Syntel India,Scrum Master,HealthTech,Full-time,31,1968950,65344,17770.0,18981.0,1796166.0,35923,0.2189,744,4,66,2,55.0,5.0,75,10,4.79,0
55,Female,Diploma,Moradabad,TCS,Full Stack Developer,Manufacturing,Full-time,33,2156215,69428,165271.0,186485.0,358721.0,7174,0.0399,710,3,66,0,39.0,6.0,100,2,5.0,1
52,Male,Master,Chandigarh,Cybage,Solutions Architect,SaaS,Hybrid,30,2102517,52579,63248.0,28425.0,0.0,0,0.0,790,4,65,2,111.0,17.0,50,23,4.98,1
32,Non-binary,Bachelor,Vadodara,Persistent Systems,Test Automation Engineer,E-commerce,Full-time,8,845528,23980,28710.0,10933.0,1838122.0,36762,0.5217,617,3,14,1,104.0,19.0,75,3,1.92,0
54,Female,Bachelor,Hubballi,CRED,Data Analyst,Startup,Remote,31,2001512,60726,36407.0,26274.0,320740.0,6414,0.0385,812,1,59,3,18.0,17.0,100,6,5.0,1
24,Female,Bachelor,Bhubaneswar,Nielsen India,Cloud Architect,E-commerce,Hybrid,4,482828,11464,40317.0,238136.0,594028.0,11880,0.2953,569,3,11,1,7.0,,0,39,2.74,0
45,Male,Bachelor,Bareilly,Razorpay,Senior Data Scientist,Consulting,Full-time,22,1652649,56917,197354.0,2550.0,323652.0,6473,0.047,673,4,41,4,77.0,24.0,25,13,3.93,0
39,Male,Bachelor,Firozabad,KPIT Technologies,AI Researcher,Banking,Full-time,19,1261728,50216,135359.0,146835.0,0.0,0,0.0,629,4,35,0,104.0,12.0,50,19,4.32,0
50,Female,Bachelor,Aligarh,Vedantu,QA Engineer,Government,Part-time,30,1921018,59880,,31111.0,234254.0,4685,0.0293,699,2,63,3,21.0,12.0,0,27,4.86,0
48,Female,Bachelor,Dehradun,Hexaware,Network Engineer,SaaS,Contract,25,1623397,63710,82720.0,478325.0,397640.0,7952,0.0588,733,3,53,0,5.0,13.0,75,17,4.27,1
45,Male,Master,Dhanbad,Byju s,IT Consultant,FinTech,Full-time,25,1830571,66978,16261.0,21259.0,862557.0,17251,0.1131,738,1,49,1,116.0,23.0,0,20,4.59,0
26,Male,Bachelor,Tiruchirappalli,Coforge,Project Manager,HealthTech,Contract,6,715830,18549,103720.0,55317.0,1220220.0,24404,0.4091,556,3,13,0,20.0,0.0,0,15,2.28,0
36,Female,Diploma,Lucknow,Uniphore,IT Consultant,EdTech,Hybrid,12,966706,35235,58124.0,7300.0,1532810.0,30656,0.3805,597,3,25,2,7.0,5.0,75,5,3.05,0
24,Female,Master,Asansol,Meesho,Senior Data Scientist,Manufacturing,Hybrid,2,515593,12447,22025.0,1581.0,227882.0,4557,0.1061,462,1,9,2,31.0,0.0,25,16,2.44,0
54,Male,Master,Siliguri,Nielsen India,Software Engineer,Defense,Full-time,33,2263132,59401,1119878.0,42325.0,0.0,0,0.0,744,1,66,2,81.0,9.0,0,18,4.83,1
33,Non-binary,Bachelor,Gwalior,Apexon,ML Engineer,EdTech,Remote,13,1051849,29783,99825.0,17353.0,0.0,0,0.0,531,2,23,2,25.0,,50,3,3.61,0
30,Female,Bachelor,Meerut,Sigmoid Analytics,Product Manager,Defense,Hybrid,7,661834,27008,462518.0,8003.0,1483088.0,29661,0.5378,610,1,13,2,68.0,0.0,75,15,2.6,0
39,Female,High School,Indore,Intellect Design,System Architect,Telecom,Full-time,17,1233360,30159,36551.0,6033.0,0.0,0,0.0,705,2,31,2,4.0,10.0,50,8,4.46,1
57,Female,PhD,Bhopal,Sonata Software,VP Engineering,Banking,Full-time,34,2186808,83662,33683.0,49650.0,265612.0,5312,0.0291,755,2,72,0,68.0,9.0,50,31,5.0,1
23,Female,Bachelor,Bhiwandi,L&T Infotech,Backend Developer,SaaS,Part-time,0,344506,14443,18133.0,768.0,1250328.0,25006,0.871,438,1,3,1,28.0,0.0,75,25,1.68,0
27,Female,Bachelor,Mumbai,GlobalLogic,Data Scientist,FinTech,Full-time,3,628113,17744,4470.0,3570.0,1440230.0,28804,0.5503,444,0,6,0,70.0,0.0,50,6,1.43,0
54,Female,PhD,Gulbarga,Nucleus Software,Full Stack Developer,Defense,Full-time,31,2166804,72588,130135.0,6747.0,0.0,0,0.0,764,2,61,1,33.0,20.0,50,21,4.21,1
25,Male,Master,Ajmer,Birlasoft,Backend Developer,Manufacturing,Hybrid,4,525321,15533,128958.0,718.0,155277.0,3105,0.0709,574,2,11,2,27.0,0.0,75,23,2.95,0
42,Male,Master,Gwalior,Swiggy,QA Engineer,Telecom,Remote,18,1360865,42424,193429.0,,725896.0,14517,0.128,590,2,39,2,113.0,20.0,100,33,3.9,0
38,Male,Bachelor,Bareilly,Happiest Minds,ETL Developer,E-commerce,Remote,18,1199767,40473,410440.0,4957.0,1667418.0,33348,0.3335,633,2,34,0,105.0,10.0,50,19,4.23,0
22,Male,Diploma,Varanasi,Infosys,Full Stack Developer,Telecom,Full-time,0,318647,11188,83245.0,58901.0,1847648.0,36952,1.3916,523,1,2,3,76.0,0.0,75,4,1.26,0
54,Female,Bachelor,Patna,CRED,Business Analyst,Startup,Full-time,34,2112085,54020,51667.0,22795.0,585685.0,11713,0.0665,804,4,67,3,30.0,3.0,50,4,5.0,1
43,Male,Master,Kolkata,Wipro,Frontend Developer,Banking,Full-time,22,1601620,54534,112706.0,7731.0,0.0,0,0.0,737,2,42,0,85.0,21.0,50,8,4.57,1
43,Female,Bachelor,Loni,Geometric,Data Analyst,FinTech,Hybrid,23,1713269,56089,8119.0,6653.0,630155.0,12603,0.0883,642,4,50,2,0.0,11.0,0,39,3.33,0
38,Male,Master,Kanpur,Druva,Data Analyst,Telecom,Contract,17,1395067,61133,97983.0,10194.0,0.0,0,0.0,592,4,37,2,1.0,9.0,75,0,3.83,0
40,Male,Bachelor,Thiruvananthapuram,Zerodha,Lead Engineer,E-commerce,Contract,20,1539035,68962,44149.0,11231.0,0.0,0,0.0,581,3,42,2,93.0,18.0,75,19,3.72,0
39,Male,Bachelor,Chandigarh,Srijan Technologies,Security Analyst,HealthTech,Contract,15,1224443,54557,26023.0,43336.0,1708346.0,34166,0.3348,609,3,28,1,66.0,8.0,75,4,3.53,0
42,Male,PhD,Siliguri,CRED,Backend Developer,Startup,Full-time,19,1562617,49384,59432.0,7236.0,613903.0,12278,0.0943,596,0,38,1,2.0,2.0,0,37,2.9,0
52,Female,Bachelor,Guwahati,Zoho,Security Analyst,Startup,Remote,29,1951801,51763,28161.0,9296.0,698010.0,13960,0.0858,689,0,62,2,119.0,6.0,100,13,5.0,0
43,Male,Master,Udaipur,Mastek,Engineering Manager,E-commerce,Full-time,22,1588114,64344,46078.0,16404.0,395212.0,7904,0.0597,633,0,47,1,33.0,11.0,0,20,4.0,0
40,Male,Bachelor,Saharanpur,Happiest Minds,AI Researcher,Manufacturing,Contract,19,1373573,52961,107434.0,2534.0,0.0,0,0.0,585,1,41,0,78.0,11.0,100,24,4.19,0
49,Male,Bachelor,Vadodara,Nucleus Software,Frontend Developer,FinTech,Full-time,26,1682044,68905,83085.0,127842.0,668248.0,13364,0.0953,695,3,54,0,113.0,24.0,100,9,4.13,0
33,Female,Bachelor,Saharanpur,Nielsen India,Database Administrator,Startup,Full-time,12,872347,28919,23546.0,26049.0,0.0,0,0.0,671,0,22,0,39.0,7.0,0,23,4.21,0
39,Male,Bachelor,Aurangabad,PhonePe,Frontend Developer,Manufacturing,Full-time,15,1200087,32038,14670.0,14386.0,764800.0,15296,0.1529,686,5,27,5,92.0,6.0,100,32,3.49,0
47,Male,Master,Mangalore,Unacademy,Backend Developer,Banking,Full-time,24,1773861,79055,16723.0,342.0,166668.0,3333,0.0225,720,2,45,2,3.0,16.0,0,37,4.33,0
50,Female,Bachelor,Allahabad,Vedantu,Project Manager,Telecom,Remote,30,1953944,57508,40346.0,6598.0,0.0,0,0.0,746,3,61,2,49.0,20.0,100,20,5.0,1
24,Male,Bachelor,Tiruppur,Ola,Backend Developer,Government,Remote,3,461846,10852,40328.0,2801.0,1427568.0,28551,0.7418,529,2,9,1,28.0,0.0,100,6,1.94,0
55,Male,Bachelor,Firozabad,InMobi,Senior Data Scientist,Defense,Hybrid,32,2117080,68621,123032.0,40095.0,0.0,0,0.0,804,2,61,2,92.0,17.0,0,0,5.0,1
31,Female,Master,Delhi,InMobi,Senior Data Scientist,EdTech,Full-time,11,996471,44339,,2295.0,0.0,0,0.0,559,0,27,3,31.0,10.0,25,4,3.35,0
42,Female,Diploma,Asansol,Quick Heal,Project Manager,Consulting,Full-time,20,1270312,43300,9070.0,6033.0,554843.0,11096,0.1048,655,3,45,0,53.0,16.0,75,12,4.05,0
43,Female,Master,Bhubaneswar,Cyient,Security Analyst,Banking,Part-time,22,1517976,62812,372263.0,36665.0,0.0,0,0.0,716,2,48,1,51.0,18.0,50,30,5.0,1
51,Male,PhD,Meerut,Zetwerk,Frontend Developer,Defense,Full-time,30,1956130,89584,163473.0,,0.0,0,0.0,710,3,61,2,,20.0,100,18,4.99,1
29,Female,Bachelor,Kota,Datamatics,Database Administrator,EdTech,Contract,6,614152,24986,96189.0,6998.0,0.0,0,0.0,567,0,13,1,0.0,0.0,50,14,2.87,0
26,Male,Master,Nanded,Nielsen India,DevOps Engineer,E-commerce,Full-time,6,743072,23505,146182.0,3119.0,1879145.0,37582,0.6069,578,4,12,3,84.0,0.0,0,14,3.25,0
40,Male,Bachelor,Nellore,Nucleus Software,BI Developer,HealthTech,Full-time,18,1328195,41320,16641.0,112209.0,1935107.0,38702,0.3497,675,0,34,0,1.0,17.0,100,5,3.65,0
53,Male,Bachelor,Delhi,Vedantu,DevOps Engineer,SaaS,Hybrid,30,2039428,80495,24748.0,872865.0,1068316.0,21366,0.1257,756,4,57,2,81.0,10.0,100,3,4.91,0
52,Female,Bachelor,Chennai,Geometric,Network Engineer,E-commerce,Full-time,29,1921343,50455,337947.0,25152.0,0.0,0,0.0,750,2,61,0,88.0,17.0,25,15,3.85,0
56,Male,Master,Loni,Trigent,VP Engineering,Banking,Full-time,35,2341053,71426,55533.0,,1995501.0,39910,0.2046,734,5,70,2,81.0,11.0,0,20,4.64,1
48,Female,Diploma,Ujjain,Mastek,Database Administrator,Telecom,Contract,28,1865712,47610,14222.0,69350.0,863442.0,17268,0.1111,647,2,55,4,9.0,7.0,50,14,4.05,0
40,Female,Bachelor,Bhavnagar,GlobalLogic,Business Analyst,SaaS,Full-time,17,1260428,39765,17261.0,7964.0,0.0,0,0.0,597,3,33,1,39.0,17.0,50,19,4.1,0
25,Male,Diploma,Howrah,Zomato,Engineering Manager,Consulting,Full-time,2,310563,10729,5769.0,59249.0,0.0,0,0.0,506,3,7,4,,0.0,50,3,3.19,0
33,Male,Diploma,Udaipur,WNS Global,Test Automation Engineer,HealthTech,Part-time,9,720106,17227,24727.0,28443.0,0.0,0,0.0,597,2,19,0,110.0,7.0,75,24,3.12,0
31,Female,Diploma,Gulbarga,Wipro,Test Automation Engineer,FinTech,Contract,8,667525,27970,117892.0,5230.0,687957.0,13759,0.2473,632,3,20,1,28.0,20.0,75,14,3.1,0
47,Female,Bachelor,Pune,CRED,Security Analyst,Startup,Full-time,27,1791321,58367,92553.0,2516.0,0.0,0,0.0,690,1,54,6,67.0,9.0,0,24,4.64,1
44,Male,Master,Nagpur,Happiest Minds,Solutions Architect,Government,Full-time,24,1583583,50652,18584.0,60145.0,0.0,0,0.0,710,3,50,3,25.0,13.0,75,31,4.58,1
54,Female,PhD,Jabalpur,Mphasis,Full Stack Developer,EdTech,Part-time,30,2106960,66805,40672.0,29220.0,0.0,0,0.0,765,2,64,2,14.0,2.0,50,32,4.9,1
36,Male,Bachelor,Gurgaon,Mindtree,Solutions Architect,Startup,Contract,13,974234,35145,5418.0,7744.0,0.0,0,0.0,609,4,29,0,97.0,23.0,75,30,4.16,0
26,Female,Bachelor,Bhopal,Cyient DLM,ETL Developer,Defense,Contract,4,587841,16471,152309.0,59806.0,,16798,0.3429,568,2,11,1,98.0,0.0,50,34,2.54,0
22,Female,Master,Bareilly,Datavail Infotech,Project Manager,Telecom,Full-time,0,405574,13798,817226.0,4136.0,513207.0,10264,0.3037,576,2,0,0,19.0,0.0,50,21,2.73,0
36,Female,Bachelor,Bhavnagar,ThoughtWorks India,Scrum Master,Banking,Hybrid,15,1104814,31698,48451.0,4488.0,789259.0,15785,0.1714,548,5,34,3,79.0,6.0,50,24,3.37,0
25,Female,Master,Aurangabad,eClerx,Frontend Developer,FinTech,Full-time,5,678920,25651,116274.0,,0.0,0,0.0,598,2,14,3,36.0,0.0,75,35,3.13,0
23,Male,Master,Hubballi,TCS,Test Automation Engineer,Government,Part-time,0,619501,22162,60419.0,28720.0,1130610.0,22612,0.438,480,2,0,1,86.0,0.0,25,24,1.76,0
47,Female,Master,Amritsar,Trigent,VP Engineering,FinTech,Remote,25,1849944,72284,16437.0,100298.0,915964.0,18319,0.1188,675,1,51,2,63.0,5.0,100,5,4.38,0
40,Female,Diploma,Malegaon,Razorpay,Senior Data Scientist,Startup,Full-time,17,1216321,52340,17009.0,37640.0,565983.0,11319,0.1117,564,4,36,2,23.0,,0,19,3.0,0
54,Male,Bachelor,Loni,Groww,Solutions Architect,Defense,Full-time,30,1839184,48661,25518.0,22879.0,0.0,0,0.0,664,1,65,4,107.0,,100,5,4.07,0
56,Female,Bachelor,Mysuru,Datavail Infotech,ML Engineer,Banking,Full-time,35,2234545,66373,358231.0,74151.0,1722207.0,34444,0.185,780,1,74,2,99.0,12.0,100,3,4.62,0
23,Female,Bachelor,Aurangabad,Freshworks,QA Engineer,FinTech,Full-time,2,361678,11467,,54878.0,0.0,0,0.0,466,3,6,1,97.0,0.0,75,2,2.78,0
53,Male,PhD,Udaipur,Quick Heal,Database Administrator,FinTech,Full-time,29,1987072,57872,36924.0,236632.0,0.0,0,0.0,742,4,58,1,79.0,19.0,100,6,4.87,1
44,Female,Master,Ranchi,Infosys,Backend Developer,Manufacturing,Contract,21,1544993,41041,57769.0,179522.0,0.0,0,0.0,624,3,47,2,4.0,23.0,75,5,4.01,0
57,Female,Bachelor,Cuttack,Persistent Systems,QA Engineer,HealthTech,Hybrid,35,2211235,88970,,51449.0,1374075.0,27481,0.1491,781,1,74,3,50.0,13.0,25,34,4.82,1
48,Female,Diploma,Coimbatore,Hexaware,System Architect,HealthTech,Contract,26,1560731,57475,6918.0,1430.0,0.0,0,0.0,659,1,54,0,98.0,,0,21,5.0,1
30,Female,Bachelor,Bikaner,KPIT Technologies,Product Manager,SaaS,Full-time,6,702609,20818,2461065.0,17170.0,0.0,0,0.0,544,6,10,3,106.0,0.0,75,0,3.4,0
30,Male,Bachelor,Tiruchirappalli,EXL Service,Business Analyst,Startup,Remote,9,764394,26695,45338.0,9333.0,911035.0,18220,0.286,526,4,15,3,11.0,8.0,50,22,2.8,0
22,Male,Bachelor,Lucknow,Subex,ML Engineer,Banking,Full-time,2,335742,9745,131875.0,130741.0,0.0,0,0.0,555,3,6,2,37.0,0.0,50,20,2.89,0
23,Female,Bachelor,Tiruchirappalli,Infosys,ML Engineer,Manufacturing,Full-time,0,237661,10446,63719.0,84796.0,,0,0.0,553,1,5,3,82.0,0.0,50,27,2.96,0
36,Female,Bachelor,Bhopal,HCL Technologies,Security Analyst,Startup,Full-time,14,1103233,42830,50203.0,59228.0,0.0,0,0.0,621,2,31,0,41.0,13.0,50,12,3.72,0
50,Female,PhD,Dhanbad,Xoriant,Full Stack Developer,EdTech,Full-time,28,1981040,75174,15129.0,,74296.0,1485,0.009,665,5,60,3,35.0,14.0,0,17,4.01,0
27,Male,Diploma,Ahmedabad,Accenture India,System Architect,Telecom,Part-time,6,544607,18841,13809.0,511251.0,1733392.0,34667,0.7639,499,2,13,1,21.0,0.0,100,21,2.26,0
32,Female,Master,Solapur,Birlasoft,Business Analyst,Banking,Full-time,8,875800,20688,77361.0,68363.0,269606.0,5392,0.0739,533,0,14,2,85.0,4.0,0,33,2.72,0
47,Female,Bachelor,Kalyan,InMobi,Test Automation Engineer,Banking,Part-time,23,1690267,41117,25558.0,17320.0,1380219.0,27604,0.196,663,2,51,1,,16.0,100,16,3.32,0
49,Female,PhD,Madurai,Srijan Technologies,Project Manager,E-commerce,Hybrid,28,2035047,52877,39104.0,864155.0,528868.0,10577,0.0624,695,4,53,0,73.0,21.0,0,3,4.59,1
45,Male,Diploma,Jabalpur,Cybage,Principal Engineer,Manufacturing,Full-time,23,1501049,58951,64979.0,87146.0,1543317.0,30866,0.2468,682,3,43,5,78.0,15.0,25,23,4.38,1
30,Male,Master,Dehradun,HCL Technologies,Cloud Architect,FinTech,Part-time,9,909893,33968,97905.0,20190.0,1981164.0,39623,0.5226,610,4,16,2,119.0,20.0,0,12,3.11,0
30,Female,Bachelor,Bhopal,Genpact,Project Manager,Defense,Contract,10,923373,40344,162823.0,44631.0,539398.0,10787,0.1402,532,1,24,0,101.0,22.0,50,30,3.24,0
57,Male,Bachelor,Durgapur,Zetwerk,Senior Software Engineer,Startup,Full-time,35,2092539,84448,114191.0,11053.0,0.0,0,0.0,845,3,72,6,113.0,3.0,75,24,5.0,1
23,Female,Bachelor,Noida,Zerodha,System Architect,EdTech,Remote,2,308547,9059,,8897.0,0.0,0,0.0,557,2,9,0,96.0,0.0,50,9,3.29,0
55,Female,Bachelor,Vijayawada,Firstsource,Backend Developer,Telecom,Full-time,33,2135464,80460,46281.0,15820.0,479347.0,9586,0.0539,689,3,66,0,64.0,12.0,75,39,4.93,1
50,Female,Bachelor,Nanded,Cybage,Frontend Developer,FinTech,Remote,27,1798269,53753,27951.0,9188.0,584709.0,11694,0.078,711,1,51,1,39.0,,0,23,4.82,1
29,Male,Master,Asansol,Chargebee,Data Analyst,HealthTech,Hybrid,6,691113,29605,127224.0,30032.0,423712.0,8474,0.1471,531,2,15,3,39.0,0.0,100,1,2.89,0
49,Male,Master,Pune,Genpact,Backend Developer,EdTech,Remote,25,1788078,78575,130517.0,5343.0,0.0,0,0.0,699,3,49,2,55.0,6.0,50,18,3.84,0
32,Male,Bachelor,Kochi,Uniphore,AI Researcher,HealthTech,Part-time,11,944102,38762,7389.0,1175.0,0.0,0,0.0,618,5,27,1,,23.0,75,23,3.58,0
38,Female,Master,Nellore,Apexon,Frontend Developer,Banking,Full-time,17,1326863,57288,20790.0,15925.0,820078.0,16401,0.1483,690,3,31,2,0.0,21.0,75,21,3.97,0
47,Male,Master,Gorakhpur,Sigmoid Analytics,QA Engineer,Startup,Remote,26,1734316,50074,101509.0,44978.0,537827.0,10756,0.0744,754,3,53,0,28.0,21.0,100,17,4.47,1
33,Male,Bachelor,Tiruchirappalli,Kellton Tech,Senior Software Engineer,Government,Full-time,9,914388,32099,48388.0,2746.0,81065.0,1621,0.0213,567,2,23,6,59.0,,50,19,2.85,0
51,Male,Bachelor,Kanpur,Groww,Product Manager,Defense,Full-time,28,1731790,61456,245009.0,169823.0,0.0,0,0.0,760,4,58,2,28.0,,100,5,5.0,1
33,Male,Bachelor,Amritsar,ThoughtWorks India,Senior Software Engineer,SaaS,Full-time,12,1028760,35496,18305.0,538.0,86657.0,1733,0.0202,635,6,21,2,78.0,14.0,75,10,2.9,0
32,Female,Bachelor,Srinagar,EXL Service,Database Administrator,Startup,Full-time,9,872037,30643,112899.0,54373.0,1109940.0,22198,0.3055,602,3,15,1,95.0,17.0,50,28,2.99,0
22,Male,Master,Gorakhpur,Cyient,Senior Software Engineer,Startup,Full-time,0,334589,12849,26882.0,223634.0,0.0,0,0.0,421,6,0,0,38.0,0.0,50,21,3.01,0
47,Female,Bachelor,Jalandhar,Wipro,Full Stack Developer,Banking,Contract,24,1684829,39752,40558.0,449859.0,0.0,0,0.0,688,3,47,1,46.0,10.0,100,8,4.15,0
45,Male,Bachelor,Nagpur,TCS,Business Analyst,FinTech,Full-time,23,1500257,61730,61060.0,34608.0,0.0,0,0.0,760,0,51,0,39.0,17.0,0,6,5.0,1
55,Female,Diploma,Guwahati,Sasken,AI Researcher,Government,Full-time,31,1875200,72160,43446.0,14246.0,975206.0,19504,0.1248,745,1,64,4,17.0,7.0,75,36,5.0,1
22,Male,Bachelor,Indore,Cyient,Test Automation Engineer,FinTech,Full-time,1,381687,15719,43950.0,6227.0,556576.0,11131,0.35,484,2,1,1,97.0,0.0,25,10,1.65,0
36,Female,Master,Akola,Capgemini India,Data Analyst,Telecom,Full-time,14,1065059,30236,35559.0,3169.0,914944.0,18298,0.2062,681,1,27,4,42.0,11.0,100,16,3.45,0
37,Female,Bachelor,Gwalior,BrowserStack,BI Developer,SaaS,Full-time,13,979364,23720,45861.0,6655.0,0.0,0,0.0,547,6,28,0,107.0,23.0,50,24,3.9,0
32,Female,Master,Vijayawada,Zoho,Scrum Master,FinTech,Contract,11,1029432,42339,42837.0,5282.0,881357.0,17627,0.2055,567,1,26,2,,14.0,100,33,3.07,0
55,Male,Bachelor,Jhansi,ThoughtWorks India,Full Stack Developer,Banking,Full-time,31,1957248,51399,14120.0,3419.0,272123.0,5442,0.0334,734,4,60,4,8.0,19.0,75,27,5.0,1
29,Female,Bachelor,Delhi,Net Solutions,Lead Engineer,Defense,Part-time,6,680205,30923,701898.0,45121.0,106947.0,2138,0.0377,628,4,12,0,79.0,0.0,50,23,3.25,0
49,Male,Bachelor,Coimbatore,Uniphore,Senior Software Engineer,Defense,Full-time,27,1778210,52219,30394.0,442871.0,245625.0,4912,0.0331,736,1,59,2,88.0,24.0,25,19,4.87,1
25,Male,Bachelor,Jamshedpur,TCS,Product Manager,Manufacturing,Full-time,5,545146,24664,112983.0,4235.0,308992.0,6179,0.136,493,3,12,2,28.0,0.0,75,0,2.6,0
33,Female,Diploma,Udaipur,ThoughtWorks India,Backend Developer,E-commerce,Contract,9,754828,27463,418193.0,1692.0,1611306.0,32226,0.5123,540,1,17,2,97.0,24.0,100,15,2.12,0
49,Male,Diploma,Nagpur,Newgen Software,Senior Data Scientist,Startup,Full-time,26,1646000,62861,63340.0,13447.0,0.0,0,0.0,676,3,50,4,,9.0,0,3,4.53,0
54,Male,Diploma,Gorakhpur,Cybage,Test Automation Engineer,SaaS,Hybrid,34,2010517,79318,3306.0,6350.0,0.0,0,0.0,782,2,72,2,67.0,10.0,50,17,5.0,1
39,Female,Bachelor,Akola,Robosoft,DevOps Engineer,Manufacturing,Contract,16,1154777,38814,53030.0,4267.0,832396.0,16647,0.173,661,3,31,2,22.0,3.0,50,25,3.53,0
37,Female,Bachelor,Tiruppur,Newgen Software,DevOps Engineer,Startup,Full-time,15,1152777,26945,149193.0,47130.0,449877.0,8997,0.0937,696,3,34,1,52.0,5.0,0,0,3.91,0
40,Male,PhD,Bhopal,L&T Infotech,Software Engineer,HealthTech,Contract,19,1409941,62568,99482.0,8664.0,0.0,0,0.0,638,1,36,0,80.0,4.0,75,9,3.77,0
52,Male,Master,Saharanpur,Mindtree,ETL Developer,FinTech,Contract,29,1877918,70789,29525.0,18011.0,1998907.0,39978,0.2555,697,0,62,1,86.0,3.0,25,35,4.06,0
29,Female,Bachelor,Chennai,Intellect Design,IT Consultant,Government,Contract,8,758080,32703,127257.0,6497.0,0.0,0,0.0,505,2,18,1,41.0,13.0,50,24,2.93,0
41,Female,Master,Jalgaon,Sigmoid Analytics,ETL Developer,Manufacturing,Full-time,20,1549923,36983,17759.0,4144.0,0.0,0,0.0,581,2,37,2,75.0,11.0,100,31,3.39,0
52,Female,Bachelor,Guntur,Subex,DevOps Engineer,EdTech,Full-time,31,2097875,77715,1447826.0,575871.0,0.0,0,0.0,720,3,59,1,,22.0,75,19,5.0,1
44,Male,Bachelor,Dhanbad,Uniphore,Full Stack Developer,Startup,Part-time,20,1317894,57323,,140229.0,839946.0,16798,0.153,661,1,39,1,94.0,20.0,0,19,3.45,0
43,Male,Master,Durgapur,Zensar Technologies,Full Stack Developer,Banking,Full-time,21,1603377,52241,31659.0,4528.0,521398.0,10427,0.078,652,2,45,0,,11.0,50,2,3.9,0
51,Female,Diploma,Ajmer,Intellect Design,Engineering Manager,Manufacturing,Contract,29,1856628,61846,70597.0,6277.0,1204175.0,24083,0.1557,700,5,60,1,9.0,4.0,100,4,4.38,0
22,Female,Master,Hyderabad,InMobi,Principal Engineer,HealthTech,Hybrid,0,310531,13222,65208.0,,1431518.0,28630,1.1064,567,7,1,2,17.0,0.0,100,18,1.04,0
26,Female,Diploma,Bareilly,Zerodha,Test Automation Engineer,Startup,Full-time,5,556510,14847,16238.0,43550.0,0.0,0,0.0,517,3,12,1,92.0,0.0,50,10,2.85,0
41,Male,Master,Mumbai,Cyient,VP Engineering,Startup,Full-time,21,1484871,51678,17643.0,23835.0,150899.0,3017,0.0244,719,3,39,0,25.0,24.0,50,36,4.99,1
39,Female,PhD,Nellore,Swiggy,Senior Data Scientist,Government,Full-time,18,1550912,45677,49188.0,192802.0,0.0,0,0.0,668,5,39,3,,23.0,50,36,3.98,0
43,Female,Master,Tiruppur,Coda Global,Senior Data Scientist,SaaS,Hybrid,20,1687880,65708,178219.0,1725445.0,623812.0,12476,0.0887,696,3,44,1,25.0,20.0,100,17,4.6,1
53,Male,Bachelor,Moradabad,Kellton Tech,Lead Engineer,SaaS,Hybrid,32,2102275,60440,24313.0,,1815969.0,36319,0.2073,754,2,66,2,85.0,11.0,0,20,4.83,1
56,Female,Master,Nellore,Sasken,Data Scientist,Banking,Full-time,32,2160820,72244,,40744.0,0.0,0,0.0,755,3,63,2,62.0,,50,27,4.45,1
41,Male,Master,Saharanpur,Sigmoid Analytics,ML Engineer,Manufacturing,Remote,20,1532064,62768,165959.0,32725.0,302372.0,6047,0.0474,636,2,41,3,67.0,,25,15,4.05,0
54,Male,Master,Guwahati,Geometric,Backend Developer,Telecom,Remote,33,2202097,91641,255389.0,22866.0,1475296.0,29505,0.1608,712,2,67,1,77.0,20.0,25,26,5.0,1
54,Male,Bachelor,Guntur,CleverTap,Technical Lead,Banking,Part-time,34,2225600,92320,19073.0,60325.0,1111082.0,22221,0.1198,696,3,66,3,78.0,,50,23,4.39,0
22,Male,Diploma,Bhiwandi,Cyient,Senior Data Scientist,Telecom,Hybrid,0,441468,13359,24044.0,4159.0,0.0,0,0.0,457,4,1,3,89.0,0.0,50,13,2.25,0
43,Female,Bachelor,Ludhiana,Meesho,Cloud Architect,Defense,Full-time,21,1406279,50433,39110.0,215819.0,0.0,0,0.0,634,6,46,9,75.0,3.0,100,14,3.68,0
32,Male,PhD,Jodhpur,Freshworks,Full Stack Developer,Manufacturing,Hybrid,10,886787,39475,276134.0,228365.0,1982779.0,39655,0.5366,639,5,21,1,93.0,8.0,100,3,3.23,0
36,Male,High School,Howrah,Uniphore,Full Stack Developer,Manufacturing,Full-time,15,1199817,33848,22820.0,13822.0,1825517.0,36510,0.3652,546,4,28,4,94.0,11.0,50,3,2.87,0
42,Male,High School,Gulbarga,Mphasis,ETL Developer,Government,Part-time,20,1201475,51617,92078.0,12264.0,1331413.0,26628,0.266,627,2,37,2,93.0,12.0,100,10,3.77,0
33,Female,Bachelor,Bhilai,Sigmoid Analytics,Cloud Architect,Government,Full-time,13,1013815,33252,17714.0,43648.0,895974.0,17919,0.2121,680,2,27,1,95.0,9.0,50,14,3.47,0
27,Male,Master,Hyderabad,Zetwerk,Scrum Master,HealthTech,Part-time,5,595826,21026,14221.0,7079.0,0.0,0,0.0,586,3,14,0,115.0,0.0,100,30,3.33,0
41,Male,Bachelor,Bangalore,Hexaware,Solutions Architect,Startup,Full-time,19,1211176,43841,48127.0,33094.0,846598.0,16931,0.1677,687,0,39,2,52.0,13.0,50,5,3.82,0
45,Female,Master,Bikaner,Intellect Design,Data Analyst,EdTech,Remote,21,1547854,36798,27628.0,151728.0,0.0,0,0.0,597,1,41,3,,8.0,0,30,4.01,0
54,Female,Master,Hyderabad,NIIT Technologies,Principal Engineer,HealthTech,Remote,33,2152750,78730,191153.0,46520.0,709074.0,14181,0.079,775,0,67,2,66.0,3.0,100,3,5.0,1
37,Male,Diploma,Bareilly,Postman,IT Consultant,Manufacturing,Full-time,17,1192904,38438,33226.0,22622.0,971506.0,19430,0.1955,618,1,37,4,59.0,24.0,75,8,3.16,0
27,Male,High School,Srinagar,Nielsen India,AI Researcher,FinTech,Full-time,3,376606,15057,32094.0,67746.0,1865409.0,37308,1.1888,602,3,10,2,104.0,,25,19,1.67,0
30,Female,PhD,Aurangabad,Sonata Software,VP Engineering,EdTech,Full-time,8,912494,29283,159656.0,6178.0,0.0,0,0.0,543,2,17,1,87.0,12.0,0,18,3.75,0
57,Male,Bachelor,Jamshedpur,Persistent Systems,ETL Developer,Consulting,Part-time,35,2094362,67826,50027.0,47457.0,316316.0,6326,0.0362,714,0,69,2,95.0,4.0,25,13,4.73,0
57,Male,Master,Jhansi,Chargebee,Database Administrator,Defense,Hybrid,35,2343510,66331,39289.0,43673.0,0.0,0,0.0,765,4,68,0,59.0,19.0,0,25,5.0,1
47,Male,Bachelor,Udaipur,Mastek,ML Engineer,Manufacturing,Remote,26,1743158,69801,46354.0,19471.0,279979.0,5599,0.0385,784,3,49,2,51.0,14.0,50,13,4.86,1
35,Male,Diploma,Chandigarh,Cyient,Product Manager,Consulting,Full-time,12,1031985,24710,,1721.0,0.0,0,0.0,660,3,24,3,21.0,9.0,0,15,3.72,0
33,Male,PhD,Howrah,WNS Global,Senior Software Engineer,FinTech,Part-time,9,783250,25284,192074.0,68628.0,1548304.0,30966,0.4744,554,3,15,4,38.0,15.0,100,9,3.06,0
40,Male,Diploma,Surat,Geometric,Full Stack Developer,Government,Full-time,20,1383135,39276,125822.0,3545.0,585241.0,11704,0.1015,661,6,41,2,97.0,20.0,75,5,3.53,0
35,Male,Master,Nagpur,Cybage,Test Automation Engineer,E-commerce,Remote,15,1248568,31590,9615.0,25920.0,0.0,0,0.0,556,3,31,1,37.0,24.0,0,13,3.72,0
37,Male,Bachelor,Akola,CRED,ETL Developer,Manufacturing,Contract,14,1089055,49155,22955.0,33944.0,0.0,0,0.0,661,2,28,3,80.0,8.0,100,34,3.79,0
31,Male,Master,Bhiwandi,Quick Heal,ETL Developer,EdTech,Full-time,8,683045,21873,43385.0,,0.0,0,0.0,488,3,20,1,116.0,12.0,25,36,2.88,0
57,Female,Master,Ludhiana,TCS,BI Developer,FinTech,Full-time,35,2339803,92363,12858.0,21267.0,1809326.0,36186,0.1856,820,3,75,2,11.0,12.0,50,36,5.0,1
30,Female,PhD,Aurangabad,CRED,Network Engineer,FinTech,Contract,10,1001298,34195,40913.0,108274.0,0.0,0,0.0,573,3,19,2,75.0,23.0,50,35,3.7,0
50,Male,Master,Jalgaon,Accenture India,QA Engineer,Banking,Remote,29,1908154,80873,13169.0,52719.0,0.0,0,0.0,670,4,58,2,82.0,7.0,100,23,4.9,1
26,Male,Master,Kanpur,Tata Elxsi,Full Stack Developer,SaaS,Contract,5,744429,30347,208590.0,,1343969.0,26879,0.4333,477,3,7,3,22.0,0.0,75,22,2.77,0
41,Male,PhD,Coimbatore,Happiest Minds,Database Administrator,EdTech,Remote,17,1333014,36623,46926.0,39449.0,0.0,0,0.0,581,1,33,2,20.0,23.0,100,32,3.64,1
32,Female,Master,Ajmer,Net Solutions,Solutions Architect,HealthTech,Contract,9,747105,22179,13446.0,935.0,0.0,0,0.0,613,4,21,0,97.0,16.0,50,9,3.13,0
38,Male,PhD,Delhi,Freshworks,Lead Engineer,E-commerce,Full-time,18,1493608,53674,529120.0,76161.0,1943636.0,38872,0.3123,593,3,38,1,27.0,20.0,100,27,3.48,0
32,Female,Bachelor,Gwalior,HCL Technologies,Project Manager,FinTech,Full-time,8,596584,14694,,11125.0,1806760.0,36135,0.7268,535,1,17,0,114.0,3.0,75,16,1.34,0
26,Female,PhD,Saharanpur,Zomato,Mobile Developer,Banking,Contract,5,750141,33703,24282.0,95378.0,0.0,0,0.0,546,0,14,2,44.0,0.0,50,24,2.69,0
51,Female,Bachelor,Nanded,Genpact,Frontend Developer,Consulting,Contract,28,1593345,38954,79874.0,,0.0,0,0.0,733,2,54,2,115.0,19.0,100,11,4.22,0
47,Male,Bachelor,Moradabad,Tata Elxsi,Scrum Master,Defense,Hybrid,27,1684350,50550,30940.0,42449.0,475876.0,9517,0.0678,652,2,51,1,49.0,17.0,100,7,4.45,0
38,Male,PhD,Udaipur,Subex,Senior Data Scientist,SaaS,Full-time,15,1433850,58688,49395.0,6714.0,1082873.0,21657,0.1812,643,5,35,2,84.0,3.0,50,28,4.0,0
26,Male,Master,Nellore,CleverTap,Network Engineer,FinTech,Full-time,6,729573,20211,104411.0,631.0,649240.0,12984,0.2136,512,4,15,2,96.0,0.0,50,17,2.76,0
51,Female,High School,Nellore,Zensar Technologies,Network Engineer,SaaS,Full-time,27,1737719,56478,135069.0,170228.0,1864644.0,37292,0.2575,687,3,58,2,21.0,11.0,75,4,4.29,0
39,Male,Bachelor,Ahmedabad,Zoho,Principal Engineer,SaaS,Contract,18,1210050,28962,58918.0,47111.0,976925.0,19538,0.1938,695,0,40,1,23.0,14.0,25,31,4.28,0
51,Male,Diploma,Saharanpur,Datamatics,Solutions Architect,SaaS,Full-time,27,1696003,58153,15372.0,782.0,1781546.0,35630,0.2521,747,0,56,1,94.0,10.0,50,11,4.0,0
37,Male,Bachelor,Vadodara,HCL Technologies,Engineering Manager,E-commerce,Contract,16,1098833,32449,89233.0,15090.0,0.0,0,0.0,605,4,36,0,104.0,20.0,25,32,3.06,0
42,Female,High School,Gurgaon,Intellect Design,Principal Engineer,EdTech,Full-time,21,1410669,41738,14750.0,11375.0,1001336.0,20026,0.1704,661,0,40,0,28.0,4.0,75,32,4.39,0
52,Male,Bachelor,Thiruvananthapuram,Quick Heal,Mobile Developer,E-commerce,Remote,31,1896637,49860,40583.0,8276.0,1600371.0,32007,0.2025,793,1,66,4,71.0,,50,38,5.0,1
34,Male,Bachelor,Udaipur,Capgemini India,Data Analyst,Banking,Full-time,13,972463,25179,229637.0,33688.0,0.0,0,0.0,637,1,23,2,68.0,23.0,75,23,3.6,0
37,Male,PhD,Meerut,Cybage,Test Automation Engineer,Banking,Full-time,16,1186960,48447,230535.0,44645.0,97535.0,1950,0.0197,643,7,30,2,63.0,24.0,100,2,3.58,1
32,Male,Bachelor,Delhi,InMobi,Security Analyst,SaaS,Hybrid,8,637318,28834,86626.0,192996.0,1123260.0,22465,0.423,587,2,18,2,5.0,12.0,0,31,2.72,0
30,Non-binary,Master,Delhi,CleverTap,Test Automation Engineer,Consulting,Contract,10,769408,23971,42363.0,170759.0,979426.0,19588,0.3055,542,3,20,3,19.0,9.0,100,7,3.3,0
34,Male,Master,Ludhiana,Mindtree,Frontend Developer,Government,Full-time,14,1173058,47332,83533.0,4468.0,1332079.0,26641,0.2725,671,0,30,3,4.0,18.0,0,27,3.12,0
43,Male,PhD,Akola,CleverTap,Test Automation Engineer,E-commerce,Full-time,22,1729833,52694,79982.0,24385.0,0.0,0,0.0,737,3,42,3,119.0,12.0,75,23,4.74,1
26,Female,Bachelor,Akola,Birlasoft,Technical Lead,Government,Hybrid,3,502960,16794,34251.0,12446.0,,32243,0.7693,569,6,3,1,15.0,0.0,100,11,1.76,0
37,Male,PhD,Ujjain,Firstsource,System Architect,E-commerce,Contract,13,1253234,46476,5245.0,49525.0,0.0,0,0.0,646,5,28,0,5.0,16.0,0,37,4.0,1
26,Male,Master,Pune,Birlasoft,Lead Engineer,E-commerce,Full-time,6,764544,24917,26147.0,20323.0,645254.0,12905,0.2026,508,4,12,2,,0.0,100,20,2.62,0
35,Female,Master,Vadodara,Happiest Minds,Project Manager,Defense,Contract,11,1069629,37480,206923.0,20645.0,803252.0,16065,0.1802,609,6,24,0,38.0,11.0,75,37,2.71,0
40,Male,High School,Aligarh,Capgemini India,Test Automation Engineer,HealthTech,Part-time,19,1329376,43113,7928.0,2123.0,1379332.0,27586,0.249,668,0,38,4,105.0,6.0,0,13,3.84,0
46,Female,Master,Hyderabad,Postman,Frontend Developer,Banking,Remote,25,1704526,57087,151234.0,28143.0,0.0,0,0.0,662,2,50,0,108.0,12.0,75,31,5.0,1
40,Female,Bachelor,Nagpur,Coforge,Solutions Architect,Banking,Full-time,18,1415557,34156,275353.0,150047.0,0.0,0,0.0,685,1,41,1,0.0,24.0,50,0,4.68,1
25,Male,Diploma,Ahmedabad,Uniphore,System Architect,SaaS,Full-time,3,515630,14967,20859.0,37183.0,351092.0,7021,0.1634,547,1,6,1,111.0,0.0,0,39,2.29,0
45,Male,PhD,Siliguri,Sigmoid Analytics,Security Analyst,Manufacturing,Full-time,23,1847832,72695,214060.0,29960.0,635122.0,12702,0.0825,743,2,45,2,106.0,18.0,50,12,4.56,1
48,Male,Bachelor,Gorakhpur,Capgemini India,VP Engineering,Startup,Part-time,28,1867535,82968,63498.0,18548.0,1978551.0,39571,0.2543,666,6,53,2,54.0,23.0,100,13,4.97,0
37,Male,High School,Ajmer,Persistent Systems,Principal Engineer,Startup,Full-time,16,1082813,43680,46387.0,55440.0,1769158.0,35383,0.3921,641,4,29,1,87.0,11.0,0,14,4.13,0
56,Female,Diploma,Jamnagar,L&T Infotech,IT Consultant,E-commerce,Full-time,34,2050658,59059,8383.0,33948.0,0.0,0,0.0,830,0,71,0,39.0,24.0,100,19,5.0,1
49,Male,Bachelor,Bhubaneswar,Newgen Software,AI Researcher,Government,Full-time,26,1608159,64281,85223.0,36700.0,297846.0,5956,0.0444,678,0,50,3,43.0,13.0,50,12,4.33,0
52,Non-binary,Master,Bhopal,Cybage,Software Engineer,SaaS,Full-time,30,1931727,75729,48725.0,472210.0,713014.0,14260,0.0886,812,1,65,1,91.0,3.0,50,30,4.51,0
56,Male,Bachelor,Bhilai,Accenture India,Solutions Architect,Telecom,Contract,33,2122851,61607,110828.0,5287.0,0.0,0,0.0,702,2,69,5,20.0,18.0,75,9,4.57,1
33,Male,Bachelor,Aurangabad,Sonata Software,DevOps Engineer,FinTech,Full-time,12,995428,25586,66275.0,84939.0,0.0,0,0.0,647,1,26,2,116.0,15.0,100,6,3.73,0
40,Female,Bachelor,Tiruchirappalli,Meesho,Director of Engineering,SaaS,Full-time,19,1397869,53636,18530.0,31253.0,925239.0,18504,0.1588,668,3,40,3,53.0,12.0,50,17,3.45,0
26,Male,Master,Amravati,Intellect Design,Engineering Manager,FinTech,Full-time,4,655921,21513,213555.0,13465.0,1736812.0,34736,0.6355,598,3,7,4,32.0,0.0,50,5,2.47,0
23,Female,Master,Agra,Net Solutions,Engineering Manager,EdTech,Full-time,3,654306,16906,222796.0,13243.0,1201541.0,24030,0.4407,531,1,5,2,,0.0,50,14,2.17,0
46,Male,Bachelor,Mysuru,Nagarro India,Frontend Developer,EdTech,Full-time,23,1551662,42520,552906.0,561.0,0.0,0,0.0,666,1,43,0,87.0,16.0,50,28,5.0,1
46,Female,Bachelor,Gwalior,Newgen Software,Mobile Developer,FinTech,Full-time,26,1747179,56214,6228.0,6962.0,0.0,0,0.0,774,3,57,1,114.0,5.0,75,15,4.73,1
41,Male,High School,Jalandhar,Razorpay,Backend Developer,EdTech,Full-time,18,1266304,54358,,37119.0,0.0,0,0.0,722,4,36,2,41.0,19.0,0,21,4.44,1
44,Non-binary,Bachelor,Jalgaon,Persistent Systems,Frontend Developer,HealthTech,Full-time,21,1533934,55844,16374.0,70261.0,673232.0,13464,0.1053,734,3,41,3,113.0,6.0,50,36,4.37,0
36,Female,Diploma,Howrah,EXL Service,Data Scientist,SaaS,Full-time,14,1062636,46485,33344.0,9226.0,1147147.0,22942,0.2591,648,3,27,1,37.0,7.0,50,18,3.02,0
48,Male,Bachelor,Noida,Sonata Software,Backend Developer,Government,Remote,28,1693544,58842,37347.0,,0.0,0,0.0,757,1,53,0,23.0,23.0,50,17,5.0,1
42,Female,PhD,Bhubaneswar,Apexon,Project Manager,SaaS,Remote,19,1593722,54464,79154.0,,1346321.0,26926,0.2027,661,2,36,2,109.0,12.0,75,7,4.39,1
42,Male,Bachelor,Rajkot,Chargebee,Backend Developer,Telecom,Hybrid,18,1162639,30222,65506.0,237879.0,1415269.0,28305,0.2921,584,3,35,3,36.0,4.0,50,12,3.36,0
34,Male,Bachelor,Durgapur,HCL Technologies,Solutions Architect,HealthTech,Full-time,14,1184553,36800,334274.0,4286.0,1408838.0,28176,0.2854,658,2,33,2,96.0,12.0,75,4,3.8,0
30,Male,Bachelor,Kolhapur,Geometric,QA Engineer,Banking,Full-time,6,785545,35939,156232.0,3566.0,677819.0,13556,0.2071,530,5,12,3,113.0,0.0,50,4,2.46,0
36,Male,Master,Nanded,Datamatics,Network Engineer,E-commerce,Full-time,15,1206722,45413,334003.0,24764.0,0.0,0,0.0,668,2,32,1,4.0,9.0,75,8,3.83,0
29,Female,High School,Vijayawada,Sasken,Senior Data Scientist,EdTech,Remote,6,485707,14059,121937.0,6559.0,547461.0,10949,0.2705,501,1,17,1,69.0,0.0,100,7,2.75,0
49,Male,Bachelor,Thiruvananthapuram,Net Solutions,Business Analyst,Government,Contract,26,1731102,61964,37027.0,8957.0,966917.0,19338,0.1341,655,2,53,5,42.0,19.0,75,24,5.0,1
38,Female,Master,Bareilly,PhonePe,Full Stack Developer,FinTech,Full-time,14,1090420,36934,418452.0,12408.0,,4276,0.0471,677,5,30,2,78.0,7.0,0,29,4.11,0
53,Female,Bachelor,Agra,CleverTap,Mobile Developer,Banking,Full-time,32,1972762,67136,192895.0,10213.0,0.0,0,0.0,809,2,61,2,7.0,2.0,75,9,5.0,1
30,Male,Bachelor,Ranchi,eClerx,Director of Engineering,HealthTech,Full-time,7,591397,23830,,24844.0,0.0,0,0.0,569,1,15,1,1.0,0.0,0,6,3.03,0
29,Male,Master,Guntur,Tata Elxsi,ETL Developer,FinTech,Full-time,7,771751,32965,106753.0,1235.0,0.0,0,0.0,483,1,11,1,16.0,,50,17,3.45,0
51,Female,Master,Agra,Apexon,Backend Developer,Consulting,Full-time,30,1919982,86278,149523.0,38885.0,511310.0,10226,0.0639,775,2,58,0,75.0,19.0,100,2,5.0,1
29,Female,Master,Hyderabad,Zensar Technologies,Engineering Manager,Defense,Remote,8,776534,34278,33158.0,,727083.0,14541,0.2247,631,5,16,2,114.0,8.0,0,11,3.27,0
32,Male,Bachelor,Dhanbad,Persistent Systems,Scrum Master,Consulting,Full-time,12,917529,40472,209505.0,18361.0,0.0,0,0.0,632,3,22,0,118.0,24.0,75,1,3.02,0
24,Female,PhD,Jhansi,Syntel India,VP Engineering,Government,Hybrid,2,540163,13727,13036.0,81686.0,751174.0,15023,0.3337,470,5,4,2,67.0,0.0,100,8,2.6,0
24,Male,Master,Salem,Nielsen India,Project Manager,Startup,Full-time,1,437212,16468,52218.0,21594.0,0.0,0,0.0,506,1,0,2,28.0,0.0,75,37,2.22,0
33,Male,Bachelor,Siliguri,Postman,Solutions Architect,E-commerce,Remote,12,1002890,24707,24125.0,,605217.0,12104,0.1448,535,4,28,3,65.0,21.0,50,22,3.2,0
53,Female,Bachelor,Jodhpur,CRED,Scrum Master,SaaS,Remote,33,2123459,65617,102326.0,10531.0,1561884.0,31237,0.1765,724,4,63,0,30.0,8.0,0,9,4.96,1
41,Female,Bachelor,Pune,Happiest Minds,Senior Data Scientist,Startup,Remote,17,1201653,37754,9449.0,23812.0,170626.0,3412,0.0341,670,3,38,2,105.0,17.0,0,11,4.78,1
27,Female,Bachelor,Saharanpur,CleverTap,VP Engineering,Startup,Full-time,4,653505,27336,,,1046237.0,20924,0.3842,481,1,13,1,8.0,0.0,75,35,2.43,0
32,Male,High School,Kochi,NIIT Technologies,Full Stack Developer,SaaS,Contract,11,832853,29293,169855.0,10157.0,0.0,0,0.0,631,2,22,2,58.0,12.0,75,27,3.5,0
40,Male,Diploma,Gwalior,Net Solutions,Data Scientist,SaaS,Part-time,20,1273643,35696,8890.0,13637.0,1489390.0,29787,0.2806,645,1,44,0,89.0,22.0,50,9,4.06,0
26,Male,Diploma,Srinagar,Hexaware,Business Analyst,Consulting,Contract,2,406147,16729,14419.0,21807.0,238777.0,4775,0.1411,492,4,2,4,115.0,0.0,100,34,2.56,0
48,Male,PhD,Jhansi,Zetwerk,Network Engineer,Startup,Part-time,25,1838224,66678,262959.0,1134563.0,753310.0,15066,0.0984,703,5,48,2,47.0,17.0,50,2,3.91,0
31,Male,Bachelor,Howrah,Mastek,Solutions Architect,FinTech,Full-time,10,713671,31291,,38524.0,0.0,0,0.0,640,3,25,2,79.0,,50,32,3.74,0
47,Male,High School,Jalandhar,GlobalLogic,Data Analyst,FinTech,Full-time,26,1728403,58818,1225084.0,346752.0,0.0,0,0.0,695,1,57,2,14.0,9.0,0,13,4.46,0
39,Female,Diploma,Bhiwandi,GlobalLogic,Business Analyst,EdTech,Full-time,15,1101553,50475,67437.0,129326.0,1595074.0,31901,0.3475,698,3,30,4,16.0,11.0,50,36,3.99,0
44,Female,Master,Loni,Infosys,IT Consultant,Consulting,Full-time,20,1408896,62690,31140.0,9106.0,1634296.0,32685,0.2784,639,4,38,2,16.0,21.0,25,9,3.85,0
29,Male,High School,Kochi,Zetwerk,Network Engineer,Manufacturing,Remote,7,600714,19864,213690.0,34321.0,1280429.0,25608,0.5116,481,1,18,3,101.0,0.0,25,34,2.74,0
26,Female,Bachelor,Bhiwandi,Birlasoft,Senior Software Engineer,SaaS,Full-time,5,633365,23645,120957.0,27841.0,0.0,0,0.0,569,5,13,3,109.0,0.0,25,3,3.12,0
38,Male,Master,Ahmedabad,Accenture India,Director of Engineering,Telecom,Contract,17,1261644,55151,18441.0,106331.0,883647.0,17672,0.1681,646,2,32,4,3.0,21.0,50,23,3.89,0
37,Male,Bachelor,Nellore,Genpact,Solutions Architect,Manufacturing,Contract,17,1225705,45908,42210.0,5344.0,1593222.0,31864,0.312,604,2,37,1,110.0,12.0,100,36,3.89,0
28,Female,PhD,Dhanbad,Coforge,Lead Engineer,Defense,Part-time,8,931923,23135,111033.0,19434.0,979499.0,19589,0.2522,539,4,16,0,75.0,20.0,100,39,2.82,0
57,Male,Bachelor,Mangalore,Cognizant,Principal Engineer,Government,Remote,35,2189072,83445,797758.0,41653.0,1957331.0,39146,0.2146,800,1,75,1,117.0,,100,24,5.0,1
30,Male,Bachelor,Bhubaneswar,Newgen Software,Director of Engineering,Manufacturing,Full-time,8,700795,27111,48242.0,9858.0,0.0,0,0.0,518,6,16,2,3.0,3.0,75,39,3.31,0
56,Female,Master,Hubballi,EXL Service,Lead Engineer,EdTech,Full-time,35,2418844,71019,43835.0,111818.0,1751202.0,35024,0.1738,707,6,72,1,1.0,9.0,50,30,5.0,1
35,Male,Master,Bhiwandi,Publicis Sapient,Scrum Master,FinTech,Full-time,13,1079874,40279,94998.0,21646.0,1399564.0,27991,0.311,560,0,24,4,22.0,10.0,0,23,3.57,0
43,Female,Bachelor,Gulbarga,Coda Global,Senior Data Scientist,Banking,Full-time,20,1400083,38969,105690.0,127472.0,705548.0,14110,0.1209,660,1,38,1,49.0,,50,20,3.8,0
49,Female,PhD,Kota,Newgen Software,Engineering Manager,Defense,Part-time,29,2106513,81807,51180.0,,0.0,0,0.0,704,3,58,1,64.0,7.0,100,19,4.56,0
52,Male,Bachelor,Navi Mumbai,Kellton Tech,Backend Developer,Consulting,Full-time,28,1871029,84985,302019.0,20378.0,354780.0,7095,0.0455,762,1,55,2,39.0,23.0,0,16,5.0,1
55,Male,Bachelor,Jodhpur,Byju s,Senior Data Scientist,Government,Full-time,33,2046122,49940,207840.0,50038.0,0.0,0,0.0,702,7,71,4,119.0,10.0,50,17,5.0,0
25,Female,PhD,Guntur,Unacademy,Product Manager,Telecom,Full-time,1,489144,16139,44870.0,28947.0,938436.0,18768,0.4604,567,0,5,2,84.0,0.0,75,29,2.55,0
46,Male,Bachelor,Amravati,Intellect Design,BI Developer,E-commerce,Remote,26,1710284,67256,23419.0,85728.0,0.0,0,0.0,633,3,53,4,72.0,17.0,0,25,4.89,1
35,Female,Bachelor,Salem,Quick Heal,Database Administrator,Defense,Full-time,14,1173052,28029,29632.0,2582.0,0.0,0,0.0,647,2,28,0,53.0,18.0,75,19,4.39,1
54,Female,Bachelor,Saharanpur,Infosys,Database Administrator,FinTech,Remote,32,2108142,62267,226907.0,2533.0,1433881.0,28677,0.1632,692,1,61,2,85.0,21.0,75,20,4.94,1
24,Male,Master,Saharanpur,Capgemini India,Cloud Architect,FinTech,Contract,3,529683,13296,32189.0,70806.0,1243734.0,24874,0.5635,559,3,11,1,106.0,0.0,50,7,2.14,0
49,Male,Diploma,Delhi,Zensar Technologies,Test Automation Engineer,Consulting,Full-time,29,1851530,74206,230408.0,424227.0,1167207.0,23344,0.1513,707,2,57,4,78.0,21.0,50,37,4.19,0
55,Male,Bachelor,Ranchi,Birlasoft,DevOps Engineer,HealthTech,Hybrid,32,2044487,62892,107119.0,18931.0,423752.0,8475,0.0497,784,4,68,2,2.0,20.0,100,33,5.0,1
48,Female,High School,Dehradun,Geometric,ETL Developer,FinTech,Full-time,27,1692503,72925,,2662.0,1792837.0,35856,0.2542,722,1,52,1,40.0,21.0,75,24,4.84,1
27,Male,Master,Kota,Persistent Systems,Lead Engineer,HealthTech,Full-time,3,528027,17445,116640.0,44706.0,0.0,0,0.0,490,2,10,0,54.0,0.0,100,37,2.4,0
45,Male,PhD,Meerut,Intellect Design,QA Engineer,Defense,Full-time,24,1845853,78929,52097.0,7812.0,1141904.0,22838,0.1485,691,1,50,4,54.0,10.0,75,24,3.22,0
38,Male,Master,Bhubaneswar,Datavail Infotech,Data Analyst,Government,Contract,14,1062167,34832,36367.0,25717.0,1914493.0,38289,0.4326,673,4,31,2,58.0,6.0,50,13,3.07,0
46,Male,Master,Bhiwandi,PhonePe,Director of Engineering,E-commerce,Full-time,24,1751523,46400,68157.0,,1988775.0,39775,0.2725,730,1,46,3,117.0,8.0,75,26,3.56,0
33,Female,Master,Jamnagar,Sasken,Technical Lead,E-commerce,Contract,12,943514,38230,267992.0,240738.0,1121884.0,22437,0.2854,667,1,22,1,40.0,13.0,50,11,4.11,0
27,Male,Bachelor,Jabalpur,Coda Global,Technical Lead,Consulting,Full-time,6,349569,8414,36291.0,5574.0,78995.0,1579,0.0542,484,2,11,3,32.0,,25,2,2.76,0
24,Female,Master,Guntur,PhonePe,Technical Lead,SaaS,Full-time,3,405409,12982,75006.0,,1871345.0,37426,1.1078,600,3,10,1,65.0,0.0,50,5,1.57,0
46,Female,Bachelor,Mumbai,Quick Heal,IT Consultant,Government,Full-time,24,1581562,46387,79705.0,6487.0,196483.0,3929,0.0298,637,4,52,4,33.0,16.0,25,12,4.88,1
49,Female,Bachelor,Chandigarh,Net Solutions,DevOps Engineer,Consulting,Full-time,26,1594507,68817,28955.0,70159.0,442826.0,8856,0.0666,682,1,52,5,56.0,11.0,25,4,5.0,1
55,Female,Diploma,Agra,Infosys,Technical Lead,FinTech,Hybrid,33,2003086,82235,56941.0,36243.0,0.0,0,0.0,693,2,70,0,34.0,22.0,100,26,5.0,1
41,Female,Master,Bhavnagar,Sonata Software,Software Engineer,Government,Full-time,19,1570055,65960,39604.0,57276.0,1496825.0,29936,0.2288,698,3,41,2,81.0,15.0,100,18,3.6,0
39,Female,Master,Amravati,Capgemini India,BI Developer,Government,Full-time,19,1540336,53396,195049.0,202874.0,1474315.0,29486,0.2297,603,2,42,2,40.0,9.0,75,34,3.33,0
35,Female,Master,Kochi,Nielsen India,System Architect,FinTech,Contract,11,1087765,42365,37820.0,87101.0,0.0,0,0.0,556,1,25,3,96.0,,75,28,2.93,0
34,Female,Master,Ludhiana,Srijan Technologies,Frontend Developer,EdTech,Remote,11,1052926,32489,405832.0,15797.0,0.0,0,0.0,520,2,20,3,19.0,20.0,0,6,2.89,0
22,Non-binary,Bachelor,Thiruvananthapuram,Nucleus Software,Senior Data Scientist,Banking,Full-time,0,294964,10875,259074.0,3526.0,0.0,0,0.0,434,3,5,0,80.0,0.0,50,26,3.34,0
37,Female,Master,Tiruchirappalli,Nihilent,Backend Developer,Government,Full-time,15,1227472,37051,60196.0,8202.0,,3527,0.0345,550,5,27,4,118.0,11.0,25,28,4.04,0
42,Female,Bachelor,Gurgaon,Newgen Software,Test Automation Engineer,Telecom,Full-time,19,1404429,60550,56117.0,14812.0,0.0,0,0.0,693,1,41,3,48.0,21.0,25,2,4.24,0
53,Female,PhD,Guwahati,Cognizant,DevOps Engineer,FinTech,Full-time,29,2217970,78978,71760.0,3937.0,0.0,0,0.0,714,2,59,2,40.0,15.0,100,15,4.86,1
36,Male,Bachelor,Pune,Intellect Design,ETL Developer,Manufacturing,Full-time,12,934589,30786,,19780.0,248564.0,4971,0.0638,540,6,27,0,18.0,14.0,100,19,3.69,0
54,Male,PhD,Bhavnagar,Genpact,ETL Developer,SaaS,Hybrid,30,2067649,82318,92175.0,,528744.0,10574,0.0614,782,4,57,1,28.0,20.0,75,31,4.17,0
44,Male,Master,Bhavnagar,Druva,Director of Engineering,Telecom,Full-time,23,1608057,62894,177614.0,1866.0,715767.0,14315,0.1068,617,2,46,1,111.0,3.0,50,14,3.84,0
40,Female,Bachelor,Surat,IBM India,Business Analyst,Banking,Remote,20,1450581,51424,32064.0,215899.0,837870.0,16757,0.1386,580,4,40,1,84.0,18.0,25,30,3.41,0
41,Male,Master,Jhansi,Sonata Software,Scrum Master,Manufacturing,Remote,17,1188486,40553,231365.0,117227.0,0.0,0,0.0,620,6,37,5,19.0,16.0,100,27,3.98,1
35,Male,Master,Dehradun,Genpact,System Architect,Defense,Contract,13,1038236,37810,121896.0,251689.0,669822.0,13396,0.1548,535,2,24,3,26.0,18.0,0,35,3.02,0
39,Female,Bachelor,Bareilly,eClerx,Software Engineer,FinTech,Remote,16,1132399,35561,64379.0,52609.0,712499.0,14249,0.151,638,6,34,1,70.0,3.0,100,20,3.17,0
42,Male,Bachelor,Vijayawada,Coforge,Project Manager,Consulting,Full-time,19,1286617,37133,26507.0,8966.0,0.0,0,0.0,711,1,40,3,4.0,9.0,50,22,3.7,0
22,Male,Master,Nellore,BrowserStack,Frontend Developer,E-commerce,Full-time,2,431318,18714,28977.0,18839.0,0.0,0,0.0,528,1,5,1,87.0,0.0,50,13,2.79,0
42,Male,Master,Ranchi,EXL Service,Database Administrator,Consulting,Full-time,21,1546413,47715,12172.0,41912.0,0.0,0,0.0,736,4,46,1,52.0,5.0,75,21,5.0,1
45,Male,High School,Meerut,Mphasis,DevOps Engineer,Telecom,Full-time,25,1620806,42951,295288.0,109619.0,0.0,0,0.0,730,3,48,3,114.0,11.0,100,16,5.0,1
34,Female,Bachelor,Bhiwandi,Newgen Software,ML Engineer,Consulting,Full-time,14,1141405,45678,30667.0,8609.0,0.0,0,0.0,672,3,31,2,73.0,24.0,25,39,3.5,0
46,Male,Master,Nashik,Wipro,Software Engineer,Manufacturing,Full-time,22,1602803,50723,,15247.0,616953.0,12339,0.0924,615,1,42,2,107.0,6.0,50,35,3.84,0
40,Female,Bachelor,Hyderabad,Firstsource,Scrum Master,E-commerce,Full-time,17,1223007,49478,156181.0,95246.0,1398490.0,27969,0.2744,593,2,32,1,103.0,3.0,50,34,3.93,0
51,Female,Bachelor,Dhanbad,Groww,Engineering Manager,HealthTech,Contract,28,1787938,57846,156295.0,6502.0,0.0,0,0.0,665,4,57,2,44.0,17.0,0,2,4.01,0
41,Male,High School,Madurai,WNS Global,Data Scientist,Defense,Full-time,21,1306172,44943,41364.0,54750.0,0.0,0,0.0,643,6,45,2,89.0,23.0,0,4,4.98,1
54,Male,Master,Asansol,Geometric,BI Developer,EdTech,Full-time,32,2015928,86554,31703.0,,0.0,0,0.0,778,4,62,2,51.0,15.0,100,6,5.0,1
36,Male,Bachelor,Bikaner,IBM India,ML Engineer,E-commerce,Full-time,14,952654,42522,19322.0,109651.0,1204496.0,24089,0.3034,634,1,31,1,76.0,12.0,0,17,3.05,0
56,Female,Master,Vijayawada,Subex,Database Administrator,Defense,Part-time,35,2330607,88948,20514.0,7125.0,648184.0,12963,0.0667,853,2,72,1,101.0,23.0,100,31,5.0,1
26,Male,PhD,Pune,Wipro,Data Scientist,HealthTech,Hybrid,6,761299,20113,30343.0,20576.0,0.0,0,0.0,603,1,9,3,22.0,0.0,0,8,3.31,0
28,Female,Bachelor,Vijayawada,Vedantu,BI Developer,Manufacturing,Full-time,4,707313,25017,27687.0,9848.0,0.0,0,0.0,577,2,9,2,35.0,0.0,75,32,2.61,0
45,Male,Bachelor,Kochi,Intellect Design,Technical Lead,Government,Contract,24,1687669,70005,65353.0,31834.0,710330.0,14206,0.101,745,3,46,1,4.0,5.0,0,12,4.39,0
42,Male,Bachelor,Ranchi,Birlasoft,ETL Developer,EdTech,Full-time,22,1345807,38621,82430.0,7128.0,0.0,0,0.0,750,5,43,2,86.0,20.0,0,22,4.54,1
27,Female,Master,Delhi,Happiest Minds,Data Scientist,Manufacturing,Remote,4,390196,14425,10011.0,90937.0,1959952.0,39199,1.2055,543,1,9,1,78.0,0.0,50,1,1.23,0
44,Male,Bachelor,Navi Mumbai,Tech Mahindra,Software Engineer,Government,Part-time,21,1508589,57807,155599.0,33666.0,0.0,0,0.0,738,3,44,2,106.0,2.0,75,36,4.5,0
46,Female,Bachelor,Aurangabad,Datamatics,Solutions Architect,Government,Full-time,25,1704271,75623,32298.0,,0.0,0,0.0,747,3,53,1,50.0,15.0,75,18,4.26,1
52,Male,Master,Malegaon,Sasken,ETL Developer,Manufacturing,Full-time,32,2234120,66162,88513.0,15651.0,0.0,0,0.0,753,3,64,2,39.0,24.0,75,2,4.99,1
39,Male,PhD,Jalgaon,Chargebee,Director of Engineering,HealthTech,Remote,18,1437984,50365,,65797.0,0.0,0,0.0,574,2,37,1,94.0,20.0,50,0,4.82,1
37,Non-binary,Bachelor,Lucknow,NIIT Technologies,Scrum Master,HealthTech,Full-time,14,1035417,32125,307439.0,51185.0,0.0,0,0.0,672,1,30,2,31.0,9.0,50,16,3.67,0
31,Female,Diploma,Bangalore,WNS Global,Engineering Manager,Startup,Full-time,11,851274,31219,5288.0,31027.0,0.0,0,0.0,523,0,20,3,56.0,18.0,75,16,2.88,0
26,Female,Master,Aligarh,Capgemini India,DevOps Engineer,Government,Contract,2,518037,17567,11034.0,31693.0,0.0,0,0.0,522,2,5,1,21.0,0.0,0,9,1.98,0
37,Female,PhD,Raipur,Zomato,Test Automation Engineer,Manufacturing,Full-time,15,1335519,37030,125656.0,8922.0,0.0,0,0.0,551,6,34,4,99.0,18.0,25,29,3.77,0
31,Non-binary,Diploma,Howrah,Happiest Minds,Project Manager,Telecom,Full-time,9,547607,19442,26178.0,47536.0,0.0,0,0.0,647,2,16,1,36.0,12.0,75,25,3.92,0
32,Female,Bachelor,Delhi,Firstsource,Senior Data Scientist,Government,Full-time,12,877712,38333,243181.0,7625.0,133080.0,2661,0.0364,662,4,25,1,104.0,20.0,25,26,4.47,0
42,Female,Bachelor,Guwahati,Xoriant,Lead Engineer,FinTech,Remote,22,1638930,42515,9997.0,46007.0,1277772.0,25555,0.1871,670,2,41,3,12.0,12.0,50,36,3.58,0
34,Female,Bachelor,Patna,L&T Infotech,Senior Software Engineer,Defense,Full-time,12,912638,21582,223895.0,4613.0,1350872.0,27017,0.3552,523,2,28,2,18.0,9.0,50,28,3.04,0
54,Male,Master,Howrah,ThoughtWorks India,QA Engineer,Telecom,Remote,32,2138139,63355,163675.0,126547.0,508178.0,10163,0.057,756,3,64,3,87.0,19.0,0,12,5.0,1
54,Male,Bachelor,Akola,Unacademy,Database Administrator,HealthTech,Contract,32,2102995,71603,12117.0,18915.0,188468.0,3769,0.0215,737,2,63,2,60.0,23.0,25,20,5.0,1
42,Male,Bachelor,Patna,Cybage,Technical Lead,Manufacturing,Full-time,22,1403336,57449,29200.0,13081.0,558438.0,11168,0.0955,639,0,41,1,,6.0,50,12,4.15,0
49,Female,PhD,Kanpur,Ola,Data Scientist,Banking,Full-time,29,2057568,60968,53281.0,1284.0,122164.0,2443,0.0142,684,2,58,0,53.0,3.0,100,29,5.0,1
52,Male,Bachelor,Jhansi,L&T Infotech,Software Engineer,SaaS,Part-time,30,1923880,66051,302409.0,51518.0,0.0,0,0.0,753,4,64,2,59.0,15.0,75,1,5.0,1
32,Non-binary,Bachelor,Bhopal,Meesho,Test Automation Engineer,Defense,Contract,11,901532,25261,22867.0,,845454.0,16909,0.2251,549,1,24,0,115.0,12.0,50,23,2.93,0
55,Male,Bachelor,Jaipur,Tech Mahindra,System Architect,E-commerce,Full-time,35,2376578,102334,339389.0,,0.0,0,0.0,816,1,68,1,71.0,16.0,50,19,5.0,1
52,Male,Diploma,Kota,Syntel India,VP Engineering,HealthTech,Full-time,32,1990090,76948,320288.0,2926.0,1060670.0,21213,0.1279,763,0,65,0,68.0,5.0,100,24,4.86,0
57,Female,High School,Pune,Zerodha,AI Researcher,FinTech,Remote,35,2088777,69115,143071.0,15781.0,1824067.0,36481,0.2096,828,0,74,0,16.0,16.0,50,8,5.0,1
34,Female,Bachelor,Delhi,Robosoft,Engineering Manager,HealthTech,Full-time,14,1194227,52260,9298.0,19276.0,745107.0,14902,0.1497,581,3,29,1,7.0,3.0,50,22,4.29,0
28,Female,High School,Mumbai,Net Solutions,Lead Engineer,Banking,Hybrid,6,498694,12094,,72262.0,1546555.0,30931,0.7443,536,1,17,0,66.0,0.0,100,9,1.76,0
35,Female,Bachelor,Ludhiana,Zerodha,Project Manager,SaaS,Hybrid,15,1237759,54868,76065.0,3158.0,0.0,0,0.0,645,0,27,1,42.0,6.0,50,33,3.56,0
32,Male,Master,Amritsar,Cybage,System Architect,FinTech,Full-time,12,1007340,26440,,74530.0,144653.0,2893,0.0345,632,4,23,1,101.0,15.0,50,7,4.17,0
36,Male,Master,Howrah,PhonePe,Project Manager,E-commerce,Full-time,15,1156289,51400,264333.0,43391.0,1434656.0,28693,0.2978,648,3,32,1,10.0,8.0,0,27,4.2,0
36,Male,Master,Pune,ThoughtWorks India,Database Administrator,Startup,Contract,15,1166630,32839,142914.0,37530.0,0.0,0,0.0,701,3,32,1,41.0,22.0,75,39,3.35,0
41,Male,Master,Malegaon,Quick Heal,DevOps Engineer,Defense,Full-time,20,1538758,58532,510920.0,28595.0,1630685.0,32613,0.2543,620,1,44,0,59.0,21.0,50,38,3.54,0
53,Male,Bachelor,Mangalore,Postman,Technical Lead,HealthTech,Full-time,30,1977155,67863,33576.0,47350.0,1417646.0,28352,0.1721,706,5,58,3,12.0,3.0,100,6,4.13,0
49,Female,Master,Jalgaon,InMobi,IT Consultant,FinTech,Full-time,26,1914358,67545,184845.0,8432.0,1142858.0,22857,0.1433,692,1,50,1,27.0,23.0,0,20,4.86,1
46,Female,Master,Vadodara,EXL Service,IT Consultant,Manufacturing,Full-time,22,1540949,44932,43954.0,,1164448.0,23288,0.1814,749,2,42,2,,5.0,100,12,5.0,0
44,Female,Bachelor,Jaipur,HCL Technologies,QA Engineer,EdTech,Full-time,24,1497883,38212,13455.0,3758.0,0.0,0,0.0,752,3,50,1,105.0,23.0,100,17,4.31,0
41,Female,Bachelor,Varanasi,Cybage,Project Manager,SaaS,Full-time,18,1354833,47660,540518.0,82686.0,1574200.0,31484,0.2789,696,2,37,1,,13.0,25,0,3.59,0
39,Female,Bachelor,Durgapur,eClerx,Solutions Architect,HealthTech,Hybrid,16,1153534,33149,48493.0,9705.0,662166.0,13243,0.1378,614,6,29,1,66.0,14.0,100,26,3.57,0
57,Male,High School,Saharanpur,Unacademy,ETL Developer,Telecom,Full-time,34,2105530,72116,1288.0,1491.0,1702327.0,34046,0.194,844,1,71,3,110.0,16.0,75,33,5.0,1
50,Male,Bachelor,Asansol,Srijan Technologies,ETL Developer,Manufacturing,Remote,30,1985559,75354,,146738.0,1473033.0,29460,0.178,690,1,62,2,86.0,19.0,50,18,5.0,1
26,Female,Diploma,Gwalior,Cyient DLM,Lead Engineer,Manufacturing,Full-time,4,378653,15655,83780.0,28406.0,1786474.0,35729,1.1323,554,4,9,1,31.0,0.0,50,1,1.68,0
22,Male,Diploma,Gwalior,Zensar Technologies,ML Engineer,Manufacturing,Full-time,0,303789,13767,31149.0,48257.0,582975.0,11659,0.4605,490,4,3,2,77.0,0.0,0,18,2.1,0
57,Female,Master,Jamnagar,Druva,Scrum Master,Startup,Contract,34,2349600,106838,51422.0,24728.0,0.0,0,0.0,745,4,65,2,45.0,14.0,50,24,5.0,1
33,Female,Bachelor,Aurangabad,Geometric,DevOps Engineer,Startup,Full-time,9,791210,19669,89991.0,728.0,1083364.0,21667,0.3286,612,3,20,3,14.0,15.0,50,23,3.6,0
39,Female,Bachelor,Hyderabad,Meesho,Network Engineer,E-commerce,Remote,18,1366132,61824,11932.0,205129.0,0.0,0,0.0,659,7,37,3,69.0,17.0,25,30,3.95,0
25,Female,Master,Varanasi,Capgemini India,Software Engineer,Telecom,Hybrid,2,441617,16357,240130.0,40519.0,0.0,0,0.0,443,1,3,2,34.0,0.0,100,36,2.65,0
56,Male,Bachelor,Mysuru,Sonata Software,Engineering Manager,FinTech,Remote,35,2323237,93009,12579.0,165640.0,1778856.0,35577,0.1838,757,2,72,1,25.0,17.0,50,4,4.47,1
30,Male,Bachelor,Jalgaon,Firstsource,Cloud Architect,Manufacturing,Contract,8,740558,27353,20149.0,2324.0,0.0,0,0.0,542,1,19,3,77.0,,0,7,3.13,0
40,Male,Master,Jaipur,Srijan Technologies,Technical Lead,Consulting,Remote,19,1427881,55982,7268.0,78391.0,1809383.0,36187,0.3041,629,6,43,1,70.0,18.0,75,20,3.99,0
42,Female,Master,Bareilly,Tech Mahindra,Solutions Architect,HealthTech,Full-time,20,1585148,53339,77446.0,70304.0,1487430.0,29748,0.2252,601,7,45,0,,16.0,50,28,4.21,0
32,Male,Master,Siliguri,TCS,Mobile Developer,Manufacturing,Full-time,8,751463,33580,4822.0,4940.0,387216.0,7744,0.1237,541,1,13,1,101.0,2.0,50,11,2.37,0
36,Female,Bachelor,Amritsar,Freshworks,Project Manager,Startup,Contract,16,1077659,25684,19518.0,16033.0,1728509.0,34570,0.3849,644,3,32,3,81.0,2.0,50,4,3.04,0
23,Male,Master,Bhilai,Happiest Minds,Lead Engineer,Banking,Full-time,0,397535,17463,169273.0,4653.0,1762694.0,35253,1.0641,472,6,0,3,73.0,0.0,50,8,1.0,0
41,Male,Bachelor,Ujjain,Zerodha,Product Manager,E-commerce,Remote,21,1332625,31785,84696.0,7147.0,180755.0,3615,0.0326,668,2,39,0,18.0,15.0,50,26,4.29,0
51,Male,Bachelor,Noida,Uniphore,VP Engineering,E-commerce,Contract,30,2051919,92838,121652.0,41726.0,0.0,0,0.0,668,0,57,3,26.0,18.0,75,32,4.97,1
41,Male,Master,Guntur,WNS Global,Project Manager,Consulting,Full-time,21,1547642,54246,90505.0,21455.0,0.0,0,0.0,659,4,40,2,82.0,9.0,100,18,4.66,0
50,Female,Bachelor,Guntur,Ola,Senior Data Scientist,HealthTech,Full-time,26,1656563,57047,56888.0,94411.0,1227477.0,24549,0.1778,718,4,54,0,58.0,22.0,75,19,4.56,1
56,Female,Master,Siliguri,Meesho,Lead Engineer,Telecom,Contract,32,2166321,59773,134027.0,11037.0,98198.0,1963,0.0109,741,4,63,1,117.0,22.0,0,35,4.58,1
25,Female,Master,Nagpur,Zetwerk,DevOps Engineer,Startup,Full-time,2,425841,15836,64565.0,22077.0,518754.0,10375,0.2924,497,1,3,0,95.0,0.0,100,13,2.46,0
46,Female,High School,Dehradun,ThoughtWorks India,Project Manager,Banking,Full-time,24,1599267,50269,13773.0,32332.0,0.0,0,0.0,747,0,48,5,15.0,2.0,100,30,4.56,1
30,Male,High School,Jhansi,GlobalLogic,Engineering Manager,Telecom,Full-time,6,626441,24781,179027.0,76668.0,0.0,0,0.0,609,4,12,3,4.0,0.0,100,37,3.74,0
22,Female,Bachelor,Cuttack,Sigmoid Analytics,Software Engineer,Banking,Full-time,2,369404,10195,1098402.0,31870.0,1571667.0,31433,1.0211,562,2,7,3,119.0,0.0,100,6,1.0,0
45,Female,Diploma,Malegaon,Srijan Technologies,Software Engineer,Banking,Contract,24,1565883,51889,,4514.0,228632.0,4572,0.035,682,0,52,1,52.0,7.0,75,12,5.0,1
25,Male,Bachelor,Tiruppur,Genpact,Data Scientist,SaaS,Full-time,4,447845,10553,6236.0,65705.0,0.0,0,0.0,519,5,8,1,,0.0,75,33,3.5,0
43,Female,Master,Bareilly,Net Solutions,DevOps Engineer,Government,Hybrid,22,1752698,53455,8388.0,,0.0,0,0.0,738,2,42,0,119.0,17.0,75,27,5.0,1
55,Male,Bachelor,Jalandhar,GlobalLogic,BI Developer,Telecom,Contract,35,2184898,63876,46187.0,43898.0,0.0,0,0.0,744,2,75,2,77.0,7.0,50,24,4.96,1
32,Female,Diploma,Siliguri,Robosoft,System Architect,Manufacturing,Remote,12,866508,21418,11628.0,,1392857.0,27857,0.3858,583,1,29,1,10.0,5.0,100,12,3.28,0
34,Male,Master,Allahabad,EXL Service,BI Developer,Startup,Part-time,12,914219,26383,7143.0,52167.0,1507422.0,30148,0.3957,667,2,28,0,80.0,11.0,50,11,3.06,0
57,Female,Bachelor,Vijayawada,Cybage,Network Engineer,HealthTech,Full-time,34,2316179,72981,143075.0,54149.0,,0,0.0,840,4,70,1,62.0,22.0,75,39,4.85,1
43,Male,PhD,Ahmedabad,Unacademy,Principal Engineer,Consulting,Full-time,22,1618767,42526,62956.0,6226.0,1526777.0,30535,0.2264,689,4,48,2,59.0,5.0,75,20,4.31,0
30,Male,Master,Vadodara,Apexon,Security Analyst,Telecom,Hybrid,10,971565,41248,37607.0,432422.0,0.0,0,0.0,546,0,19,0,38.0,9.0,75,23,3.11,0
55,Female,Master,Nellore,Postman,Senior Data Scientist,SaaS,Contract,32,2294226,66993,,37135.0,340893.0,6817,0.0357,802,3,62,2,86.0,2.0,0,29,4.94,1
46,Male,Master,Patna,Coforge,Security Analyst,Government,Full-time,24,1796259,72681,,18104.0,1725359.0,34507,0.2305,639,1,51,2,42.0,10.0,50,34,3.97,0
51,Female,PhD,Dehradun,Zensar Technologies,Cloud Architect,Telecom,Full-time,28,1951008,70514,421484.0,8004.0,0.0,0,0.0,798,1,57,2,7.0,17.0,0,7,5.0,1
37,Male,Bachelor,Indore,Razorpay,Backend Developer,HealthTech,Full-time,13,1167082,28561,22868.0,358.0,390557.0,7811,0.0803,662,2,31,0,22.0,16.0,75,5,3.8,0
49,Female,Bachelor,Hubballi,Cybage,ML Engineer,Manufacturing,Full-time,28,1801129,74100,42319.0,55847.0,1556714.0,31134,0.2074,674,0,56,1,5.0,20.0,50,34,4.92,1
31,Non-binary,PhD,Dhanbad,Mindtree,Project Manager,Consulting,Full-time,10,1025856,37777,81153.0,150227.0,404576.0,8091,0.0946,506,2,18,2,36.0,18.0,75,20,3.09,0
54,Female,Bachelor,Meerut,Unacademy,Full Stack Developer,Startup,Full-time,34,2154441,53731,96646.0,19810.0,0.0,0,0.0,825,2,69,0,82.0,16.0,75,8,5.0,1
28,Male,PhD,Malegaon,Sasken,Full Stack Developer,HealthTech,Full-time,7,835100,24519,20543.0,10817.0,1754386.0,35087,0.5042,476,3,13,4,103.0,0.0,75,7,2.05,0
54,Female,Bachelor,Aurangabad,Coforge,Director of Engineering,Manufacturing,Contract,31,2044922,71024,15602.0,,412102.0,8242,0.0484,804,4,62,7,104.0,11.0,100,19,4.84,1
28,Male,Master,Amravati,EXL Service,Data Scientist,Manufacturing,Full-time,5,598030,23215,56782.0,6428.0,1916899.0,38337,0.7693,493,3,10,1,83.0,0.0,75,6,1.62,0
39,Male,Bachelor,Gulbarga,Tech Mahindra,System Architect,Government,Full-time,17,1327367,59340,62175.0,79277.0,0.0,0,0.0,606,1,39,0,98.0,17.0,25,35,3.43,0
41,Male,PhD,Bhavnagar,Wipro,Network Engineer,FinTech,Contract,21,1555615,62132,8367.0,3927.0,1422301.0,28446,0.2194,690,3,42,3,66.0,,75,7,3.77,0
46,Male,High School,Salem,Srijan Technologies,Frontend Developer,SaaS,Hybrid,25,1611207,72802,16981.0,16543.0,0.0,0,0.0,671,1,50,3,2.0,18.0,50,12,4.61,0
32,Male,Bachelor,Delhi,Geometric,ETL Developer,FinTech,Contract,9,747487,31065,72915.0,4755.0,309941.0,6198,0.0995,604,2,16,0,97.0,12.0,75,7,3.37,0
32,Male,PhD,Rajkot,Robosoft,Network Engineer,EdTech,Remote,12,951913,36722,36440.0,,0.0,0,0.0,562,2,21,2,83.0,20.0,75,9,3.95,0
26,Female,Master,Nashik,Unacademy,Technical Lead,Startup,Full-time,2,518042,19818,125170.0,39749.0,0.0,0,0.0,538,2,6,3,107.0,0.0,50,25,3.23,0
52,Male,Bachelor,Nagpur,Swiggy,Database Administrator,EdTech,Full-time,28,1879166,48582,114009.0,9222.0,1658737.0,33174,0.2118,773,7,61,2,84.0,11.0,75,1,4.23,0
31,Female,Master,Firozabad,Sigmoid Analytics,IT Consultant,Telecom,Full-time,8,807939,28019,51729.0,8288.0,957677.0,19153,0.2845,618,5,21,5,79.0,11.0,75,28,2.94,0
25,Male,Bachelor,Mumbai,Zoho,Software Engineer,HealthTech,Full-time,1,240483,10410,207799.0,10918.0,0.0,0,0.0,474,3,0,1,25.0,0.0,25,32,1.98,0
39,Female,Master,Vadodara,Cyient,ML Engineer,Telecom,Full-time,18,1468559,59900,67256.0,38429.0,492203.0,9844,0.0804,698,1,38,0,51.0,23.0,50,17,4.01,1
49,Male,Bachelor,Hubballi,Accenture India,Database Administrator,SaaS,Full-time,25,1536753,53252,41009.0,32877.0,1127861.0,22557,0.1761,735,5,53,1,98.0,18.0,50,13,4.04,0
52,Female,Master,Jabalpur,Coda Global,Senior Data Scientist,EdTech,Full-time,32,2102847,87362,4281.0,17609.0,1093649.0,21872,0.1248,764,2,64,2,90.0,21.0,100,30,4.32,0
44,Male,Bachelor,Patna,L&T Infotech,Senior Data Scientist,FinTech,Full-time,23,1685649,48708,468972.0,17029.0,444798.0,8895,0.0633,675,7,44,3,73.0,9.0,50,8,3.96,0
41,Male,Bachelor,Jalandhar,Byju s,Test Automation Engineer,Banking,Full-time,20,1366736,57529,55970.0,172361.0,1532711.0,30654,0.2691,699,5,41,1,85.0,19.0,100,3,4.38,0
48,Male,High School,Varanasi,Nucleus Software,Database Administrator,Startup,Hybrid,26,1696635,60912,23631.0,7428.0,364734.0,7294,0.0516,765,2,57,3,106.0,20.0,75,2,4.67,1
52,Male,Master,Noida,Groww,Engineering Manager,FinTech,Hybrid,32,2082665,52827,5237.0,91014.0,1942809.0,38856,0.2239,815,3,62,2,117.0,6.0,25,25,5.0,1
36,Non-binary,PhD,Bhiwandi,Chargebee,BI Developer,HealthTech,Full-time,16,1135586,38673,28459.0,61780.0,1872640.0,37452,0.3958,588,3,31,0,19.0,,50,1,3.59,0
23,Male,Master,Amravati,Datamatics,Network Engineer,Manufacturing,Full-time,3,571500,22631,38468.0,6420.0,257333.0,5146,0.1081,543,1,3,0,21.0,0.0,100,11,2.97,0
32,Female,Bachelor,Noida,Infosys,Database Administrator,Manufacturing,Contract,9,681849,28584,34483.0,8756.0,,34746,0.6115,536,2,20,5,82.0,5.0,75,4,3.08,0
25,Female,Diploma,Coimbatore,Zerodha,Test Automation Engineer,Manufacturing,Remote,2,361518,15516,30215.0,87291.0,569063.0,11381,0.3778,545,4,9,0,20.0,0.0,0,27,2.49,0
36,Female,Bachelor,Agra,Nihilent,Backend Developer,FinTech,Full-time,16,1246305,32294,210899.0,112284.0,1718956.0,34379,0.331,615,2,34,1,97.0,22.0,25,5,3.09,0
26,Female,Bachelor,Kanpur,KPIT Technologies,Lead Engineer,Manufacturing,Contract,4,542210,17899,51705.0,100503.0,1422489.0,28449,0.6296,492,0,12,1,7.0,0.0,100,1,1.5,0
33,Male,Bachelor,Bikaner,GlobalLogic,Cloud Architect,EdTech,Contract,10,847052,23601,19853.0,6991.0,1522698.0,30453,0.4314,510,3,23,1,5.0,3.0,25,26,2.57,0
33,Male,Bachelor,Meerut,WNS Global,Software Engineer,Consulting,Full-time,10,814402,32926,45696.0,18118.0,0.0,0,0.0,505,2,19,1,,12.0,50,28,3.09,0
49,Female,Bachelor,Kolkata,Nielsen India,Security Analyst,HealthTech,Hybrid,25,1679539,69093,134662.0,,757972.0,15159,0.1083,701,3,50,3,52.0,8.0,50,21,4.67,0
55,Male,Master,Asansol,Geometric,Full Stack Developer,FinTech,Full-time,32,2020009,53231,89169.0,7319.0,0.0,0,0.0,802,3,67,1,107.0,5.0,50,6,4.72,1
25,Male,Diploma,Pune,Uniphore,DevOps Engineer,Defense,Full-time,5,583489,25693,18049.0,2063.0,0.0,0,0.0,487,4,10,0,28.0,0.0,50,23,3.39,0
26,Female,Bachelor,Mysuru,Swiggy,Principal Engineer,Consulting,Full-time,4,546415,14006,25825.0,104334.0,901975.0,18039,0.3962,584,0,10,2,76.0,0.0,0,11,2.32,0
29,Male,Bachelor,Kalyan,Cognizant,Solutions Architect,Government,Remote,9,783740,26559,24961.0,57806.0,0.0,0,0.0,515,5,20,4,72.0,13.0,50,8,2.99,0
38,Female,Bachelor,Jamshedpur,Net Solutions,BI Developer,Banking,Remote,16,1219929,48405,183665.0,11452.0,0.0,0,0.0,707,2,37,2,38.0,4.0,0,8,4.4,0
34,Male,Bachelor,Mysuru,Datamatics,System Architect,Manufacturing,Contract,11,926269,42206,206731.0,518.0,1997432.0,39948,0.5175,540,6,22,4,84.0,10.0,25,16,2.41,0
37,Male,Master,Udaipur,Net Solutions,Product Manager,Startup,Part-time,14,1115308,28752,47113.0,40938.0,0.0,0,0.0,600,4,29,1,97.0,3.0,50,21,3.44,0
40,Female,Master,Chennai,Srijan Technologies,IT Consultant,FinTech,Contract,17,1233598,55434,153742.0,877.0,230923.0,4618,0.0449,665,2,37,5,8.0,21.0,0,3,4.0,0
32,Non-binary,PhD,Bhiwandi,eClerx,AI Researcher,SaaS,Full-time,10,1096473,44470,56668.0,406.0,181169.0,3623,0.0397,607,1,18,2,106.0,13.0,0,22,2.98,0
45,Non-binary,Diploma,Solapur,Firstsource,Project Manager,Consulting,Contract,25,1706849,52803,41875.0,2874.0,,0,0.0,766,2,51,1,78.0,3.0,75,0,4.47,0
55,Male,Bachelor,Madurai,Postman,VP Engineering,EdTech,Remote,31,1987716,90618,32844.0,16086.0,0.0,0,0.0,688,1,64,2,8.0,20.0,75,7,3.79,0
29,Male,Diploma,Jhansi,NIIT Technologies,Director of Engineering,Defense,Remote,5,480179,17080,65724.0,41782.0,1189396.0,23787,0.5945,581,1,12,1,69.0,0.0,0,15,2.03,0
37,Male,Master,Akola,Sonata Software,DevOps Engineer,Banking,Contract,14,1215931,39584,12636.0,13930.0,0.0,0,0.0,603,5,32,1,8.0,16.0,100,1,4.31,1
24,Male,Master,Chennai,Freshworks,Network Engineer,SaaS,Hybrid,1,310884,9710,98711.0,81043.0,1536173.0,30723,1.1859,539,4,1,1,71.0,0.0,50,22,1.41,0
56,Male,PhD,Ajmer,NIIT Technologies,Data Analyst,Banking,Full-time,33,2174850,72076,2885.0,1016.0,484190.0,9683,0.0534,726,1,68,3,54.0,12.0,0,37,5.0,1
34,Female,Master,Agra,Xoriant,Product Manager,Government,Full-time,14,1123042,36863,94772.0,20536.0,0.0,0,0.0,664,0,27,3,58.0,2.0,50,8,4.19,0
38,Female,Master,Hyderabad,Vedantu,Data Analyst,FinTech,Contract,16,1178286,27716,18768.0,,,37717,0.3841,621,1,33,1,104.0,5.0,50,11,3.24,0
51,Female,Bachelor,Howrah,Uniphore,QA Engineer,Defense,Hybrid,28,1914351,70399,13027.0,17789.0,1578487.0,31569,0.1979,703,4,53,2,113.0,7.0,75,15,4.58,0
34,Female,PhD,Allahabad,Unacademy,Frontend Developer,Telecom,Full-time,14,1114337,28783,30347.0,10872.0,0.0,0,0.0,631,0,27,0,55.0,13.0,50,11,4.08,0
35,Female,Bachelor,Jabalpur,Ola,Project Manager,Government,Full-time,14,1004227,34684,21726.0,,0.0,0,0.0,592,2,28,3,0.0,4.0,50,12,4.16,0
38,Male,PhD,Jhansi,Hexaware,Frontend Developer,Startup,Remote,17,1350415,34898,34530.0,46718.0,1086555.0,21731,0.1931,622,3,39,1,97.0,11.0,100,3,2.84,0
32,Female,Bachelor,Bhavnagar,Mastek,IT Consultant,Manufacturing,Full-time,9,773638,33143,220815.0,5252.0,498285.0,9965,0.1546,605,2,18,2,56.0,13.0,100,37,3.86,0
43,Male,Bachelor,Loni,Net Solutions,ML Engineer,Banking,Hybrid,19,1463266,48320,7875.0,62535.0,1892284.0,37845,0.3104,642,4,41,3,67.0,13.0,75,3,3.2,0
29,Female,Master,Aurangabad,CleverTap,Data Scientist,SaaS,Hybrid,6,708756,28082,332555.0,49718.0,719036.0,14380,0.2435,570,1,14,2,58.0,0.0,100,32,2.85,0
38,Male,Master,Gulbarga,Nihilent,Project Manager,Manufacturing,Contract,18,1407710,64047,18338.0,42059.0,534489.0,10689,0.0911,664,4,38,3,95.0,14.0,75,24,3.99,0
49,Female,Diploma,Jamshedpur,Chargebee,Data Analyst,Consulting,Full-time,29,1922248,63775,711385.0,6602.0,0.0,0,0.0,809,4,55,4,17.0,15.0,0,9,4.84,1
40,Male,Bachelor,Agra,IBM India,AI Researcher,FinTech,Full-time,18,1391750,46226,505207.0,18754.0,0.0,0,0.0,692,1,34,3,16.0,13.0,0,39,3.89,0
39,Female,Diploma,Ahmedabad,Capgemini India,Business Analyst,SaaS,Hybrid,17,1232538,34766,76663.0,70359.0,1245407.0,24908,0.2425,706,2,39,1,51.0,,0,38,4.62,0
30,Female,Master,Raipur,Unacademy,Mobile Developer,Banking,Full-time,9,814410,29448,57911.0,,362373.0,7247,0.1068,538,3,22,4,65.0,3.0,25,33,2.67,0
28,Male,PhD,Gorakhpur,Happiest Minds,Backend Developer,Consulting,Contract,5,660377,26395,162383.0,18864.0,571858.0,11437,0.2078,525,3,7,3,30.0,0.0,100,24,3.51,0
55,Male,Master,Bikaner,Mastek,Test Automation Engineer,Banking,Full-time,31,2209141,57792,65325.0,30954.0,0.0,0,0.0,787,3,64,2,61.0,8.0,50,35,4.18,0
52,Male,Master,Surat,Nielsen India,Senior Software Engineer,HealthTech,Full-time,32,2150602,65858,162620.0,4919.0,0.0,0,0.0,749,1,64,3,58.0,11.0,75,20,5.0,1
32,Female,Bachelor,Raipur,Zoho,Solutions Architect,Telecom,Contract,8,755088,34582,94280.0,44490.0,0.0,0,0.0,634,4,16,1,79.0,24.0,75,18,3.1,0
56,Non-binary,Diploma,Jhansi,ThoughtWorks India,ML Engineer,EdTech,Full-time,32,1843669,74141,104393.0,,0.0,0,0.0,804,2,61,2,27.0,2.0,25,4,4.78,0
27,Male,Master,Howrah,ThoughtWorks India,AI Researcher,Government,Full-time,5,604008,14784,51035.0,2770998.0,0.0,0,0.0,522,2,8,2,70.0,0.0,100,27,2.95,0
48,Female,PhD,Ranchi,HCL Technologies,AI Researcher,Telecom,Full-time,26,1907042,67811,10237.0,4180.0,0.0,0,0.0,641,3,54,2,57.0,19.0,100,32,4.53,1
47,Female,Diploma,Jamnagar,Quick Heal,ETL Developer,Manufacturing,Full-time,26,1784158,70824,7601.0,22454.0,1717324.0,34346,0.231,705,3,54,1,48.0,20.0,50,37,4.12,0
48,Male,Bachelor,Bangalore,Srijan Technologies,Senior Data Scientist,SaaS,Contract,24,1649420,62542,80795.0,5513.0,0.0,0,0.0,738,0,47,0,56.0,19.0,0,23,5.0,1
25,Female,Master,Jabalpur,Nielsen India,Security Analyst,E-commerce,Contract,3,606496,22961,11725.0,1911.0,998035.0,19960,0.3949,550,3,3,1,44.0,0.0,75,17,2.88,0
30,Female,Master,Saharanpur,Robosoft,Frontend Developer,Manufacturing,Full-time,9,912968,37966,35158.0,113920.0,0.0,0,0.0,621,2,21,4,105.0,5.0,25,33,3.77,0
34,Female,Bachelor,Raipur,NIIT Technologies,Scrum Master,EdTech,Full-time,10,896645,37449,56327.0,33182.0,0.0,0,0.0,559,4,21,0,79.0,22.0,0,34,3.09,0
33,Male,Diploma,Nashik,Vedantu,Lead Engineer,FinTech,Full-time,11,969303,26808,30693.0,29670.0,0.0,0,0.0,528,1,22,1,33.0,21.0,50,2,3.44,0
39,Male,Bachelor,Siliguri,Swiggy,Lead Engineer,Banking,Full-time,15,1149685,52182,63603.0,,924371.0,18487,0.193,574,1,27,0,,19.0,100,38,2.72,0
57,Male,PhD,Tiruchirappalli,Cyient DLM,Full Stack Developer,Government,Part-time,35,2386656,70337,34803.0,17232.0,894154.0,17883,0.0899,775,0,72,3,2.0,22.0,75,38,5.0,1
55,Female,Bachelor,Ranchi,eClerx,Frontend Developer,Telecom,Full-time,35,2250650,84811,21007.0,141755.0,0.0,0,0.0,727,2,68,2,108.0,19.0,75,30,5.0,1
25,Male,Bachelor,Varanasi,Coda Global,Business Analyst,Banking,Remote,3,475854,16594,551336.0,2400.0,147240.0,2944,0.0742,602,0,5,0,34.0,0.0,100,13,2.65,0
39,Male,Bachelor,Amritsar,Coda Global,Data Scientist,Banking,Contract,18,1404307,60047,34210.0,7064.0,1794008.0,35880,0.3066,722,3,39,2,96.0,17.0,75,9,4.32,0
34,Female,Master,Delhi,Nihilent,Director of Engineering,SaaS,Remote,13,1146681,51575,27490.0,77323.0,317415.0,6348,0.0664,574,3,28,2,69.0,10.0,50,26,3.16,0
44,Male,Bachelor,Aurangabad,HCL Technologies,AI Researcher,EdTech,Full-time,20,1341173,54641,15281.0,83158.0,1184407.0,23688,0.2119,675,0,42,1,94.0,7.0,50,31,4.46,0
34,Male,Bachelor,Bhopal,L&T Infotech,BI Developer,FinTech,Part-time,10,877906,37089,74032.0,11365.0,1665255.0,33305,0.4552,652,2,17,3,97.0,12.0,0,29,2.2,0
41,Female,PhD,Solapur,Meesho,Lead Engineer,Banking,Full-time,20,1556287,50903,92583.0,18289.0,0.0,0,0.0,657,6,44,1,109.0,16.0,50,35,3.21,0
28,Female,PhD,Coimbatore,HCL Technologies,Engineering Manager,Telecom,Hybrid,5,704262,21254,21163.0,9801.0,389430.0,7788,0.1327,565,0,11,3,95.0,0.0,50,39,2.62,0
54,Female,Bachelor,Durgapur,Cognizant,VP Engineering,Startup,Full-time,33,2202859,59996,,202.0,1485212.0,29704,0.1618,831,4,66,3,12.0,15.0,25,26,4.99,1
45,Female,Master,Solapur,Zensar Technologies,AI Researcher,FinTech,Full-time,25,1784965,49929,28561.0,33145.0,816992.0,16339,0.1098,694,1,52,1,8.0,8.0,100,33,3.69,0
48,Male,Bachelor,Ahmedabad,TCS,Test Automation Engineer,SaaS,Full-time,28,1836534,59374,102493.0,3845.0,1163832.0,23276,0.1521,758,2,61,1,29.0,,50,12,5.0,1
45,Male,Master,Ahmedabad,Sonata Software,Senior Software Engineer,E-commerce,Full-time,23,1650822,42905,39913.0,373142.0,1016725.0,20334,0.1478,720,3,43,3,6.0,10.0,75,38,4.35,0
45,Male,Master,Hubballi,Genpact,AI Researcher,Telecom,Contract,22,1515559,42243,204138.0,44709.0,1099037.0,21980,0.174,655,5,47,0,80.0,8.0,50,7,4.84,0
48,Male,Master,Pune,Cyient DLM,DevOps Engineer,SaaS,Full-time,28,2026581,53013,25250.0,682.0,180109.0,3602,0.0213,728,0,53,1,21.0,3.0,50,24,5.0,0
52,Female,Master,Moradabad,Zensar Technologies,Senior Software Engineer,FinTech,Full-time,30,1938382,47470,129278.0,,0.0,0,0.0,664,4,63,3,44.0,18.0,0,5,4.84,1
34,Male,Bachelor,Salem,Nucleus Software,Product Manager,SaaS,Full-time,14,1160509,28331,40714.0,79681.0,54770.0,1095,0.0113,588,4,29,1,79.0,,0,4,3.34,0
25,Male,Bachelor,Kota,TCS,Data Analyst,Consulting,Full-time,1,276318,8098,190369.0,16407.0,0.0,0,0.0,576,4,1,2,0.0,0.0,100,3,3.32,0
44,Female,Diploma,Srinagar,Nielsen India,Data Scientist,FinTech,Remote,22,1434772,49534,22239.0,30304.0,85442.0,1708,0.0143,654,3,44,3,119.0,19.0,0,35,4.48,0
40,Male,PhD,Mangalore,IBM India,Senior Software Engineer,Telecom,Part-time,20,1565373,70431,46299.0,10453.0,789575.0,15791,0.1211,583,2,38,2,110.0,18.0,100,20,4.24,1
34,Male,Bachelor,Tiruchirappalli,Nielsen India,Network Engineer,HealthTech,Full-time,14,1038145,42869,17895.0,175986.0,1163177.0,23263,0.2689,681,2,30,2,39.0,3.0,50,38,3.68,0
35,Female,Bachelor,Tiruppur,Zensar Technologies,Software Engineer,Manufacturing,Hybrid,12,1060889,37977,12399.0,33529.0,,0,0.0,654,3,21,1,65.0,19.0,75,27,4.27,0
23,Male,Bachelor,Allahabad,WNS Global,Senior Software Engineer,Banking,Part-time,3,514267,19698,496485.0,68699.0,1800452.0,36009,0.8402,463,0,4,3,103.0,0.0,50,28,1.59,0
23,Male,Bachelor,Asansol,KPIT Technologies,Software Engineer,Telecom,Remote,2,211193,6269,9753.0,,,7513,0.4269,470,4,4,1,,0.0,100,37,1.61,0
47,Female,Bachelor,Kanpur,Nucleus Software,Security Analyst,Telecom,Remote,23,1743343,57200,20326.0,9693.0,1559091.0,31181,0.2146,615,1,50,2,,20.0,25,5,4.06,0
37,Male,Bachelor,Noida,Meesho,ML Engineer,FinTech,Full-time,13,1133066,41805,32684.0,38359.0,0.0,0,0.0,553,4,30,3,34.0,20.0,100,17,3.7,0
23,Female,PhD,Mysuru,Nihilent,Product Manager,Defense,Full-time,2,522688,16552,12241.0,11082.0,1105707.0,22114,0.5077,544,2,2,2,30.0,0.0,50,27,2.31,0
37,Male,Bachelor,Mysuru,Newgen Software,Technical Lead,Consulting,Contract,13,997273,39553,88629.0,9087.0,0.0,0,0.0,668,1,28,0,109.0,20.0,75,3,3.3,0
41,Female,Master,Jalgaon,Zoho,IT Consultant,Government,Full-time,19,1524156,67519,72430.0,,0.0,0,0.0,717,3,38,2,77.0,7.0,0,29,4.14,0
32,Male,Bachelor,Hubballi,BrowserStack,Test Automation Engineer,EdTech,Remote,12,902255,33375,466486.0,62172.0,0.0,0,0.0,678,4,21,2,104.0,2.0,100,16,3.78,0
56,Male,Diploma,Ahmedabad,Nielsen India,DevOps Engineer,HealthTech,Full-time,35,2214166,75327,57007.0,65496.0,1525682.0,30513,0.1654,776,3,68,2,51.0,5.0,50,16,4.7,0
24,Female,PhD,Ajmer,Capgemini India,ETL Developer,Telecom,Remote,3,591571,14614,13153.0,111843.0,0.0,0,0.0,454,2,3,1,32.0,0.0,50,6,2.57,0
53,Female,Master,Varanasi,Publicis Sapient,Project Manager,EdTech,Full-time,29,1912623,57423,353626.0,15113.0,1453909.0,29078,0.1824,772,6,63,1,38.0,19.0,100,10,4.44,0
22,Male,Bachelor,Bhubaneswar,Zoho,Scrum Master,FinTech,Full-time,0,241154,5903,38349.0,918.0,1799768.0,35995,1.7911,527,3,1,3,35.0,0.0,50,20,1.0,0
55,Male,Diploma,Aurangabad,Quick Heal,BI Developer,Consulting,Remote,31,1843340,46504,11305.0,216751.0,0.0,0,0.0,685,3,59,1,11.0,13.0,100,25,5.0,1
34,Male,Bachelor,Chennai,Xoriant,ETL Developer,Consulting,Part-time,11,828067,27956,8788.0,,1028908.0,20578,0.2982,556,3,23,0,45.0,15.0,100,27,3.04,0
54,Male,Diploma,Nagpur,Sonata Software,Senior Data Scientist,Startup,Remote,30,1782645,77050,109375.0,60089.0,681048.0,13620,0.0917,789,4,61,3,102.0,21.0,0,16,5.0,1
57,Male,Master,Pune,Swiggy,Frontend Developer,Defense,Contract,35,2299861,94557,42009.0,8558.0,688973.0,13779,0.0719,790,1,75,1,72.0,2.0,50,9,5.0,1
48,Female,Bachelor,Firozabad,Zensar Technologies,Database Administrator,Government,Full-time,28,1808162,64086,109721.0,6849.0,797192.0,15943,0.1058,648,1,61,2,96.0,13.0,0,4,4.09,0
39,Male,Diploma,Vijayawada,Robosoft,Security Analyst,EdTech,Contract,15,1082460,45819,16052.0,125625.0,0.0,0,0.0,656,2,34,2,20.0,7.0,75,30,3.94,0
54,Non-binary,Master,Gulbarga,Zoho,Scrum Master,SaaS,Full-time,30,1980492,48794,,12584.0,0.0,0,0.0,776,0,63,2,40.0,18.0,0,31,5.0,1
57,Non-binary,Bachelor,Cuttack,Unacademy,Network Engineer,E-commerce,Contract,35,2243885,84404,51839.0,22532.0,0.0,0,0.0,835,2,75,0,10.0,6.0,100,4,5.0,1
37,Male,Bachelor,Noida,Robosoft,Solutions Architect,HealthTech,Full-time,17,1044599,29664,833477.0,42693.0,,0,0.0,630,1,38,0,,22.0,100,27,4.35,0
36,Female,Master,Tiruppur,Freshworks,Product Manager,HealthTech,Full-time,16,1339053,54270,6908.0,9143.0,0.0,0,0.0,631,3,31,5,92.0,20.0,0,15,3.8,1
28,Female,Bachelor,Delhi,NIIT Technologies,Product Manager,Banking,Remote,8,781375,18829,66678.0,25193.0,1063922.0,21278,0.3268,618,1,15,2,62.0,21.0,75,24,3.09,0
35,Male,Diploma,Nanded,Freshworks,Test Automation Engineer,Startup,Full-time,15,1037014,41946,84101.0,73041.0,578342.0,11566,0.1338,683,2,32,1,12.0,15.0,75,20,3.53,0
30,Male,Bachelor,Malegaon,Wipro,Product Manager,Startup,Hybrid,7,717770,25197,22973.0,36751.0,1361668.0,27233,0.4553,484,0,16,4,48.0,,0,18,1.72,0
35,Male,Bachelor,Bhilai,KPIT Technologies,IT Consultant,Consulting,Full-time,15,1130515,40880,176601.0,,1568377.0,31367,0.3329,658,3,29,4,47.0,11.0,75,31,3.05,0
31,Female,High School,Howrah,Mphasis,System Architect,SaaS,Remote,7,577612,15139,34390.0,111982.0,1152958.0,23059,0.4791,630,4,14,1,80.0,0.0,75,22,2.07,0
35,Male,Bachelor,Amritsar,Intellect Design,System Architect,FinTech,Remote,14,1111073,26641,58601.0,51308.0,0.0,0,0.0,677,1,28,4,81.0,17.0,50,20,4.29,0
38,Female,Diploma,Jabalpur,Apexon,Database Administrator,FinTech,Full-time,15,1171062,33587,38827.0,4997.0,460835.0,9216,0.0944,631,3,28,1,79.0,11.0,0,5,3.47,0
52,Male,Master,Jabalpur,Nagarro India,Full Stack Developer,Startup,Hybrid,30,2071021,77815,69315.0,4146.0,1712174.0,34243,0.1984,783,3,58,3,,8.0,50,2,4.48,1
29,Male,Diploma,Bhopal,Nucleus Software,IT Consultant,HealthTech,Contract,6,632217,19703,96123.0,12375.0,1342080.0,26841,0.5095,618,3,12,2,79.0,0.0,0,4,3.34,0
32,Female,Master,Jalandhar,ThoughtWorks India,Technical Lead,FinTech,Full-time,9,858124,27958,350799.0,16433.0,1744759.0,34895,0.488,522,3,18,1,62.0,23.0,0,9,2.98,0
42,Male,High School,Bangalore,CleverTap,Senior Data Scientist,Defense,Full-time,20,1385669,61626,69053.0,5591.0,0.0,0,0.0,614,6,38,1,57.0,12.0,100,29,3.41,0
43,Female,Master,Udaipur,Net Solutions,VP Engineering,Government,Remote,19,1343083,45490,80602.0,4233.0,621073.0,12421,0.111,697,1,41,2,57.0,14.0,100,0,3.92,0
42,Female,Master,Guwahati,Cognizant,Backend Developer,FinTech,Full-time,18,1303069,40577,21504.0,15538.0,1914806.0,38296,0.3527,643,1,33,1,38.0,8.0,100,34,3.68,0
37,Female,Master,Coimbatore,Groww,Technical Lead,SaaS,Contract,17,1320996,33114,17246.0,10600.0,0.0,0,0.0,659,0,31,1,0.0,11.0,0,19,3.9,0
48,Male,PhD,Pune,Cognizant,Business Analyst,Telecom,Remote,28,1952802,88393,52956.0,11955.0,982666.0,19653,0.1208,695,0,60,1,61.0,11.0,0,6,4.29,1
52,Male,Master,Hubballi,Coda Global,Database Administrator,Consulting,Full-time,29,2040635,75589,67547.0,6776.0,747935.0,14958,0.088,730,3,59,2,45.0,20.0,75,35,4.29,0
44,Male,Diploma,Jodhpur,Razorpay,QA Engineer,SaaS,Full-time,22,1475974,58137,107261.0,13817.0,118205.0,2364,0.0192,683,1,48,7,94.0,10.0,100,30,4.13,0
46,Male,Bachelor,Aligarh,Newgen Software,Database Administrator,E-commerce,Full-time,24,1753530,49106,26748.0,11593.0,975521.0,19510,0.1335,640,1,48,3,39.0,4.0,0,35,4.04,0
41,Female,Bachelor,Delhi,Unacademy,IT Consultant,E-commerce,Full-time,21,1320815,32050,32950.0,12223.0,172694.0,3453,0.0314,614,2,47,1,46.0,8.0,50,8,4.45,0
46,Male,Master,Bhiwandi,Cyient DLM,Network Engineer,Defense,Contract,22,1477798,59980,136394.0,19673.0,0.0,0,0.0,650,3,46,4,18.0,2.0,0,35,3.85,0
34,Male,Bachelor,Jalgaon,Datavail Infotech,Mobile Developer,SaaS,Full-time,13,956889,39687,,57931.0,143382.0,2867,0.036,643,6,27,2,117.0,24.0,75,0,3.38,0
40,Non-binary,Bachelor,Mumbai,Net Solutions,ETL Developer,Consulting,Full-time,20,1463607,65354,55056.0,4146.0,1115754.0,22315,0.183,707,2,38,1,30.0,17.0,75,31,4.08,0
46,Male,Bachelor,Cuttack,KPIT Technologies,Scrum Master,Banking,Full-time,26,1695790,72224,63390.0,943.0,900707.0,18014,0.1275,654,3,52,0,108.0,14.0,50,34,3.8,0
39,Female,Bachelor,Hubballi,Coforge,Backend Developer,E-commerce,Contract,19,1451865,35965,8205.0,44011.0,0.0,0,0.0,642,3,39,3,52.0,4.0,100,32,4.18,0
51,Female,Master,Siliguri,Coforge,Senior Software Engineer,Telecom,Full-time,27,1934455,78626,85633.0,10092.0,0.0,0,0.0,643,6,51,4,69.0,4.0,0,3,4.56,1
27,Male,Bachelor,Pune,Quick Heal,Business Analyst,HealthTech,Remote,7,715379,18253,42657.0,21664.0,1733622.0,34672,0.5816,604,1,19,2,101.0,,0,27,2.41,0
34,Male,Diploma,Gurgaon,Swiggy,Cloud Architect,Government,Contract,10,659386,29248,354560.0,,0.0,0,0.0,580,4,25,0,84.0,11.0,50,34,2.97,0
44,Female,Bachelor,Meerut,Cyient DLM,Full Stack Developer,Telecom,Hybrid,20,1358580,54608,80716.0,4780.0,289344.0,5786,0.0511,636,2,38,2,36.0,9.0,75,31,4.14,1
39,Non-binary,Bachelor,Varanasi,Unacademy,Software Engineer,E-commerce,Contract,17,1140226,40196,7481.0,10467.0,1346911.0,26938,0.2835,592,6,38,0,114.0,8.0,25,35,3.51,0
56,Male,Master,Kolkata,Vedantu,Frontend Developer,Banking,Full-time,35,2278569,67050,245518.0,14561.0,0.0,0,0.0,714,2,74,0,49.0,16.0,0,16,5.0,1
52,Female,Bachelor,Bhilai,Razorpay,Database Administrator,E-commerce,Full-time,30,2036372,71556,7352.0,23730.0,1305988.0,26119,0.1539,692,4,61,1,4.0,4.0,50,14,4.36,0
31,Male,Diploma,Varanasi,Ola,Product Manager,Telecom,Full-time,9,779857,26345,88917.0,24978.0,1336523.0,26730,0.4113,630,4,16,3,115.0,4.0,50,12,3.34,0
36,Female,PhD,Ludhiana,Intellect Design,Frontend Developer,Telecom,Full-time,13,1149872,47359,48693.0,383020.0,0.0,0,0.0,600,4,31,3,45.0,2.0,0,18,3.37,0
38,Male,Diploma,Aligarh,Newgen Software,VP Engineering,Banking,Contract,17,1193596,29904,14914.0,20154.0,0.0,0,0.0,705,2,32,2,93.0,,50,8,4.83,1
33,Female,Master,Meerut,Persistent Systems,Lead Engineer,FinTech,Part-time,10,824661,20276,349946.0,57832.0,0.0,0,0.0,539,1,17,0,0.0,23.0,75,4,3.2,0
41,Female,Bachelor,Ahmedabad,CleverTap,Data Scientist,HealthTech,Full-time,17,1224627,29686,372485.0,,0.0,0,0.0,581,2,36,7,34.0,15.0,50,21,4.45,1
37,Female,Bachelor,Thiruvananthapuram,Capgemini India,VP Engineering,Banking,Remote,13,965882,27093,286178.0,112711.0,931130.0,18622,0.2314,681,3,29,3,2.0,4.0,0,36,3.82,0
43,Male,PhD,Bikaner,Cybage,VP Engineering,E-commerce,Hybrid,22,1547242,43145,129367.0,2724.0,1161982.0,23239,0.1802,712,4,42,4,89.0,,50,36,3.99,0
25,Female,Diploma,Udaipur,Tata Elxsi,Test Automation Engineer,Telecom,Full-time,1,225841,6716,20408.0,21405.0,469898.0,9397,0.4993,455,2,0,5,62.0,0.0,0,23,1.75,0
49,Female,Bachelor,Vadodara,Nagarro India,Scrum Master,Banking,Contract,29,1898795,62123,83375.0,22422.0,1290356.0,25807,0.1631,753,4,59,1,9.0,,0,19,5.0,1
47,Female,Diploma,Varanasi,eClerx,Technical Lead,Telecom,Full-time,23,1317241,54816,75279.0,38188.0,1672201.0,33444,0.3047,651,2,51,1,9.0,4.0,50,29,3.85,0
49,Male,Master,Jaipur,Nihilent,Principal Engineer,E-commerce,Hybrid,28,1813498,59729,41614.0,625.0,1915320.0,38306,0.2535,698,5,60,1,15.0,15.0,50,34,3.77,0
41,Female,Master,Nanded,Tata Elxsi,VP Engineering,E-commerce,Contract,17,1229906,34629,163552.0,29139.0,0.0,0,0.0,668,4,39,2,106.0,10.0,75,1,4.04,0
40,Male,Bachelor,Guntur,Zetwerk,Senior Software Engineer,Defense,Remote,19,1426261,60842,30231.0,30946.0,0.0,0,0.0,609,2,41,1,96.0,7.0,100,15,4.41,0
24,Female,Bachelor,Guwahati,Postman,Frontend Developer,FinTech,Hybrid,1,371466,16044,46154.0,27253.0,0.0,0,0.0,552,1,0,3,75.0,0.0,0,17,2.76,0
57,Male,PhD,Kota,GlobalLogic,Engineering Manager,FinTech,Remote,35,2538375,96591,7563.0,25497.0,1030357.0,20607,0.0974,854,2,68,0,31.0,24.0,25,15,4.63,1
27,Female,Master,Thiruvananthapuram,Capgemini India,QA Engineer,HealthTech,Contract,6,752457,32843,16204.0,,65844.0,1316,0.021,618,2,14,4,,0.0,75,12,3.05,0
26,Male,Master,Bhopal,Druva,Solutions Architect,Banking,Full-time,6,774547,21170,58021.0,15098.0,381114.0,7622,0.1181,484,4,14,2,72.0,0.0,75,34,3.09,0
52,Non-binary,Master,Bhiwandi,Persistent Systems,Technical Lead,Government,Remote,29,1932868,81183,58904.0,51378.0,1995469.0,39909,0.2478,748,2,57,1,94.0,10.0,75,30,4.51,0
42,Male,Diploma,Bikaner,Razorpay,QA Engineer,Telecom,Hybrid,22,1469799,52460,141977.0,10278.0,0.0,0,0.0,623,2,46,1,46.0,15.0,50,17,4.2,0
33,Male,Diploma,Madurai,TCS,Scrum Master,E-commerce,Contract,10,883400,22867,150498.0,39141.0,0.0,0,0.0,543,3,22,2,16.0,22.0,0,1,2.94,0
37,Female,PhD,Gorakhpur,Nielsen India,Technical Lead,Consulting,Full-time,13,1183007,32457,101851.0,3290.0,0.0,0,0.0,672,2,28,1,59.0,23.0,0,15,3.93,0
26,Male,Bachelor,Kolhapur,InMobi,Scrum Master,Government,Full-time,5,456088,17403,28533.0,121673.0,187622.0,3752,0.0987,582,2,10,1,56.0,0.0,0,6,3.3,0
53,Male,Bachelor,Nanded,eClerx,Mobile Developer,Manufacturing,Full-time,33,2086812,63671,127433.0,14617.0,0.0,0,0.0,689,0,69,2,118.0,14.0,75,22,5.0,1
28,Male,Bachelor,Bhavnagar,Byju s,Project Manager,SaaS,Full-time,5,442125,11145,12221.0,,1041680.0,20833,0.5654,567,4,10,0,,0.0,50,31,2.53,0
35,Male,Master,Patna,Cyient DLM,Principal Engineer,Government,Full-time,11,1004490,33286,85927.0,1017.0,327724.0,6554,0.0783,543,5,19,2,18.0,11.0,50,22,3.77,0
23,Male,Bachelor,Amritsar,Kellton Tech,Frontend Developer,Telecom,Full-time,1,404982,13423,34160.0,43087.0,1115040.0,22300,0.6608,448,3,3,2,75.0,0.0,50,25,1.89,0
31,Male,Bachelor,Vijayawada,Druva,BI Developer,Telecom,Full-time,9,901358,35390,294179.0,128597.0,0.0,0,0.0,551,3,15,1,38.0,17.0,25,16,3.92,0
36,Male,Bachelor,Kolhapur,EXL Service,Product Manager,Government,Full-time,16,1202738,29892,19138.0,45305.0,1870671.0,37413,0.3733,560,1,34,1,114.0,21.0,75,36,3.49,0
49,Female,PhD,Bhilai,Geometric,BI Developer,Government,Full-time,25,1872901,50472,37456.0,40095.0,921274.0,18425,0.1181,752,2,55,0,57.0,21.0,50,28,5.0,1
55,Male,Bachelor,Guntur,Razorpay,Backend Developer,E-commerce,Hybrid,35,2168126,71142,76922.0,34717.0,0.0,0,0.0,857,2,75,0,70.0,20.0,50,33,5.0,1
41,Male,Bachelor,Jaipur,Groww,Network Engineer,Consulting,Contract,21,1517377,52314,27121.0,39941.0,,0,0.0,623,3,39,0,,6.0,0,16,3.57,0
39,Male,Master,Srinagar,Apexon,Frontend Developer,HealthTech,Full-time,15,1256579,29710,43270.0,53365.0,1746598.0,34931,0.3336,656,5,28,0,54.0,12.0,25,31,3.46,0
52,Male,PhD,Loni,Robosoft,Solutions Architect,Banking,Full-time,32,2028485,61816,120091.0,1256.0,1139864.0,22797,0.1349,721,1,63,3,2.0,3.0,75,27,4.3,1
41,Male,Bachelor,Howrah,Zetwerk,QA Engineer,Telecom,Contract,17,1391665,43327,,7764.0,1852022.0,37040,0.3194,706,2,35,2,38.0,22.0,0,39,3.53,0
42,Male,Bachelor,Lucknow,Chargebee,Mobile Developer,SaaS,Hybrid,21,1651614,64868,83946.0,45108.0,0.0,0,0.0,734,1,44,0,27.0,19.0,50,38,3.93,0
32,Male,Bachelor,Agra,Zoho,Product Manager,E-commerce,Full-time,10,921850,26392,32577.0,29983.0,0.0,0,0.0,555,1,20,3,20.0,19.0,0,30,4.01,0
33,Male,Bachelor,Dehradun,BrowserStack,ETL Developer,EdTech,Full-time,10,800816,36253,54957.0,145384.0,79737.0,1594,0.0239,517,2,20,2,54.0,11.0,0,5,3.51,0
30,Female,Master,Coimbatore,Subex,Data Scientist,Consulting,Full-time,8,935033,38212,32449.0,3574.0,568546.0,11370,0.1459,640,1,18,1,61.0,12.0,50,38,2.94,0
25,Non-binary,Master,Meerut,Datavail Infotech,Backend Developer,Defense,Full-time,5,774577,20238,,11146.0,616733.0,12334,0.1911,543,3,7,1,101.0,0.0,50,18,3.51,0
53,Male,Master,Bhubaneswar,Freshworks,Product Manager,SaaS,Full-time,33,2288100,83243,546225.0,137072.0,1679574.0,33591,0.1762,770,1,64,2,110.0,21.0,100,23,4.74,1
56,Female,Bachelor,Firozabad,Sasken,IT Consultant,Startup,Full-time,33,2143609,83022,36728.0,35912.0,1388005.0,27760,0.1554,752,3,64,2,33.0,18.0,100,26,5.0,1
34,Female,Master,Hubballi,Zomato,Director of Engineering,Startup,Contract,12,1049733,36755,9087.0,1772.0,1516315.0,30326,0.3467,668,5,25,1,14.0,7.0,100,1,3.47,0
39,Male,Master,Dehradun,Accenture India,Test Automation Engineer,Government,Full-time,16,1219676,34260,106378.0,266504.0,743769.0,14875,0.1464,562,3,31,4,79.0,4.0,0,13,2.95,0
46,Male,Diploma,Cuttack,Quick Heal,ETL Developer,Banking,Full-time,24,1499645,51049,73027.0,49400.0,880430.0,17608,0.1409,676,4,46,2,107.0,,25,18,3.88,0
31,Female,Bachelor,Jamshedpur,Net Solutions,Cloud Architect,EdTech,Full-time,11,985754,36320,90357.0,370074.0,207783.0,4155,0.0506,668,2,20,1,76.0,11.0,50,12,3.79,0
32,Male,Diploma,Cuttack,Intellect Design,Network Engineer,Startup,Full-time,9,893151,25725,26118.0,4876.0,0.0,0,0.0,574,2,17,1,,23.0,75,30,3.48,0
48,Female,Bachelor,Lucknow,TCS,Test Automation Engineer,SaaS,Full-time,25,1726044,49273,51874.0,57063.0,1733679.0,34673,0.2411,644,1,49,1,64.0,15.0,50,32,3.93,0
25,Male,PhD,Ludhiana,Zoho,Data Scientist,Defense,Full-time,3,604424,24302,111392.0,18123.0,1428703.0,28574,0.5673,485,0,4,1,50.0,0.0,100,29,1.66,0
26,Male,Master,Nanded,Ola,ETL Developer,HealthTech,Full-time,4,540956,14958,,19291.0,0.0,0,0.0,583,4,6,2,88.0,0.0,25,25,3.04,0
43,Female,High School,Jaipur,Zetwerk,ETL Developer,EdTech,Full-time,22,1456282,41005,14124.0,27055.0,413696.0,8273,0.0682,636,6,46,1,57.0,22.0,100,6,3.3,0
51,Male,Bachelor,Srinagar,Uniphore,Data Scientist,FinTech,Full-time,28,1962653,63826,21552.0,250052.0,1512412.0,30248,0.1849,758,2,60,1,74.0,18.0,100,8,4.26,0
52,Female,Bachelor,Cuttack,Syntel India,Backend Developer,Consulting,Remote,32,2068706,54980,27059.0,15231.0,0.0,0,0.0,800,4,65,2,6.0,16.0,50,9,4.48,1
38,Male,Bachelor,Nellore,CRED,IT Consultant,E-commerce,Contract,17,1150011,44357,103973.0,1586.0,1116809.0,22336,0.2331,717,0,39,0,117.0,,75,10,3.92,0
43,Female,Bachelor,Bareilly,Persistent Systems,QA Engineer,Startup,Full-time,22,1609782,54038,79835.0,,809501.0,16190,0.1207,649,5,48,3,61.0,3.0,25,18,3.9,0
34,Female,Master,Hubballi,Mphasis,Data Scientist,E-commerce,Contract,10,954514,37888,15875.0,29280.0,696314.0,13926,0.1751,583,1,19,0,39.0,2.0,100,30,3.06,0
51,Male,Bachelor,Amravati,Cybage,Scrum Master,Startup,Hybrid,29,1953434,69384,349625.0,5187.0,1971371.0,39427,0.2422,744,3,58,5,118.0,12.0,100,20,4.48,0
37,Male,Bachelor,Aligarh,Mindtree,Frontend Developer,Startup,Remote,17,1116137,29930,25593.0,344635.0,0.0,0,0.0,661,0,31,3,90.0,8.0,100,15,3.79,0
53,Male,Bachelor,Tiruppur,Nucleus Software,Database Administrator,Defense,Full-time,31,1946962,58058,59822.0,6003.0,1620166.0,32403,0.1997,738,3,66,0,26.0,5.0,50,2,5.0,1
40,Male,Master,Bhavnagar,Nucleus Software,DevOps Engineer,Startup,Contract,17,1143685,38230,26056.0,46188.0,428351.0,8567,0.0899,692,1,37,1,114.0,23.0,0,0,4.52,1
44,Male,Master,Hyderabad,Capgemini India,AI Researcher,E-commerce,Full-time,20,1383374,43049,49445.0,139063.0,0.0,0,0.0,716,1,42,4,6.0,11.0,0,24,3.97,0
23,Female,Master,Bhopal,KPIT Technologies,Backend Developer,Defense,Full-time,3,387205,12061,65403.0,49305.0,1134764.0,22695,0.7033,481,1,8,1,32.0,0.0,100,29,1.79,0
57,Male,Master,Solapur,Nihilent,Principal Engineer,FinTech,Full-time,35,2414878,88243,12133.0,42119.0,,31792,0.158,827,4,70,1,23.0,23.0,0,16,5.0,1
41,Female,Master,Vijayawada,Nagarro India,Senior Data Scientist,HealthTech,Full-time,18,1372648,36074,335973.0,5423.0,0.0,0,0.0,608,2,38,1,60.0,8.0,0,3,3.89,0
22,Male,Master,Bareilly,Nielsen India,Security Analyst,SaaS,Remote,2,429132,17395,212272.0,72557.0,0.0,0,0.0,457,1,4,2,89.0,0.0,75,14,2.53,0
24,Female,Bachelor,Mysuru,Capgemini India,Lead Engineer,Manufacturing,Full-time,2,516229,18024,373486.0,,,0,0.0,466,5,3,0,45.0,,25,21,3.04,0
39,Male,Bachelor,Salem,Meesho,Mobile Developer,Manufacturing,Remote,19,1236098,44633,80995.0,48330.0,771005.0,15420,0.1497,615,4,41,0,44.0,19.0,0,12,3.47,0
36,Male,Master,Chandigarh,Srijan Technologies,Full Stack Developer,Telecom,Hybrid,12,1004049,25502,4923.0,917242.0,859318.0,17186,0.2054,643,0,21,0,60.0,9.0,50,7,3.26,0
34,Male,Bachelor,Howrah,Apexon,Technical Lead,Defense,Hybrid,12,917127,22069,11249.0,4051.0,985975.0,19719,0.258,544,3,22,2,58.0,18.0,0,19,3.43,0
45,Male,Master,Nashik,Cyient,Business Analyst,Banking,Full-time,23,1638366,48052,47028.0,20062.0,1658281.0,33165,0.2429,658,1,49,0,43.0,20.0,75,11,3.89,0
32,Male,High School,Jamshedpur,Birlasoft,Cloud Architect,Banking,Remote,9,590480,14303,482523.0,17415.0,0.0,0,0.0,568,2,18,1,,,0,39,3.34,0
40,Female,Master,Patna,Cognizant,ML Engineer,Manufacturing,Full-time,18,1413912,62278,78014.0,17008.0,766121.0,15322,0.13,607,4,41,4,102.0,20.0,50,2,3.92,0
41,Male,Master,Mysuru,KPIT Technologies,ML Engineer,Manufacturing,Full-time,19,1394107,53909,42765.0,52618.0,0.0,0,0.0,682,1,40,2,94.0,20.0,100,17,4.14,0
56,Male,Master,Kanpur,Coforge,Test Automation Engineer,Banking,Full-time,35,2346385,69186,22580.0,159942.0,1236618.0,24732,0.1265,795,2,72,2,113.0,18.0,25,1,5.0,1
55,Male,Master,Ujjain,Byju s,Technical Lead,Telecom,Full-time,33,2102672,78070,38987.0,39735.0,1973679.0,39473,0.2253,724,1,63,1,63.0,,25,23,5.0,1
35,Female,Bachelor,Jalandhar,Zensar Technologies,Full Stack Developer,Consulting,Full-time,12,880796,24079,10149.0,27550.0,1568201.0,31364,0.4273,555,2,22,0,99.0,18.0,25,9,2.64,0
26,Female,PhD,Indore,Zoho,Senior Software Engineer,FinTech,Remote,5,737590,21256,105180.0,80391.0,1917944.0,38358,0.6241,582,5,11,1,111.0,0.0,25,32,1.68,0
32,Female,Bachelor,Aurangabad,Accenture India,Mobile Developer,FinTech,Remote,12,822411,20668,307517.0,49307.0,1078704.0,21574,0.3148,552,2,25,1,34.0,24.0,75,17,2.15,0
25,Female,Bachelor,Chennai,Sonata Software,Scrum Master,Startup,Part-time,3,415273,18135,7256.0,,0.0,0,0.0,554,2,11,1,118.0,0.0,0,5,2.9,0
49,Male,Master,Jalandhar,CRED,Business Analyst,Defense,Hybrid,25,1685946,42126,122503.0,12504.0,1763934.0,35278,0.2511,637,1,50,2,114.0,8.0,100,32,3.98,0
49,Female,Diploma,Loni,Zomato,Principal Engineer,Banking,Full-time,27,1724118,52739,35203.0,2263.0,0.0,0,0.0,650,2,54,1,109.0,10.0,25,15,4.94,1
54,Female,Bachelor,Jamnagar,KPIT Technologies,Database Administrator,EdTech,Hybrid,34,2076457,71080,315976.0,5657.0,1574909.0,31498,0.182,708,2,70,1,32.0,7.0,50,14,4.96,0
43,Female,Master,Dhanbad,Zerodha,AI Researcher,Manufacturing,Contract,22,1598990,54350,44367.0,7113.0,517649.0,10352,0.0777,752,4,46,3,95.0,16.0,25,30,4.83,1
53,Female,Bachelor,Vadodara,Birlasoft,Cloud Architect,HealthTech,Remote,31,2072543,55998,154270.0,10148.0,0.0,0,0.0,814,4,61,2,66.0,12.0,50,19,5.0,1
37,Male,Master,Kalyan,Mastek,Lead Engineer,EdTech,Full-time,14,1208222,50128,64492.0,20174.0,701708.0,14034,0.1394,609,0,29,2,40.0,11.0,25,6,3.44,0
22,Male,Master,Patna,Publicis Sapient,Solutions Architect,SaaS,Contract,2,472052,12047,202755.0,22436.0,0.0,0,0.0,481,1,4,0,52.0,0.0,25,7,2.54,0
36,Male,Master,Bareilly,Subex,Full Stack Developer,SaaS,Hybrid,16,1263721,34112,144865.0,131169.0,1100160.0,22003,0.2089,676,5,33,2,72.0,,100,6,3.27,0
34,Male,Master,Kanpur,NIIT Technologies,Lead Engineer,HealthTech,Hybrid,10,973185,27135,371649.0,105299.0,672602.0,13452,0.1659,536,4,24,0,10.0,,75,25,3.92,0
40,Male,Diploma,Ranchi,Vedantu,Network Engineer,SaaS,Hybrid,19,1286057,49036,38776.0,7629.0,1990329.0,39806,0.3714,608,1,36,5,81.0,15.0,100,1,4.16,0
46,Male,PhD,Cuttack,Robosoft,DevOps Engineer,Consulting,Full-time,22,1683659,69379,15285.0,,0.0,0,0.0,653,1,46,0,13.0,13.0,50,16,3.64,0
56,Non-binary,Bachelor,Guwahati,Syntel India,Test Automation Engineer,Banking,Part-time,32,2021000,63169,,183441.0,51907.0,1038,0.0062,826,2,64,1,23.0,23.0,50,6,4.94,1
40,Female,Master,Bhopal,Nucleus Software,Cloud Architect,Telecom,Remote,19,1494344,64784,157613.0,23308.0,815626.0,16312,0.131,589,2,43,1,27.0,8.0,0,25,3.25,0
49,Non-binary,Bachelor,Bhubaneswar,Ola,AI Researcher,E-commerce,Full-time,25,1677444,63339,61041.0,3813.0,0.0,0,0.0,709,1,50,3,56.0,2.0,50,36,4.24,0
43,Male,Bachelor,Madurai,Quick Heal,Senior Software Engineer,Telecom,Full-time,23,1612073,41360,62536.0,2777.0,1159875.0,23197,0.1727,713,3,44,2,4.0,10.0,100,24,4.25,0
52,Female,Bachelor,Bhavnagar,Ola,BI Developer,Government,Contract,28,1882716,85440,29485.0,,0.0,0,0.0,702,1,58,3,31.0,19.0,50,33,4.83,1
25,Female,Bachelor,Vadodara,Birlasoft,Principal Engineer,EdTech,Remote,5,703316,25071,67244.0,9978.0,0.0,0,0.0,475,1,7,2,74.0,0.0,100,33,2.58,0
56,Female,Bachelor,Mumbai,Datamatics,Test Automation Engineer,SaaS,Full-time,33,2053629,78738,18593.0,10550.0,0.0,0,0.0,820,2,71,1,12.0,19.0,75,33,4.87,1
26,Female,Bachelor,Gurgaon,Groww,BI Developer,EdTech,Full-time,4,561284,23436,,1094160.0,0.0,0,0.0,490,4,7,3,103.0,0.0,50,15,3.4,0
31,Female,Bachelor,Guwahati,Zensar Technologies,Security Analyst,EdTech,Full-time,11,902079,35848,120949.0,240397.0,753779.0,15075,0.2005,598,3,23,0,11.0,16.0,25,6,3.1,0
27,Female,Master,Malegaon,Net Solutions,Senior Data Scientist,Startup,Full-time,3,515958,16321,191135.0,110316.0,1540457.0,30809,0.7165,467,1,4,1,64.0,0.0,75,20,1.88,0
39,Male,Bachelor,Ranchi,NIIT Technologies,Project Manager,EdTech,Full-time,16,1174379,53736,123247.0,249263.0,1025396.0,20507,0.2095,598,1,31,4,98.0,20.0,100,25,3.11,0
36,Female,Master,Bhiwandi,BrowserStack,Principal Engineer,Consulting,Full-time,14,1064772,37763,6239.0,6951.0,1410965.0,28219,0.318,657,3,27,1,64.0,21.0,75,13,3.51,0
55,Female,Master,Gurgaon,Datavail Infotech,ETL Developer,HealthTech,Full-time,34,2128307,92183,25220.0,,696211.0,13924,0.0785,817,5,67,1,32.0,20.0,75,16,5.0,1
57,Female,PhD,Salem,Happiest Minds,Solutions Architect,FinTech,Contract,35,2403901,92987,38338.0,188239.0,1835423.0,36708,0.1832,803,5,67,2,34.0,12.0,50,24,5.0,1
50,Female,Master,Bhavnagar,Accenture India,Solutions Architect,Government,Remote,28,1876948,65213,,14141.0,1335582.0,26711,0.1708,716,1,56,0,25.0,14.0,75,25,5.0,1
29,Female,Bachelor,Asansol,Freshworks,Frontend Developer,Manufacturing,Full-time,5,502075,15250,426968.0,28718.0,941943.0,18838,0.4502,581,1,9,2,106.0,0.0,0,28,2.64,0
31,Male,Bachelor,Dehradun,Tata Elxsi,Software Engineer,Manufacturing,Full-time,10,946831,23687,7803.0,8141.0,488645.0,9772,0.1238,612,4,22,1,65.0,10.0,75,8,3.39,0
38,Male,Master,Nagpur,CRED,System Architect,Government,Contract,14,1092878,37365,580763.0,10634.0,0.0,0,0.0,558,2,30,1,95.0,20.0,0,21,3.9,0
40,Male,PhD,Mumbai,Tech Mahindra,Test Automation Engineer,HealthTech,Full-time,16,1362782,47671,84880.0,29429.0,0.0,0,0.0,602,3,32,1,66.0,7.0,0,6,3.8,0
43,Female,High School,Bhiwandi,IBM India,Business Analyst,FinTech,Part-time,21,1279389,56795,125003.0,5310.0,1669531.0,33390,0.3132,625,2,40,1,13.0,2.0,0,7,3.63,0
50,Female,Master,Pune,Datavail Infotech,Data Analyst,E-commerce,Full-time,27,1866827,69339,145292.0,,592056.0,11841,0.0761,768,2,59,4,80.0,14.0,25,31,4.71,1
54,Female,Diploma,Amritsar,Coforge,Database Administrator,Defense,Full-time,33,2055511,74189,5486.0,40234.0,1417302.0,28346,0.1655,690,4,68,2,64.0,12.0,25,8,4.99,1
45,Female,Bachelor,Mysuru,Publicis Sapient,DevOps Engineer,Telecom,Remote,21,1341458,57699,289134.0,19278.0,306413.0,6128,0.0548,611,2,41,0,32.0,12.0,100,21,4.24,1
42,Male,Bachelor,Firozabad,Groww,Principal Engineer,Defense,Contract,20,1448326,65745,63841.0,13964.0,1305964.0,26119,0.2164,694,2,41,1,15.0,13.0,25,15,3.98,0
49,Male,Bachelor,Nagpur,BrowserStack,Project Manager,E-commerce,Full-time,29,1828228,51644,54506.0,25558.0,0.0,0,0.0,791,1,59,2,52.0,7.0,25,3,4.98,0
37,Female,Master,Howrah,Unacademy,Principal Engineer,EdTech,Hybrid,16,1156801,28873,15286.0,7282.0,0.0,0,0.0,681,2,29,2,28.0,19.0,0,21,4.08,0
42,Male,Bachelor,Raipur,Trigent,Solutions Architect,Telecom,Full-time,19,1186622,29273,15750.0,71106.0,134661.0,2693,0.0272,698,1,35,3,36.0,7.0,0,14,4.66,1
28,Female,Bachelor,Udaipur,Groww,Security Analyst,SaaS,Full-time,5,505688,20704,65782.0,14468.0,1688988.0,33779,0.8016,584,2,11,2,40.0,0.0,75,37,1.26,0
27,Male,Bachelor,Nanded,Geometric,Principal Engineer,Telecom,Hybrid,5,576692,18953,47262.0,298990.0,1212772.0,24255,0.5047,479,4,15,4,14.0,0.0,0,28,2.08,0
34,Female,Bachelor,Asansol,IBM India,ETL Developer,HealthTech,Full-time,12,981249,39513,9266.0,,1588875.0,31777,0.3886,656,2,29,3,108.0,8.0,50,30,3.0,0
53,Non-binary,Bachelor,Mysuru,Tech Mahindra,VP Engineering,HealthTech,Hybrid,29,1805483,77094,460908.0,172117.0,0.0,0,0.0,702,3,57,4,119.0,8.0,100,37,5.0,0
25,Female,Bachelor,Bhubaneswar,Quick Heal,Full Stack Developer,HealthTech,Full-time,5,531892,19584,69418.0,70647.0,1629824.0,32596,0.7354,461,1,12,0,10.0,0.0,0,38,1.4,0
55,Female,High School,Pune,Meesho,Security Analyst,Telecom,Remote,35,2217690,88552,25673.0,13419.0,257582.0,5151,0.0279,714,5,71,3,49.0,23.0,75,36,4.62,0
35,Female,Bachelor,Kalyan,Newgen Software,Backend Developer,SaaS,Contract,15,1101702,29325,62967.0,33878.0,0.0,0,0.0,625,3,35,2,111.0,15.0,75,19,3.37,0
44,Male,Master,Jamnagar,Meesho,Backend Developer,FinTech,Hybrid,24,1848932,48971,115766.0,12117.0,623022.0,12460,0.0809,720,2,45,1,12.0,18.0,100,2,4.77,1
47,Male,PhD,Patna,Ola,ETL Developer,Manufacturing,Full-time,27,1930371,72753,10635.0,39898.0,435372.0,8707,0.0541,795,5,55,0,92.0,12.0,75,35,5.0,1
55,Female,Bachelor,Jhansi,GlobalLogic,AI Researcher,Banking,Full-time,31,1981869,54933,192183.0,59154.0,298620.0,5972,0.0362,734,3,64,1,,,0,13,5.0,1
36,Female,PhD,Hubballi,Tech Mahindra,Mobile Developer,HealthTech,Full-time,13,1254679,49411,32338.0,38515.0,,38954,0.3726,574,0,25,0,73.0,8.0,75,15,3.82,0
54,Male,Diploma,Pune,Vedantu,BI Developer,Telecom,Hybrid,32,2055638,84677,49961.0,,0.0,0,0.0,801,3,69,5,96.0,,50,33,5.0,1
49,Female,Master,Coimbatore,L&T Infotech,Test Automation Engineer,Telecom,Contract,26,1795971,65704,70208.0,,122444.0,2448,0.0164,646,2,50,1,93.0,7.0,50,13,4.42,0
23,Female,PhD,Bareilly,Hexaware,Network Engineer,Government,Full-time,1,564746,17419,48177.0,42078.0,0.0,0,0.0,543,0,5,0,60.0,0.0,0,14,3.22,0
46,Male,Bachelor,Salem,Unacademy,BI Developer,Government,Full-time,26,1690639,74376,13987.0,2793.0,381716.0,7634,0.0542,651,5,53,0,86.0,,100,2,4.71,1
40,Female,Bachelor,Noida,Firstsource,Engineering Manager,Startup,Remote,18,1295717,36967,189718.0,6062.0,445612.0,8912,0.0825,693,4,41,0,7.0,18.0,25,27,3.46,0
43,Male,Master,Gurgaon,Robosoft,ML Engineer,Consulting,Full-time,20,1355014,54066,191831.0,104776.0,0.0,0,0.0,696,2,39,2,34.0,11.0,25,4,4.59,0
32,Female,Bachelor,Ludhiana,Firstsource,QA Engineer,Government,Full-time,12,880621,29294,34462.0,29229.0,0.0,0,0.0,518,3,29,1,68.0,20.0,0,24,2.79,0
27,Female,High School,Salem,Zomato,Director of Engineering,Banking,Contract,4,427763,14204,4527.0,71478.0,1025287.0,20505,0.5752,456,2,5,0,105.0,0.0,100,16,1.81,0
48,Male,High School,Gulbarga,Cyient DLM,BI Developer,Banking,Full-time,25,1640332,48371,18498.0,25100.0,0.0,0,0.0,682,3,51,0,16.0,7.0,100,30,4.96,0
29,Male,Master,Aligarh,Cognizant,Solutions Architect,Telecom,Remote,9,950785,41745,135352.0,15529.0,780886.0,15617,0.1971,539,2,20,2,113.0,13.0,75,21,3.45,0
53,Female,Diploma,Durgapur,Srijan Technologies,Frontend Developer,E-commerce,Remote,30,1996390,49902,44357.0,22390.0,0.0,0,0.0,697,2,65,1,80.0,15.0,100,20,4.99,1
52,Female,PhD,Jaipur,Accenture India,IT Consultant,Government,Full-time,31,2151549,77797,664115.0,12632.0,0.0,0,0.0,816,1,65,3,65.0,5.0,0,9,5.0,1
34,Male,PhD,Salem,Wipro,AI Researcher,Defense,Hybrid,10,966927,34170,563698.0,17392.0,1725591.0,34511,0.4283,575,4,19,3,62.0,21.0,50,17,3.6,0
51,Female,Diploma,Raipur,Unacademy,Engineering Manager,Banking,Hybrid,28,1831189,60712,27995.0,102711.0,0.0,0,0.0,754,4,59,0,116.0,3.0,0,13,5.0,1
56,Female,Master,Nashik,Persistent Systems,Test Automation Engineer,Defense,Remote,34,2355384,72525,13062.0,28030.0,0.0,0,0.0,714,2,70,1,105.0,17.0,75,19,4.85,1
34,Female,Bachelor,Jabalpur,Sasken,Technical Lead,HealthTech,Full-time,13,1051227,38149,59117.0,75243.0,1214714.0,24294,0.2773,623,2,30,1,98.0,2.0,50,34,3.0,0
24,Female,Master,Guwahati,Razorpay,Mobile Developer,E-commerce,Full-time,2,317644,8109,275071.0,,0.0,0,0.0,575,5,2,3,104.0,0.0,50,28,3.57,0
57,Female,Bachelor,Mumbai,Xoriant,Scrum Master,Manufacturing,Remote,33,2109682,84191,138790.0,60419.0,0.0,0,0.0,697,6,69,1,6.0,16.0,0,3,4.23,0
31,Female,Master,Ludhiana,Sonata Software,Software Engineer,SaaS,Remote,11,895927,29765,165746.0,,0.0,0,0.0,579,2,24,1,44.0,2.0,50,11,3.59,0
48,Non-binary,Diploma,Nanded,Subex,Director of Engineering,SaaS,Contract,27,1723280,63432,50492.0,26340.0,1729205.0,34584,0.2408,637,1,59,1,12.0,20.0,100,13,3.99,0
43,Female,Bachelor,Mysuru,EXL Service,Solutions Architect,Defense,Contract,20,1446151,54301,62492.0,37191.0,1238507.0,24770,0.2055,721,0,39,4,73.0,12.0,0,29,4.3,0
27,Female,Bachelor,Solapur,Accenture India,Data Scientist,EdTech,Contract,5,594288,21813,75883.0,61837.0,1508780.0,30175,0.6093,587,1,7,1,69.0,0.0,25,36,2.0,0
45,Female,Bachelor,Kota,Capgemini India,Director of Engineering,EdTech,Full-time,25,1604649,38402,198282.0,26631.0,226294.0,4525,0.0338,693,4,51,4,,15.0,100,26,4.72,1
23,Male,Bachelor,Gwalior,Freshworks,Backend Developer,Telecom,Hybrid,3,357587,15589,32506.0,10446.0,0.0,0,0.0,591,4,5,1,1.0,0.0,0,23,3.39,0
39,Female,Bachelor,Tiruchirappalli,Quick Heal,VP Engineering,E-commerce,Full-time,19,1279208,31712,5562.0,13432.0,0.0,0,0.0,623,1,40,1,106.0,23.0,50,16,3.52,0
49,Female,Bachelor,Vadodara,CRED,Mobile Developer,EdTech,Part-time,25,1716310,63758,19049.0,11049.0,0.0,0,0.0,643,2,51,3,0.0,5.0,75,32,4.2,0
43,Female,Diploma,Gorakhpur,Geometric,Network Engineer,E-commerce,Full-time,23,1408569,47173,12906.0,379244.0,1139686.0,22793,0.1942,646,3,50,3,42.0,5.0,75,5,4.2,0
22,Female,Diploma,Varanasi,Happiest Minds,DevOps Engineer,Consulting,Full-time,2,216696,8205,34818.0,2727.0,1443600.0,28872,1.5988,575,1,1,2,0.0,0.0,50,16,1.41,0
40,Male,Bachelor,Ludhiana,Coda Global,Security Analyst,Banking,Remote,19,1352900,33192,2252.0,68773.0,711027.0,14220,0.1261,607,3,40,2,52.0,18.0,75,5,3.27,0
27,Male,Bachelor,Jamshedpur,Newgen Software,Product Manager,Government,Full-time,3,627865,15743,219043.0,12684.0,1872507.0,37450,0.7158,581,2,7,1,85.0,0.0,0,14,1.4,0
44,Female,Master,Navi Mumbai,Quick Heal,Principal Engineer,Government,Hybrid,20,1583791,66286,32677.0,30779.0,0.0,0,0.0,640,2,40,2,85.0,18.0,100,30,4.21,0
56,Female,Master,Gulbarga,Subex,Cloud Architect,EdTech,Remote,32,2167934,96265,12742.0,47341.0,1087366.0,21747,0.1204,790,0,63,2,87.0,11.0,25,1,4.6,1
51,Male,Bachelor,Kochi,Net Solutions,Project Manager,HealthTech,Full-time,31,1983270,77170,70129.0,96712.0,356112.0,7122,0.0431,736,3,64,1,36.0,2.0,100,34,5.0,1
28,Female,Bachelor,Kolhapur,IBM India,Database Administrator,E-commerce,Full-time,5,697410,16935,38246.0,21357.0,862735.0,17254,0.2969,538,4,14,4,42.0,0.0,100,9,2.08,0
53,Female,Master,Hyderabad,EXL Service,ML Engineer,Startup,Remote,29,2035683,56186,67678.0,44825.0,362758.0,7255,0.0428,653,3,61,1,57.0,22.0,50,36,3.92,0
55,Male,PhD,Saharanpur,NIIT Technologies,VP Engineering,Consulting,Remote,32,2163104,58250,79275.0,7591.0,1665584.0,33311,0.1848,736,2,62,3,74.0,14.0,25,39,4.29,0
40,Female,Bachelor,Bangalore,L&T Infotech,Mobile Developer,Banking,Full-time,17,1101155,37442,13454.0,76690.0,1705705.0,34114,0.3718,709,2,37,1,41.0,4.0,0,29,3.56,0
45,Male,Master,Guwahati,Razorpay,Product Manager,HealthTech,Full-time,25,1590825,55156,16749.0,95490.0,0.0,0,0.0,750,2,53,2,33.0,,50,23,5.0,1
27,Female,Master,Lucknow,Unacademy,Business Analyst,Telecom,Hybrid,5,601622,24274,70061.0,8158.0,1698903.0,33978,0.6777,617,4,11,4,55.0,0.0,50,4,2.22,0
38,Male,Bachelor,Jabalpur,Tata Elxsi,ML Engineer,HealthTech,Full-time,14,1109598,40738,367441.0,2159.0,1488367.0,29767,0.3219,653,3,28,1,106.0,12.0,50,7,3.15,0
41,Female,Bachelor,Tiruchirappalli,Sasken,BI Developer,HealthTech,Full-time,18,1135191,27930,121552.0,4451.0,712753.0,14255,0.1507,658,0,40,1,95.0,6.0,100,12,3.45,0
37,Male,Master,Nellore,Kellton Tech,Frontend Developer,HealthTech,Part-time,16,1258774,37680,39476.0,32106.0,857908.0,17158,0.1636,594,2,29,0,57.0,22.0,50,35,3.57,0
57,Male,Master,Bhilai,Nihilent,System Architect,Government,Full-time,33,2238122,69744,60301.0,9692.0,204118.0,4082,0.0219,757,1,71,3,71.0,2.0,50,4,4.74,1
37,Female,Bachelor,Kolhapur,Freshworks,Lead Engineer,FinTech,Contract,16,1234765,43629,46525.0,398037.0,122201.0,2444,0.0238,601,3,35,0,20.0,13.0,0,19,3.51,0
57,Male,Master,Indore,Capgemini India,Principal Engineer,E-commerce,Full-time,35,2392788,97579,48199.0,1952.0,837052.0,16741,0.084,711,2,71,1,82.0,23.0,0,18,5.0,1
49,Male,Bachelor,Vijayawada,Nihilent,ETL Developer,SaaS,Contract,26,1663271,44897,,10108.0,1579888.0,31597,0.228,757,2,55,3,100.0,6.0,50,36,4.12,0
49,Female,Bachelor,Mysuru,Mphasis,Backend Developer,FinTech,Remote,26,1789775,69361,256508.0,30415.0,0.0,0,0.0,762,2,50,4,112.0,23.0,0,14,5.0,1
22,Female,Bachelor,Firozabad,Coforge,AI Researcher,EdTech,Contract,2,299071,7283,52379.0,194535.0,1764434.0,35288,1.4159,491,4,1,2,105.0,0.0,0,32,1.0,0
25,Female,Bachelor,Bhavnagar,Mphasis,Senior Data Scientist,Telecom,Full-time,4,578903,23957,37030.0,14407.0,622485.0,12449,0.2581,478,5,11,2,116.0,0.0,50,29,2.55,0
37,Female,Master,Thiruvananthapuram,Quick Heal,QA Engineer,SaaS,Full-time,15,1222037,50156,51775.0,12253.0,0.0,0,0.0,638,3,27,3,98.0,14.0,0,39,4.11,0
22,Female,Bachelor,Jhansi,Tech Mahindra,ML Engineer,Telecom,Full-time,1,498205,17081,55039.0,42235.0,0.0,0,0.0,506,3,2,0,35.0,0.0,0,21,3.03,0
29,Female,Master,Nanded,Syntel India,ML Engineer,Telecom,Hybrid,6,763430,25290,91548.0,104610.0,0.0,0,0.0,572,2,9,3,9.0,0.0,0,10,3.09,0
38,Male,PhD,Bangalore,Byju s,Engineering Manager,Startup,Full-time,17,1574986,54452,23000.0,83063.0,1850542.0,37010,0.282,605,2,39,2,8.0,16.0,50,1,3.38,0
53,Male,Bachelor,Vadodara,Coforge,Network Engineer,EdTech,Full-time,31,1815286,56310,22814.0,54425.0,0.0,0,0.0,801,3,67,4,78.0,15.0,50,1,5.0,1
33,Female,Master,Ajmer,Zensar Technologies,BI Developer,Defense,Remote,13,995700,41153,4293.0,,1110861.0,22217,0.2678,565,5,29,1,56.0,6.0,75,4,2.76,0
38,Male,Bachelor,Vadodara,Druva,Engineering Manager,FinTech,Full-time,15,1193232,43086,13768.0,25265.0,1936489.0,38729,0.3895,625,3,35,3,71.0,11.0,50,6,2.68,0
42,Female,High School,Chandigarh,Razorpay,AI Researcher,Consulting,Full-time,18,1235037,30852,103558.0,,0.0,0,0.0,567,2,36,3,26.0,17.0,50,36,3.97,0
34,Female,Bachelor,Aurangabad,KPIT Technologies,Mobile Developer,EdTech,Contract,12,962194,33453,389925.0,6558.0,1445558.0,28911,0.3606,594,2,24,1,32.0,12.0,0,36,3.74,0
48,Female,Diploma,Srinagar,ThoughtWorks India,Director of Engineering,Manufacturing,Full-time,26,1704057,52946,45490.0,14619.0,1503036.0,30060,0.2117,741,4,49,1,7.0,,0,20,4.09,0
38,Female,Master,Navi Mumbai,eClerx,IT Consultant,SaaS,Part-time,14,1077417,40266,,38807.0,0.0,0,0.0,688,1,32,2,34.0,15.0,100,6,4.13,0
27,Female,Bachelor,Meerut,Srijan Technologies,Technical Lead,EdTech,Full-time,3,471153,14313,84773.0,1343.0,0.0,0,0.0,543,1,9,2,107.0,0.0,25,12,2.45,0
27,Female,Bachelor,Ujjain,Quick Heal,ML Engineer,FinTech,Remote,3,475529,18452,10502.0,2035.0,763930.0,15278,0.3855,483,4,4,1,104.0,0.0,50,14,2.25,0
38,Non-binary,Master,Udaipur,Newgen Software,System Architect,Manufacturing,Full-time,16,1454950,53782,54586.0,88273.0,249797.0,4995,0.0412,708,2,29,2,64.0,16.0,100,33,4.41,1
40,Male,Master,Coimbatore,Infosys,Data Analyst,Telecom,Full-time,19,1374991,46190,134896.0,19765.0,0.0,0,0.0,653,0,43,2,9.0,12.0,50,5,3.97,0
39,Male,PhD,Hubballi,Cyient,Test Automation Engineer,EdTech,Remote,15,1302667,55090,207466.0,85175.0,354578.0,7091,0.0653,580,1,30,2,20.0,16.0,75,20,4.05,0
42,Male,Bachelor,Aurangabad,Chargebee,Network Engineer,Defense,Full-time,22,1357174,53081,31069.0,9165.0,,4637,0.041,642,4,44,0,60.0,10.0,0,33,4.27,0
45,Male,Diploma,Akola,CRED,Database Administrator,Banking,Contract,23,1616093,53864,97791.0,33702.0,,30445,0.2261,649,2,45,2,113.0,24.0,75,3,4.16,0
22,Male,PhD,Thiruvananthapuram,Infosys,Technical Lead,SaaS,Remote,1,407468,17872,7757.0,27960.0,0.0,0,0.0,478,3,4,1,33.0,0.0,75,5,2.68,0
41,Male,Master,Moradabad,NIIT Technologies,ETL Developer,E-commerce,Remote,20,1521499,62813,113877.0,,0.0,0,0.0,728,2,44,2,31.0,5.0,25,8,4.71,0
49,Female,PhD,Kanpur,IBM India,Backend Developer,Consulting,Remote,27,1901314,74218,6105.0,28472.0,1665927.0,33318,0.2103,719,3,53,1,32.0,11.0,0,9,4.37,1
42,Male,Bachelor,Dhanbad,Nucleus Software,Solutions Architect,Manufacturing,Remote,20,1403067,42867,158350.0,26658.0,950630.0,19012,0.1626,675,4,40,1,44.0,5.0,25,3,3.54,0
37,Male,Bachelor,Ahmedabad,Mphasis,Cloud Architect,FinTech,Full-time,14,1206943,44793,382879.0,7545.0,0.0,0,0.0,657,3,29,3,28.0,15.0,75,37,3.6,0
52,Female,Master,Nashik,Kellton Tech,QA Engineer,Banking,Full-time,29,2081939,61505,143768.0,23339.0,0.0,0,0.0,659,2,55,3,53.0,17.0,25,7,4.79,1
41,Female,PhD,Vadodara,Birlasoft,QA Engineer,Manufacturing,Full-time,20,1496843,51984,25785.0,58186.0,133001.0,2660,0.0213,732,6,37,3,113.0,11.0,25,23,4.54,1
31,Female,Bachelor,Kalyan,Xoriant,Network Engineer,Consulting,Part-time,10,811222,34183,103094.0,27058.0,1666778.0,33335,0.4931,587,4,19,1,75.0,8.0,0,27,2.22,0
39,Male,Master,Tiruppur,Nihilent,Scrum Master,Manufacturing,Full-time,19,1422324,46639,515172.0,96712.0,834832.0,16696,0.1409,594,5,43,1,42.0,17.0,0,28,4.05,0
39,Female,Master,Amritsar,Genpact,Data Scientist,Consulting,Full-time,19,1365588,37070,332122.0,85123.0,0.0,0,0.0,724,2,42,5,21.0,17.0,50,7,4.62,1
28,Male,PhD,Gulbarga,Groww,Product Manager,Banking,Full-time,5,897833,37621,23691.0,7276.0,0.0,0,0.0,597,4,8,1,11.0,0.0,0,1,3.61,0
42,Male,PhD,Jalgaon,Nielsen India,Data Scientist,Telecom,Remote,21,1671175,64645,108440.0,,0.0,0,0.0,626,0,44,4,73.0,14.0,100,17,4.04,1
29,Male,Master,Nellore,Byju s,Data Analyst,Telecom,Part-time,9,917300,41667,33333.0,123129.0,1148960.0,22979,0.3006,573,3,15,1,99.0,,0,32,2.96,0
51,Male,High School,Nagpur,Sasken,Backend Developer,Telecom,Remote,31,1889350,66589,21015.0,1270.0,987856.0,19757,0.1255,825,1,67,6,42.0,10.0,100,1,5.0,1
44,Non-binary,High School,Gorakhpur,Vedantu,Database Administrator,Telecom,Remote,22,1544899,69726,135994.0,,940459.0,18809,0.1461,701,1,48,3,108.0,18.0,50,34,3.75,0
28,Female,PhD,Jabalpur,KPIT Technologies,Scrum Master,Defense,Remote,6,810810,36232,41997.0,5270.0,794483.0,15889,0.2352,574,3,9,1,106.0,0.0,100,35,3.12,0
53,Female,Master,Jamnagar,Unacademy,Senior Data Scientist,Government,Hybrid,33,2225711,66158,46103.0,1089.0,882451.0,17649,0.0952,712,0,64,3,78.0,2.0,25,18,4.78,0
54,Male,Bachelor,Mangalore,Sasken,Data Scientist,E-commerce,Full-time,30,1761968,41274,,2780.0,1876947.0,37538,0.2557,810,5,65,1,101.0,15.0,100,35,4.59,1
26,Male,Bachelor,Chandigarh,Cyient DLM,Data Scientist,Telecom,Remote,2,380050,16657,23649.0,213697.0,0.0,0,0.0,542,3,5,2,87.0,0.0,75,16,3.28,0
56,Male,Bachelor,Cuttack,Happiest Minds,Project Manager,HealthTech,Full-time,35,2289345,60181,47420.0,40501.0,903954.0,18079,0.0948,704,3,74,3,82.0,12.0,50,29,4.67,0
25,Female,Bachelor,Srinagar,Firstsource,Frontend Developer,Manufacturing,Remote,3,414763,12449,31168.0,9119.0,,0,0.0,450,2,10,3,78.0,0.0,0,15,3.11,0
42,Male,Bachelor,Tiruppur,Capgemini India,AI Researcher,Banking,Full-time,21,1319616,31879,266607.0,80100.0,841946.0,16838,0.1531,725,1,45,2,48.0,4.0,100,19,4.36,0
57,Female,Bachelor,Nanded,HCL Technologies,IT Consultant,EdTech,Full-time,34,2087432,71702,388159.0,26814.0,943307.0,18866,0.1085,760,1,70,0,9.0,15.0,50,3,4.56,1
24,Male,Diploma,Bareilly,Syntel India,Solutions Architect,SaaS,Remote,1,400769,16546,50346.0,10137.0,1502766.0,30055,0.8999,489,7,6,2,,0.0,0,23,1.27,0
31,Male,Bachelor,Mumbai,GlobalLogic,Backend Developer,Government,Full-time,7,783072,28543,,6234.0,238660.0,4773,0.0731,582,3,11,5,97.0,0.0,0,17,3.36,0
38,Female,Diploma,Vijayawada,Groww,Project Manager,Manufacturing,Contract,14,1049329,43354,75620.0,80851.0,665256.0,13305,0.1522,586,2,27,0,59.0,18.0,50,31,2.79,0
31,Male,Diploma,Nanded,Syntel India,System Architect,EdTech,Remote,8,639108,25804,406663.0,3357.0,0.0,0,0.0,520,5,19,2,60.0,19.0,100,13,3.91,0
24,Male,High School,Bhavnagar,Mastek,Engineering Manager,Startup,Remote,4,484183,20062,165139.0,34243.0,420111.0,8402,0.2082,557,2,8,2,83.0,0.0,100,0,3.31,0
47,Female,Master,Hubballi,Robosoft,System Architect,Telecom,Contract,27,1969373,59132,178691.0,11035.0,947391.0,18947,0.1154,658,1,54,1,87.0,14.0,0,23,5.0,1
53,Male,Bachelor,Ajmer,PhonePe,AI Researcher,FinTech,Remote,33,2122415,82036,333339.0,5839.0,195986.0,3919,0.0222,791,1,66,2,7.0,4.0,100,1,4.86,1
50,Male,Master,Lucknow,eClerx,Solutions Architect,Defense,Contract,26,1763545,68684,700079.0,84827.0,63916.0,1278,0.0087,704,2,53,3,115.0,7.0,0,27,4.72,1
37,Female,High School,Pune,Nihilent,Senior Software Engineer,Defense,Full-time,13,898107,33879,91265.0,54780.0,1380631.0,27612,0.3689,603,4,31,1,7.0,16.0,50,28,2.68,0
28,Male,Bachelor,Dehradun,NIIT Technologies,ML Engineer,Telecom,Full-time,5,486570,21146,18404.0,377504.0,547503.0,10950,0.2701,584,2,14,3,45.0,0.0,100,29,1.93,0
39,Female,Master,Chennai,Uniphore,AI Researcher,Consulting,Full-time,16,1262324,40917,18724.0,190359.0,0.0,0,0.0,649,4,32,0,16.0,,0,34,3.97,0
33,Male,Bachelor,Guwahati,WNS Global,VP Engineering,SaaS,Remote,11,860296,21914,9116.0,6653.0,0.0,0,0.0,573,0,21,0,1.0,9.0,100,29,3.09,0
53,Male,Master,Jalandhar,Freshworks,Engineering Manager,E-commerce,Contract,31,1873334,52197,,24341.0,1904870.0,38097,0.244,779,2,65,5,49.0,18.0,75,28,5.0,1
30,Male,Bachelor,Nashik,Zomato,VP Engineering,Banking,Full-time,6,632523,17969,49493.0,6147.0,0.0,0,0.0,550,0,15,2,87.0,0.0,75,39,3.48,0
26,Male,Bachelor,Chennai,Newgen Software,Test Automation Engineer,FinTech,Full-time,2,544111,23497,500655.0,149729.0,939645.0,18792,0.4144,475,2,5,2,,0.0,100,20,2.56,0
27,Male,PhD,Noida,Coforge,DevOps Engineer,FinTech,Full-time,3,557184,19193,280768.0,92828.0,1746352.0,34927,0.7522,537,3,6,3,49.0,0.0,25,26,1.48,0
31,Female,Master,Nagpur,NIIT Technologies,Technical Lead,Banking,Hybrid,9,916247,22753,62423.0,3337.0,0.0,0,0.0,512,8,19,3,98.0,21.0,75,33,3.76,0
57,Male,High School,Bikaner,Cyient DLM,Technical Lead,E-commerce,Hybrid,35,1954915,62196,138282.0,4670.0,0.0,0,0.0,756,1,70,2,14.0,21.0,50,9,4.91,1
38,Male,Bachelor,Vadodara,Zensar Technologies,Network Engineer,E-commerce,Hybrid,14,1221831,35665,9793.0,,1452461.0,29049,0.2853,578,4,33,0,118.0,2.0,75,31,2.72,0
32,Male,Diploma,Patna,Apexon,Lead Engineer,Defense,Remote,8,748924,30806,99910.0,,1431745.0,28634,0.4588,538,1,13,0,32.0,23.0,50,15,2.8,0
41,Female,Master,Ujjain,GlobalLogic,Principal Engineer,Banking,Contract,17,1255130,55720,43535.0,,0.0,0,0.0,700,1,38,0,21.0,16.0,100,2,3.58,0
41,Male,Master,Jabalpur,Freshworks,DevOps Engineer,Banking,Remote,21,1507986,53034,7102.0,64016.0,1984989.0,39699,0.3159,603,2,45,3,102.0,20.0,75,2,4.16,0
45,Female,Master,Gwalior,Cybage,Director of Engineering,HealthTech,Full-time,22,1549541,61525,,53078.0,1504046.0,30080,0.2329,736,3,47,2,104.0,,50,31,4.18,0
27,Female,Master,Hubballi,Uniphore,Principal Engineer,EdTech,Full-time,7,897051,29059,327728.0,7809.0,,0,0.0,631,2,13,3,83.0,0.0,0,5,2.89,0
47,Female,Diploma,Indore,Sasken,VP Engineering,HealthTech,Contract,26,1919098,50762,45947.0,9508.0,448695.0,8973,0.0561,660,3,54,1,66.0,8.0,50,39,4.26,0
55,Female,Master,Bangalore,Tech Mahindra,Full Stack Developer,Manufacturing,Full-time,34,2163389,97562,26238.0,,140015.0,2800,0.0155,731,3,69,1,117.0,13.0,100,13,4.9,1
27,Female,Bachelor,Kanpur,Zerodha,Data Analyst,FinTech,Full-time,3,364532,15715,115770.0,140090.0,,0,0.0,485,2,7,1,51.0,,25,9,2.44,0
28,Male,Master,Firozabad,Swiggy,Test Automation Engineer,E-commerce,Contract,8,803083,25551,117368.0,14223.0,260258.0,5205,0.0778,638,1,18,1,37.0,,100,2,3.51,0
24,Female,Bachelor,Allahabad,Coforge,Scrum Master,HealthTech,Contract,4,664789,27520,12071.0,55509.0,261495.0,5229,0.0944,456,4,7,3,109.0,0.0,75,18,3.19,0
34,Female,PhD,Gurgaon,Happiest Minds,QA Engineer,FinTech,Full-time,14,1187870,48278,248905.0,106498.0,0.0,0,0.0,593,1,25,1,116.0,17.0,0,33,3.41,0
31,Male,Bachelor,Tiruppur,Postman,Project Manager,E-commerce,Full-time,9,929091,28699,122555.0,19604.0,852029.0,17040,0.2201,534,2,23,3,4.0,6.0,25,20,2.77,0
56,Male,Master,Jalgaon,Razorpay,BI Developer,Manufacturing,Full-time,35,2225410,84195,8471.0,7135.0,1120971.0,22419,0.1209,830,1,73,2,115.0,21.0,75,12,5.0,0
28,Male,Master,Aurangabad,Happiest Minds,Full Stack Developer,FinTech,Full-time,6,638237,21046,406662.0,7223.0,935979.0,18719,0.352,529,4,15,0,41.0,0.0,50,7,3.09,0
38,Male,Diploma,Dhanbad,HCL Technologies,Data Scientist,E-commerce,Full-time,17,1167353,36144,275532.0,139619.0,1573201.0,31464,0.3234,623,1,31,1,101.0,4.0,25,29,2.99,0
52,Male,Bachelor,Gwalior,Uniphore,Software Engineer,E-commerce,Full-time,31,1968681,61411,22709.0,200717.0,0.0,0,0.0,724,3,61,0,87.0,19.0,25,1,4.91,1
28,Female,Bachelor,Nagpur,Sasken,Frontend Developer,FinTech,Full-time,7,771182,18847,40548.0,437478.0,0.0,0,0.0,588,4,19,3,49.0,,100,36,3.74,0
22,Male,Bachelor,Nagpur,Quick Heal,Database Administrator,Startup,Full-time,0,394265,17428,,202123.0,244928.0,4898,0.1491,542,1,5,0,74.0,0.0,50,39,2.22,0
43,Female,Bachelor,Ajmer,Nihilent,AI Researcher,SaaS,Remote,19,1451031,57932,21867.0,17194.0,1708272.0,34165,0.2825,649,4,40,0,70.0,15.0,50,16,3.89,0
44,Male,Bachelor,Allahabad,Cyient DLM,Software Engineer,Defense,Remote,20,1459077,35422,65111.0,3784.0,848180.0,16963,0.1395,600,3,40,4,116.0,8.0,50,12,3.08,0
51,Female,Master,Udaipur,TCS,ETL Developer,Government,Part-time,27,1784323,53073,11966.0,16939.0,1747301.0,34946,0.235,753,3,56,3,53.0,16.0,0,35,4.4,0
22,Male,High School,Howrah,Ola,Software Engineer,HealthTech,Contract,0,243473,7896,27696.0,48277.0,1982121.0,39642,1.9538,531,5,2,2,46.0,,50,39,1.0,0
47,Male,Bachelor,Salem,Mphasis,Technical Lead,Consulting,Contract,23,1531225,67850,20046.0,15441.0,0.0,0,0.0,617,6,49,6,96.0,2.0,50,26,4.85,1
56,Female,Bachelor,Nanded,Byju s,Senior Software Engineer,Manufacturing,Remote,35,2147882,77455,33304.0,7000.0,227978.0,4559,0.0255,700,2,71,2,,23.0,75,2,5.0,1
23,Non-binary,PhD,Surat,Razorpay,ML Engineer,Banking,Full-time,2,647552,24446,179186.0,10371.0,706254.0,14125,0.2618,460,2,6,3,31.0,0.0,0,16,2.33,0
36,Female,Bachelor,Bhilai,Zoho,Security Analyst,FinTech,Part-time,12,1184345,32597,64427.0,11285.0,0.0,0,0.0,553,7,21,3,110.0,8.0,75,30,2.66,0
31,Female,High School,Thiruvananthapuram,Kellton Tech,Scrum Master,FinTech,Hybrid,10,818637,22237,18455.0,144959.0,416313.0,8326,0.122,581,6,18,0,105.0,7.0,50,11,3.75,0
44,Female,Bachelor,Ajmer,Cyient,Security Analyst,Government,Full-time,23,1588329,49083,4048.0,2760.0,0.0,0,0.0,696,0,45,3,84.0,19.0,25,22,4.47,0
51,Female,PhD,Gurgaon,Swiggy,Senior Software Engineer,Defense,Full-time,30,2135915,95188,5091.0,8190.0,0.0,0,0.0,793,3,57,3,67.0,13.0,50,24,4.98,1
42,Female,Diploma,Agra,Wipro,IT Consultant,FinTech,Full-time,19,1417076,48104,133772.0,5983.0,,0,0.0,618,3,41,1,93.0,14.0,75,34,4.2,0
42,Female,Master,Moradabad,KPIT Technologies,Lead Engineer,Telecom,Full-time,20,1414123,54479,71711.0,24050.0,993236.0,19864,0.1686,700,1,45,0,112.0,3.0,0,34,4.47,0
40,Male,Bachelor,Jalandhar,IBM India,Lead Engineer,EdTech,Remote,19,1303899,58543,402622.0,44738.0,,0,0.0,605,3,43,4,101.0,16.0,75,35,4.26,0
37,Male,Bachelor,Raipur,Net Solutions,Senior Data Scientist,Banking,Remote,15,1116022,34506,88256.0,5459.0,0.0,0,0.0,586,4,29,5,32.0,9.0,75,38,3.27,0
57,Male,Master,Udaipur,Cyient DLM,Director of Engineering,Government,Full-time,33,2117354,79409,19064.0,1865.0,784997.0,15699,0.089,813,3,69,0,34.0,22.0,75,30,4.8,1
24,Female,Master,Bikaner,NIIT Technologies,Cloud Architect,Startup,Hybrid,1,433988,17081,25327.0,67790.0,0.0,0,0.0,480,2,7,0,102.0,0.0,50,35,3.09,0
55,Male,Master,Kota,KPIT Technologies,Software Engineer,Banking,Contract,34,2401292,67252,410122.0,3200.0,1531181.0,30623,0.153,776,1,70,3,50.0,7.0,75,18,4.8,1
30,Female,PhD,Bhilai,Postman,BI Developer,E-commerce,Remote,9,843162,36397,24613.0,127460.0,559971.0,11199,0.1594,600,0,16,2,34.0,10.0,75,10,2.95,0
43,Male,Diploma,Jalandhar,Zerodha,AI Researcher,E-commerce,Contract,19,1361873,43302,26287.0,3065.0,449355.0,8987,0.0792,697,5,39,2,42.0,17.0,75,16,3.88,0
50,Male,Master,Jabalpur,Mindtree,Network Engineer,Government,Remote,29,2018593,84110,42854.0,3429.0,994107.0,19882,0.1182,672,2,55,1,119.0,2.0,100,16,4.03,0
52,Male,Master,Jabalpur,Happiest Minds,Business Analyst,SaaS,Hybrid,31,2089248,59475,,898.0,555916.0,11118,0.0639,815,2,61,2,56.0,15.0,25,8,5.0,1
46,Male,Master,Gwalior,TCS,DevOps Engineer,Startup,Full-time,23,1784197,52516,3642.0,4280.0,974310.0,19486,0.1311,618,3,51,2,83.0,23.0,25,10,3.5,0
43,Male,PhD,Kanpur,Infosys,Software Engineer,E-commerce,Full-time,19,1395754,47234,148432.0,39068.0,952767.0,19055,0.1638,699,5,35,3,7.0,16.0,25,2,4.46,1
44,Female,High School,Bhavnagar,Coforge,System Architect,Consulting,Full-time,21,1411345,61925,28966.0,9325.0,0.0,0,0.0,643,5,47,1,52.0,20.0,100,9,3.98,0
34,Male,Bachelor,Guwahati,Publicis Sapient,Solutions Architect,FinTech,Remote,10,951584,24241,109853.0,,1902472.0,38049,0.4798,643,1,21,2,5.0,12.0,100,20,3.32,0
30,Male,Master,Gulbarga,Datamatics,Software Engineer,Startup,Remote,8,747608,25344,37711.0,136058.0,0.0,0,0.0,509,5,21,2,105.0,17.0,100,6,3.55,0
52,Female,Master,Siliguri,Vedantu,BI Developer,Consulting,Contract,29,2000919,80710,17210.0,47553.0,1745412.0,34908,0.2094,682,1,55,3,70.0,11.0,25,32,4.69,1
52,Male,Diploma,Loni,Uniphore,VP Engineering,Telecom,Full-time,30,1963858,68563,22867.0,8918.0,541672.0,10833,0.0662,736,2,61,3,25.0,13.0,100,18,4.9,1
54,Female,Bachelor,Udaipur,Zetwerk,Technical Lead,EdTech,Contract,33,2037691,89119,87713.0,208352.0,1199358.0,23987,0.1413,717,1,63,5,28.0,17.0,0,29,5.0,1
50,Female,Master,Jamnagar,Zetwerk,Senior Data Scientist,FinTech,Hybrid,28,2014911,71613,131908.0,16798.0,0.0,0,0.0,772,1,59,4,,5.0,100,12,4.86,1
25,Female,Bachelor,Jabalpur,Vedantu,Lead Engineer,Government,Full-time,1,347355,14791,44010.0,4531.0,,34368,1.1873,479,2,1,1,60.0,0.0,100,0,1.0,0
55,Male,Master,Jamshedpur,KPIT Technologies,Software Engineer,Consulting,Full-time,31,1984843,57875,34823.0,9881.0,699757.0,13995,0.0846,711,2,66,1,105.0,19.0,50,24,5.0,1
28,Female,Bachelor,Kota,Happiest Minds,Technical Lead,Defense,Hybrid,8,584543,18056,158522.0,4655.0,711345.0,14226,0.292,634,1,13,2,49.0,16.0,100,35,3.19,0
56,Female,PhD,Jamnagar,Subex,Test Automation Engineer,EdTech,Contract,32,2253251,60133,70556.0,97517.0,0.0,0,0.0,768,2,63,2,61.0,8.0,25,27,5.0,1
31,Female,PhD,Ahmedabad,Publicis Sapient,Frontend Developer,Defense,Full-time,8,889878,20918,7690.0,,0.0,0,0.0,558,2,21,3,32.0,10.0,100,5,3.59,0
22,Male,Bachelor,Jamshedpur,Zomato,Cloud Architect,Banking,Full-time,0,250278,6514,,135514.0,1933052.0,38661,1.8537,542,2,1,1,46.0,0.0,0,32,1.0,0
27,Female,Master,Pune,Datamatics,AI Researcher,E-commerce,Full-time,3,477725,13573,54561.0,39515.0,1728766.0,34575,0.8685,581,2,6,2,,0.0,0,36,2.24,0
27,Female,Bachelor,Bareilly,PhonePe,Security Analyst,HealthTech,Remote,4,564415,22169,28624.0,4983.0,0.0,0,0.0,552,5,12,2,106.0,0.0,50,22,2.89,0
26,Male,Bachelor,Ranchi,Happiest Minds,Business Analyst,Manufacturing,Full-time,5,480860,11295,18273.0,4089.0,1462675.0,29253,0.73,476,0,15,1,47.0,0.0,100,15,1.28,0
33,Female,Bachelor,Akola,Sigmoid Analytics,Principal Engineer,EdTech,Hybrid,9,841798,22931,33191.0,11000.0,1716425.0,34328,0.4894,570,4,23,1,66.0,2.0,0,32,2.23,0
50,Male,Bachelor,Noida,CleverTap,QA Engineer,Consulting,Full-time,28,1802311,69276,189351.0,4621.0,0.0,0,0.0,804,2,56,2,50.0,,100,39,4.56,1
39,Male,Master,Hubballi,Cyient DLM,Backend Developer,Government,Contract,18,1213417,40151,21725.0,58728.0,754981.0,15099,0.1493,647,1,34,1,118.0,4.0,0,6,3.47,0
35,Male,Diploma,Surat,Nucleus Software,Project Manager,FinTech,Full-time,14,1001005,24797,14929.0,44379.0,786643.0,15732,0.1886,608,3,32,1,112.0,17.0,50,39,3.64,0
34,Female,Bachelor,Thiruvananthapuram,Srijan Technologies,Project Manager,Defense,Contract,10,903535,36656,98042.0,22721.0,0.0,0,0.0,606,4,22,1,75.0,5.0,50,4,2.51,0
34,Male,PhD,Durgapur,Mindtree,Data Analyst,EdTech,Full-time,14,1313678,37831,173308.0,,0.0,0,0.0,546,5,30,1,46.0,12.0,75,39,3.72,0
34,Male,Master,Nagpur,Srijan Technologies,Senior Software Engineer,Consulting,Full-time,11,1026266,26496,13524.0,10089.0,0.0,0,0.0,610,3,25,1,28.0,9.0,50,10,2.94,0
23,Male,Bachelor,Bhiwandi,Capgemini India,Backend Developer,Consulting,Hybrid,1,416125,13584,56992.0,79233.0,0.0,0,0.0,437,0,2,2,47.0,0.0,50,38,2.37,0
38,Male,Diploma,Vadodara,Apexon,System Architect,Banking,Full-time,16,1111735,32838,38011.0,129295.0,503850.0,10077,0.1088,705,1,29,3,5.0,3.0,0,4,4.04,0
47,Female,Master,Rajkot,Druva,Security Analyst,FinTech,Full-time,27,1925930,67536,205966.0,32327.0,819371.0,16387,0.1021,773,4,59,0,20.0,13.0,100,15,4.8,1
22,Male,Master,Pune,Newgen Software,Project Manager,EdTech,Full-time,0,350479,14997,47344.0,15337.0,921410.0,18428,0.631,470,4,3,1,35.0,0.0,50,21,1.39,0
57,Non-binary,Bachelor,Salem,PhonePe,ML Engineer,E-commerce,Hybrid,35,2400873,84371,26539.0,10536.0,692192.0,13843,0.0692,703,4,73,1,75.0,10.0,0,11,4.98,1
23,Male,Bachelor,Madurai,Razorpay,Senior Software Engineer,SaaS,Full-time,3,473133,18466,21609.0,2601274.0,,35882,0.9101,462,1,10,0,82.0,0.0,0,38,1.35,0
22,Male,Bachelor,Jamshedpur,Quick Heal,Data Scientist,Startup,Full-time,2,413643,17852,83884.0,27572.0,0.0,0,0.0,512,1,3,1,118.0,0.0,100,0,2.91,0
50,Male,Master,Asansol,Mphasis,Engineering Manager,HealthTech,Full-time,28,2008753,60113,83708.0,179335.0,840212.0,16804,0.1004,777,2,53,4,15.0,22.0,25,33,4.91,1
24,Female,PhD,Thiruvananthapuram,PhonePe,VP Engineering,Government,Full-time,2,615372,17312,258245.0,53339.0,542473.0,10849,0.2116,516,2,1,5,87.0,0.0,100,6,2.42,0
23,Female,Bachelor,Howrah,CleverTap,Product Manager,Banking,Hybrid,0,197868,6333,21534.0,47412.0,1782518.0,35650,2.162,571,2,1,2,62.0,0.0,0,12,1.0,0
28,Female,Bachelor,Vijayawada,Xoriant,VP Engineering,E-commerce,Hybrid,7,699048,27175,28451.0,54460.0,0.0,0,0.0,625,2,14,0,28.0,0.0,50,24,4.33,0
34,Female,Master,Howrah,EXL Service,Cloud Architect,Banking,Contract,14,1087740,38855,,2360.0,0.0,0,0.0,616,0,33,0,58.0,13.0,50,4,3.59,0
38,Female,PhD,Lucknow,Unacademy,Security Analyst,EdTech,Full-time,16,1260385,32603,153638.0,10566.0,0.0,0,0.0,607,3,32,1,25.0,15.0,50,15,3.14,0
28,Female,Master,Saharanpur,Datamatics,Principal Engineer,EdTech,Contract,4,527688,15434,72226.0,184962.0,838410.0,16768,0.3813,524,2,9,4,103.0,0.0,25,6,2.96,0
24,Female,Master,Delhi,Freshworks,Backend Developer,Startup,Contract,3,590293,14730,34664.0,61098.0,157846.0,3156,0.0642,598,4,5,2,42.0,0.0,50,12,3.65,0
26,Female,High School,Bhilai,Zomato,Security Analyst,Government,Part-time,5,482645,20647,290636.0,180969.0,1117425.0,22348,0.5556,475,1,9,2,87.0,0.0,50,22,2.05,0
52,Male,Master,Navi Mumbai,Nielsen India,Technical Lead,HealthTech,Full-time,29,1993776,70924,19196.0,56522.0,1068464.0,21369,0.1286,746,3,61,4,43.0,23.0,25,20,5.0,1
33,Male,PhD,Meerut,Birlasoft,Data Scientist,Defense,Full-time,12,1077667,38500,68449.0,9220.0,319990.0,6399,0.0713,612,1,29,1,72.0,15.0,75,3,3.61,0
54,Male,Bachelor,Salem,Razorpay,IT Consultant,FinTech,Full-time,31,1857046,55624,263530.0,53329.0,574517.0,11490,0.0742,797,6,60,3,20.0,16.0,50,24,5.0,0
24,Non-binary,Bachelor,Patna,Unacademy,AI Researcher,EdTech,Full-time,2,417002,15633,19535.0,32168.0,380269.0,7605,0.2188,594,1,5,2,2.0,0.0,25,8,2.59,0
35,Male,Bachelor,Saharanpur,Net Solutions,System Architect,Defense,Full-time,14,1146261,38319,263698.0,15752.0,1629720.0,32594,0.3412,690,3,25,0,96.0,7.0,75,30,3.13,0
57,Female,Bachelor,Delhi,Capgemini India,Director of Engineering,SaaS,Full-time,35,2080270,93240,53882.0,12292.0,1637284.0,32745,0.1889,762,0,67,3,112.0,10.0,0,8,4.85,0
37,Female,PhD,Nagpur,Kellton Tech,IT Consultant,Startup,Contract,17,1424373,36737,,4546.0,0.0,0,0.0,613,1,31,1,65.0,,50,32,3.22,0
39,Male,Master,Mumbai,Geometric,Software Engineer,EdTech,Full-time,15,1209027,33474,24715.0,898085.0,0.0,0,0.0,675,1,27,3,56.0,24.0,100,20,3.94,0
50,Female,PhD,Howrah,Sonata Software,QA Engineer,Telecom,Contract,29,1998997,82373,243685.0,3057.0,645375.0,12907,0.0775,660,5,60,1,,,100,23,4.25,1
26,Female,Bachelor,Agra,Tata Elxsi,System Architect,Manufacturing,Full-time,4,366085,12014,257937.0,6949.0,1267837.0,25356,0.8311,521,2,7,1,74.0,,75,19,1.89,0
48,Male,Bachelor,Thiruvananthapuram,Sasken,VP Engineering,Startup,Remote,24,1452983,38487,1353613.0,24651.0,985542.0,19710,0.1628,660,2,45,0,58.0,15.0,50,6,3.81,0
45,Female,PhD,Moradabad,Postman,Data Scientist,FinTech,Remote,21,1480011,44001,47960.0,263314.0,1324193.0,26483,0.2147,624,2,47,2,102.0,24.0,50,27,4.69,1
42,Female,PhD,Udaipur,Tata Elxsi,Frontend Developer,Telecom,Full-time,20,1526028,52409,63873.0,86020.0,0.0,0,0.0,594,5,41,1,102.0,11.0,0,11,3.87,0
44,Male,Bachelor,Thiruvananthapuram,Uniphore,VP Engineering,EdTech,Contract,21,1433653,42872,38486.0,,64050.0,1281,0.0107,595,2,42,1,81.0,18.0,50,10,4.58,1
55,Female,Master,Tiruchirappalli,ThoughtWorks India,Business Analyst,HealthTech,Hybrid,34,2409758,96422,69183.0,8320.0,0.0,0,0.0,792,4,72,0,70.0,3.0,100,19,5.0,1
36,Male,Bachelor,Tiruchirappalli,Sonata Software,Business Analyst,Banking,Remote,13,949707,42413,71650.0,49534.0,,0,0.0,637,4,25,4,89.0,13.0,50,24,3.64,0
22,Non-binary,Master,Jamnagar,Nihilent,Director of Engineering,Telecom,Full-time,0,329494,11157,16775.0,4897.0,925436.0,18508,0.674,420,1,1,1,22.0,0.0,75,31,1.3,0
39,Female,Bachelor,Firozabad,Unacademy,QA Engineer,SaaS,Full-time,18,1301417,44025,78448.0,319196.0,712478.0,14249,0.1314,637,2,40,4,50.0,4.0,100,6,4.32,0
26,Male,PhD,Gorakhpur,Zoho,Project Manager,Manufacturing,Full-time,4,582952,21231,32255.0,4571.0,1576345.0,31526,0.649,551,5,10,2,78.0,0.0,50,3,1.97,0
52,Female,Bachelor,Navi Mumbai,Nagarro India,DevOps Engineer,Manufacturing,Full-time,28,1931458,53804,116773.0,89215.0,357068.0,7141,0.0444,790,2,59,1,17.0,,50,39,4.05,0
42,Female,Bachelor,Salem,Cyient,Test Automation Engineer,Banking,Full-time,22,1619065,42177,144677.0,4097.0,1995647.0,39912,0.2958,705,5,41,5,68.0,4.0,50,11,3.83,0
52,Male,Bachelor,Kalyan,Capgemini India,VP Engineering,EdTech,Contract,28,1617082,66651,137153.0,63333.0,353063.0,7061,0.0524,781,3,55,2,34.0,7.0,50,18,4.86,0
29,Male,Master,Navi Mumbai,PhonePe,DevOps Engineer,HealthTech,Contract,9,928192,39179,38270.0,10966.0,0.0,0,0.0,640,1,21,3,76.0,20.0,100,9,3.91,0
42,Male,Master,Surat,Coda Global,Mobile Developer,HealthTech,Full-time,20,1496872,54540,288588.0,43553.0,808569.0,16171,0.1296,715,2,44,1,22.0,7.0,50,22,5.0,1
31,Female,Bachelor,Jalgaon,Quick Heal,Scrum Master,Defense,Full-time,7,672351,21922,,,0.0,0,0.0,588,2,19,1,78.0,0.0,75,22,3.36,0
31,Male,Master,Kota,eClerx,Full Stack Developer,Government,Contract,10,836620,25027,48434.0,4741.0,776470.0,15529,0.2227,597,2,21,5,98.0,5.0,100,3,3.5,0
25,Female,Bachelor,Gulbarga,Coda Global,Business Analyst,EdTech,Full-time,1,191742,6215,,330962.0,123822.0,2476,0.155,553,2,5,3,111.0,0.0,50,35,2.02,0
41,Female,Master,Ujjain,Intellect Design,Director of Engineering,Manufacturing,Remote,20,1399625,64111,515708.0,8579.0,101417.0,2028,0.0174,686,5,43,2,59.0,20.0,50,22,4.57,0
35,Female,Master,Guwahati,Publicis Sapient,DevOps Engineer,Defense,Full-time,11,1133649,43007,88958.0,,0.0,0,0.0,642,2,19,3,60.0,9.0,100,26,4.12,0
36,Male,PhD,Jalgaon,Datavail Infotech,Technical Lead,Defense,Hybrid,12,1160705,49237,36370.0,25205.0,780006.0,15600,0.1613,553,3,25,1,104.0,20.0,75,0,3.18,0
28,Male,Bachelor,Hyderabad,CleverTap,Network Engineer,Banking,Full-time,5,622163,19064,34421.0,85468.0,1873551.0,37471,0.7227,546,3,14,1,91.0,0.0,25,10,2.2,0
43,Female,PhD,Nellore,Cyient DLM,Data Analyst,EdTech,Part-time,23,1879457,82459,34124.0,,1611953.0,32239,0.2058,635,3,47,1,19.0,17.0,50,32,3.76,0
53,Male,Diploma,Navi Mumbai,WNS Global,Technical Lead,SaaS,Full-time,33,2122860,65094,434533.0,,954804.0,19096,0.1079,828,3,66,1,,15.0,25,24,5.0,1
41,Female,Bachelor,Jaipur,Subex,Database Administrator,Telecom,Remote,21,1525299,38489,111993.0,63109.0,596536.0,11930,0.0939,600,0,41,5,92.0,6.0,100,20,4.56,1
35,Male,Master,Nagpur,Coda Global,AI Researcher,Government,Hybrid,13,1050690,40144,61831.0,74127.0,0.0,0,0.0,652,3,24,0,44.0,2.0,25,10,4.32,0
47,Female,Master,Noida,CleverTap,Frontend Developer,Defense,Full-time,26,1741134,40919,522964.0,45372.0,0.0,0,0.0,654,5,50,3,35.0,24.0,75,16,4.66,1
33,Female,Master,Ahmedabad,Razorpay,Engineering Manager,Telecom,Remote,12,1012917,29421,36151.0,1207908.0,1975187.0,39503,0.468,516,4,28,2,76.0,18.0,50,0,2.23,0
52,Female,Master,Varanasi,Druva,Data Analyst,SaaS,Full-time,30,1865148,83578,26361.0,79182.0,261920.0,5238,0.0337,712,4,64,3,71.0,21.0,75,6,5.0,1
38,Female,Bachelor,Meerut,ThoughtWorks India,IT Consultant,Defense,Full-time,16,1163074,29418,149187.0,11546.0,155851.0,3117,0.0322,666,2,35,1,56.0,24.0,100,2,3.02,0
30,Male,High School,Vijayawada,Robosoft,AI Researcher,Defense,Full-time,10,943957,26265,229138.0,39992.0,0.0,0,0.0,608,0,18,2,19.0,12.0,75,25,3.33,0
52,Female,Master,Malegaon,Mindtree,Full Stack Developer,Startup,Remote,28,1973690,49038,53817.0,18756.0,1196064.0,23921,0.1454,771,3,53,3,4.0,18.0,50,20,5.0,1
40,Male,Diploma,Lucknow,Happiest Minds,Project Manager,SaaS,Full-time,20,1506988,67351,37365.0,,0.0,0,0.0,698,3,38,2,115.0,14.0,50,13,3.96,0
52,Female,Diploma,Udaipur,Mphasis,ETL Developer,Startup,Remote,28,1825142,66237,53783.0,6211.0,,11153,0.0733,728,4,60,1,75.0,18.0,75,28,5.0,1
44,Male,Bachelor,Mysuru,Uniphore,Principal Engineer,Banking,Remote,22,1542960,59932,125918.0,170797.0,0.0,0,0.0,706,1,46,0,47.0,19.0,25,3,4.13,1
26,Male,Bachelor,Amravati,Byju s,Data Analyst,Telecom,Full-time,3,487297,21491,275174.0,3270.0,0.0,0,0.0,528,4,5,1,7.0,0.0,0,19,3.04,0
29,Male,Master,Asansol,Cyient,System Architect,EdTech,Contract,7,722540,28355,34950.0,71355.0,0.0,0,0.0,601,3,13,1,45.0,0.0,0,15,3.15,0
41,Female,Bachelor,Vijayawada,L&T Infotech,ETL Developer,Banking,Contract,21,1465372,56232,14941.0,162401.0,1099200.0,21984,0.18,691,2,47,1,34.0,,50,4,4.01,0
22,Female,Master,Nellore,Cybage,QA Engineer,Government,Full-time,0,323113,9645,13307.0,1136.0,925980.0,18519,0.6878,518,2,1,2,19.0,0.0,100,31,1.99,0
53,Non-binary,Bachelor,Durgapur,Accenture India,Full Stack Developer,Government,Contract,32,2034582,69106,24149.0,72613.0,563023.0,11260,0.0664,684,0,66,3,111.0,2.0,50,21,4.33,0
52,Male,Master,Bhubaneswar,Geometric,BI Developer,Telecom,Full-time,30,2050996,52924,78108.0,24319.0,1268908.0,25378,0.1485,763,3,63,3,11.0,8.0,75,0,4.49,1
40,Male,Master,Asansol,L&T Infotech,Principal Engineer,FinTech,Remote,17,1328609,50751,125341.0,72904.0,0.0,0,0.0,644,2,33,0,79.0,18.0,100,6,3.4,0
31,Male,Bachelor,Mysuru,EXL Service,Technical Lead,HealthTech,Full-time,10,882163,26145,175077.0,33310.0,0.0,0,0.0,638,3,23,1,86.0,12.0,0,28,3.72,0
46,Male,Bachelor,Tiruppur,Syntel India,Business Analyst,Consulting,Full-time,25,1739139,49695,21476.0,141594.0,0.0,0,0.0,680,5,48,2,113.0,12.0,50,23,4.56,0
40,Female,Bachelor,Srinagar,Sonata Software,Principal Engineer,Manufacturing,Remote,20,1301047,57201,26151.0,55471.0,465270.0,9305,0.0858,600,3,41,0,100.0,2.0,0,32,4.0,0
27,Female,Bachelor,Bikaner,KPIT Technologies,Full Stack Developer,Defense,Full-time,5,550816,21422,56440.0,16249.0,0.0,0,0.0,600,0,15,9,66.0,0.0,0,20,3.17,0
37,Male,Master,Srinagar,Mphasis,Business Analyst,Telecom,Full-time,17,1315368,41397,,,1307156.0,26143,0.2385,643,3,31,1,107.0,2.0,100,25,4.12,0
46,Male,PhD,Surat,Freshworks,Engineering Manager,Telecom,Full-time,23,1816555,75281,271417.0,19516.0,1665339.0,33306,0.22,763,2,49,3,52.0,24.0,75,24,4.48,0
35,Male,Bachelor,Gwalior,Sonata Software,Backend Developer,Defense,Hybrid,12,944235,23440,91732.0,18266.0,1776709.0,35534,0.4516,629,2,22,4,21.0,9.0,25,28,2.82,0
30,Male,Master,Kochi,Postman,Data Scientist,HealthTech,Remote,9,961958,43366,11225.0,12020.0,1609780.0,32195,0.4016,506,3,21,1,21.0,8.0,50,24,2.91,0
42,Male,High School,Vadodara,Intellect Design,Cloud Architect,E-commerce,Remote,19,1248943,46970,64007.0,227342.0,0.0,0,0.0,713,2,42,1,85.0,9.0,50,19,4.46,0
39,Male,Bachelor,Pune,L&T Infotech,Security Analyst,Telecom,Full-time,18,1154249,38538,26658.0,27058.0,0.0,0,0.0,665,3,35,2,114.0,20.0,50,12,3.92,0
32,Female,High School,Delhi,KPIT Technologies,Backend Developer,Manufacturing,Remote,8,651949,28507,71644.0,78460.0,379685.0,7593,0.1398,599,2,14,2,94.0,3.0,50,38,3.31,0
27,Female,Master,Bhavnagar,Postman,Engineering Manager,Startup,Full-time,6,764522,22741,26042.0,23430.0,0.0,0,0.0,495,2,11,3,62.0,0.0,50,2,2.71,0
30,Female,Bachelor,Bhavnagar,ThoughtWorks India,Database Administrator,HealthTech,Remote,6,532400,13980,67464.0,6244.0,0.0,0,0.0,609,1,16,7,112.0,0.0,50,1,3.16,0
40,Male,Bachelor,Bhubaneswar,eClerx,Network Engineer,Government,Contract,18,1368386,44323,168798.0,36413.0,,34047,0.2986,688,4,40,2,48.0,3.0,50,22,3.82,0
37,Female,Master,Vijayawada,HCL Technologies,System Architect,FinTech,Contract,14,1205934,43691,406626.0,42678.0,0.0,0,0.0,604,1,26,2,0.0,9.0,25,29,3.56,0
50,Female,Master,Loni,Zomato,Project Manager,HealthTech,Full-time,28,2004399,56625,59926.0,8717.0,0.0,0,0.0,700,2,54,2,119.0,19.0,25,4,4.45,1
43,Female,Bachelor,Asansol,ThoughtWorks India,Engineering Manager,FinTech,Full-time,21,1309650,55729,74155.0,2297.0,0.0,0,0.0,636,1,41,2,23.0,3.0,0,21,4.24,0
37,Male,Diploma,Gurgaon,Persistent Systems,System Architect,Banking,Full-time,16,1105230,44709,22836.0,17388.0,,32990,0.3582,562,1,31,2,100.0,18.0,75,3,3.63,0
33,Female,Bachelor,Mumbai,Genpact,Principal Engineer,FinTech,Part-time,10,766164,30001,18311.0,33935.0,1775547.0,35510,0.5562,643,2,18,0,56.0,8.0,25,10,2.79,0
40,Male,Bachelor,Kochi,Zomato,Engineering Manager,Startup,Hybrid,20,1560351,43957,145516.0,82100.0,724235.0,14484,0.1114,586,2,43,1,20.0,23.0,100,11,3.3,0
35,Male,Bachelor,Nanded,Subex,Full Stack Developer,EdTech,Full-time,12,924353,37331,,49499.0,0.0,0,0.0,580,2,24,3,55.0,9.0,50,12,3.53,0
44,Male,Bachelor,Thiruvananthapuram,Razorpay,DevOps Engineer,Telecom,Full-time,22,1472538,41614,10821.0,36309.0,0.0,0,0.0,650,4,49,1,92.0,3.0,50,39,4.04,0
34,Female,Bachelor,Jamnagar,L&T Infotech,Data Analyst,Defense,Remote,13,982310,40625,281921.0,318333.0,0.0,0,0.0,676,5,30,1,19.0,7.0,50,20,4.27,0
47,Female,PhD,Ranchi,Coda Global,Frontend Developer,HealthTech,Full-time,27,1982602,81863,58055.0,,1802787.0,36055,0.2182,712,3,58,1,,14.0,75,31,4.4,1
56,Male,Bachelor,Lucknow,Mastek,Product Manager,FinTech,Full-time,33,2087151,69926,4319.0,41840.0,1337884.0,26757,0.1538,827,1,64,3,102.0,,0,37,5.0,0
40,Female,Master,Mysuru,Datamatics,Data Analyst,FinTech,Full-time,17,1316985,36606,243573.0,9558.0,1263489.0,25269,0.2302,671,2,37,2,,3.0,50,13,3.61,0
52,Male,Bachelor,Saharanpur,ThoughtWorks India,IT Consultant,HealthTech,Part-time,31,1958206,54333,179806.0,123058.0,1727476.0,34549,0.2117,761,5,66,1,55.0,18.0,0,29,5.0,1
47,Female,Diploma,Jamshedpur,Mindtree,Full Stack Developer,E-commerce,Remote,24,1599961,52884,49962.0,91564.0,810874.0,16217,0.1216,763,4,45,2,5.0,21.0,75,16,4.3,0
22,Male,Bachelor,Moradabad,Subex,Database Administrator,SaaS,Full-time,0,280727,6737,922057.0,74548.0,531004.0,10620,0.454,517,3,2,3,57.0,0.0,75,36,1.26,0
41,Non-binary,PhD,Jamnagar,Cybage,Solutions Architect,Banking,Full-time,21,1537733,50759,178435.0,305.0,0.0,0,0.0,743,2,42,0,43.0,16.0,50,32,4.55,1
22,Male,Master,Navi Mumbai,InMobi,Engineering Manager,Telecom,Full-time,0,444661,11597,67039.0,19110.0,0.0,0,0.0,450,4,0,2,62.0,,100,33,3.06,0
33,Male,Master,Udaipur,CRED,Scrum Master,SaaS,Contract,11,940158,37074,78892.0,15265.0,0.0,0,0.0,629,4,21,4,60.0,24.0,75,20,3.43,0
34,Male,Master,Howrah,Apexon,System Architect,Government,Full-time,11,857972,37736,47406.0,66189.0,0.0,0,0.0,576,1,21,2,27.0,3.0,50,0,3.64,0
33,Male,Diploma,Navi Mumbai,Sonata Software,Business Analyst,Defense,Full-time,9,775393,22389,101153.0,16047.0,0.0,0,0.0,565,2,17,4,81.0,16.0,0,35,2.96,0
36,Male,Bachelor,Aligarh,Persistent Systems,DevOps Engineer,E-commerce,Remote,15,1215367,46814,52038.0,651.0,0.0,0,0.0,586,0,29,0,25.0,20.0,75,3,4.22,0
43,Male,Bachelor,Bhubaneswar,Newgen Software,Test Automation Engineer,Government,Full-time,21,1505192,52036,223249.0,6946.0,0.0,0,0.0,629,1,47,2,97.0,7.0,100,25,4.66,0
28,Non-binary,Master,Mumbai,Mastek,Engineering Manager,Startup,Full-time,7,787638,33774,8674.0,104957.0,0.0,0,0.0,632,6,17,3,75.0,0.0,0,0,3.11,0
29,Female,Master,Thiruvananthapuram,Cognizant,Director of Engineering,Defense,Remote,7,695841,29097,16632.0,23055.0,0.0,0,0.0,506,0,16,2,115.0,0.0,0,39,2.73,0
45,Female,Bachelor,Jamnagar,Tech Mahindra,Engineering Manager,Consulting,Full-time,23,1527217,40062,,6640.0,1497921.0,29958,0.2354,763,1,49,2,64.0,11.0,100,25,4.43,0
34,Female,High School,Varanasi,Zerodha,Technical Lead,Startup,Full-time,10,862110,30661,53113.0,2894.0,1603836.0,32076,0.4465,536,4,25,2,101.0,8.0,100,19,2.68,0
46,Male,Bachelor,Nanded,Quick Heal,BI Developer,Manufacturing,Part-time,24,1664861,61985,29919.0,7156.0,456502.0,9130,0.0658,739,1,46,3,106.0,,75,22,4.1,0
45,Non-binary,Master,Hyderabad,Nucleus Software,Technical Lead,HealthTech,Contract,25,1734928,66381,301353.0,144149.0,,0,0.0,626,3,50,2,118.0,15.0,50,18,4.57,1
45,Male,Bachelor,Mumbai,Razorpay,Product Manager,Startup,Part-time,22,1517900,47550,289154.0,,931711.0,18634,0.1473,601,4,45,2,95.0,,50,13,3.61,0
27,Male,Master,Bangalore,Cybage,Principal Engineer,Telecom,Full-time,3,414039,15563,12374.0,44093.0,156517.0,3130,0.0907,450,3,9,2,83.0,0.0,50,2,2.55,0
35,Male,Master,Bhiwandi,Happiest Minds,Full Stack Developer,Consulting,Full-time,15,1213932,40258,,,,0,0.0,589,5,31,0,63.0,3.0,25,15,2.86,0
34,Male,Diploma,Chennai,Druva,Solutions Architect,Defense,Full-time,10,928000,31561,239879.0,,,0,0.0,603,1,24,2,65.0,14.0,0,22,3.79,0
50,Male,Bachelor,Patna,Zetwerk,Data Scientist,Government,Hybrid,28,1813006,59666,24349.0,135362.0,1448580.0,28971,0.1918,803,3,56,2,13.0,4.0,0,37,5.0,1
39,Female,Bachelor,Udaipur,Happiest Minds,IT Consultant,SaaS,Full-time,15,1148801,26908,40551.0,21944.0,0.0,0,0.0,639,3,31,1,95.0,10.0,100,39,3.9,0
37,Male,Master,Aurangabad,KPIT Technologies,Cloud Architect,EdTech,Full-time,16,1284432,30505,27715.0,19947.0,0.0,0,0.0,619,3,34,3,101.0,12.0,75,25,3.82,0
35,Female,Bachelor,Siliguri,IBM India,Engineering Manager,Banking,Hybrid,13,999020,34354,59292.0,12647.0,585343.0,11706,0.1406,669,5,23,3,14.0,5.0,100,3,3.79,0
37,Male,Bachelor,Jabalpur,Sonata Software,Solutions Architect,Consulting,Remote,15,1237083,50342,68255.0,23022.0,1279128.0,25582,0.2482,612,3,34,1,109.0,19.0,50,39,3.12,0
48,Male,PhD,Ujjain,Robosoft,Solutions Architect,Defense,Contract,27,1932832,81858,12262.0,,0.0,0,0.0,787,3,52,2,67.0,23.0,0,33,5.0,1
29,Female,Bachelor,Hyderabad,Newgen Software,Data Scientist,E-commerce,Part-time,5,447202,14148,87911.0,5560.0,0.0,0,0.0,565,3,7,2,5.0,0.0,50,9,4.04,0
49,Male,Diploma,Dehradun,Freshworks,VP Engineering,EdTech,Full-time,27,1678842,52056,16570.0,109755.0,922354.0,18447,0.1319,697,4,57,3,3.0,22.0,0,28,4.46,1
47,Female,Bachelor,Navi Mumbai,Accenture India,Database Administrator,EdTech,Contract,23,1507583,54801,27186.0,6473.0,203501.0,4070,0.0324,628,2,45,2,18.0,15.0,50,16,3.93,0
38,Female,Master,Allahabad,Happiest Minds,Principal Engineer,Banking,Full-time,18,1358274,60261,31346.0,3834.0,412897.0,8257,0.0729,617,3,33,0,100.0,13.0,25,26,3.64,0
42,Male,Bachelor,Surat,Cyient,Engineering Manager,SaaS,Hybrid,21,1486379,65079,43174.0,65046.0,0.0,0,0.0,730,3,40,3,12.0,22.0,0,3,4.7,1
27,Male,Diploma,Mysuru,Datamatics,Business Analyst,SaaS,Full-time,6,581124,20479,44134.0,6060.0,333033.0,6660,0.1375,602,0,11,0,74.0,0.0,50,23,3.31,0
46,Female,High School,Kolhapur,Zerodha,Data Scientist,Banking,Full-time,23,1535648,42131,144757.0,,1722241.0,34444,0.2692,692,4,51,4,119.0,5.0,100,7,4.12,0
23,Female,Bachelor,Guntur,Uniphore,Solutions Architect,EdTech,Part-time,0,342796,9469,116535.0,28629.0,695952.0,13919,0.4873,452,2,3,0,104.0,0.0,50,13,1.57,0
28,Male,PhD,Thiruvananthapuram,eClerx,Software Engineer,EdTech,Hybrid,7,768287,23100,24977.0,529.0,1258868.0,25177,0.3932,606,1,16,2,58.0,0.0,0,23,2.52,0
30,Female,Master,Ujjain,Tech Mahindra,Mobile Developer,Consulting,Part-time,9,843951,23396,62799.0,9479.0,1998196.0,39963,0.5682,535,5,18,1,108.0,4.0,100,6,2.94,0
50,Male,Bachelor,Cuttack,Meesho,IT Consultant,E-commerce,Full-time,28,1681649,56150,,42227.0,423962.0,8479,0.0605,719,1,59,0,73.0,13.0,0,25,4.71,1
28,Female,Bachelor,Jabalpur,Birlasoft,Engineering Manager,Telecom,Hybrid,5,724759,22988,85209.0,12182.0,1517201.0,30344,0.5024,605,3,11,0,8.0,,100,11,2.69,0
52,Female,Master,Bhiwandi,Unacademy,Full Stack Developer,Banking,Full-time,29,2028972,73037,,4000.0,451495.0,9029,0.0534,669,3,59,2,8.0,5.0,50,19,4.6,1
29,Male,Bachelor,Kota,Byju s,DevOps Engineer,HealthTech,Full-time,7,654959,16608,68235.0,,0.0,0,0.0,491,2,19,2,67.0,0.0,75,31,2.88,0
32,Female,Master,Kota,BrowserStack,QA Engineer,Defense,Full-time,11,833846,20878,47229.0,5764.0,0.0,0,0.0,523,2,22,3,27.0,20.0,50,7,3.06,0
29,Female,Diploma,Allahabad,KPIT Technologies,Business Analyst,Consulting,Remote,6,592263,19359,439871.0,4302.0,85161.0,1703,0.0345,554,3,15,2,104.0,0.0,0,5,3.29,0
45,Female,Bachelor,Malegaon,Quick Heal,Network Engineer,FinTech,Full-time,22,1432383,53564,161605.0,97787.0,531397.0,10627,0.089,627,2,43,2,58.0,4.0,50,3,4.39,0
31,Male,Bachelor,Agra,Trigent,Test Automation Engineer,SaaS,Full-time,8,672069,27779,36469.0,15798.0,0.0,0,0.0,498,2,18,5,23.0,9.0,50,15,2.39,0
54,Male,Master,Vadodara,BrowserStack,System Architect,Consulting,Remote,32,2207632,56419,38114.0,,685983.0,13719,0.0746,741,4,64,4,75.0,9.0,50,15,5.0,0
36,Male,Master,Tiruppur,EXL Service,Backend Developer,FinTech,Full-time,13,1108045,42333,47422.0,114825.0,0.0,0,0.0,639,6,25,2,2.0,2.0,100,38,3.93,0
26,Male,Master,Lucknow,Accenture India,Director of Engineering,E-commerce,Full-time,3,555555,18756,102567.0,112651.0,0.0,0,0.0,558,1,10,0,33.0,0.0,75,26,3.48,0
47,Male,Master,Gwalior,PhonePe,ETL Developer,Telecom,Full-time,23,1645311,49124,10168.0,359452.0,102268.0,2045,0.0149,627,2,50,2,91.0,4.0,100,5,4.32,0
32,Female,Master,Bhubaneswar,Capgemini India,Lead Engineer,SaaS,Contract,12,1015467,33932,16957.0,14917.0,103528.0,2070,0.0245,672,3,29,1,101.0,11.0,50,30,3.66,0
35,Female,Bachelor,Bhopal,Freshworks,Data Analyst,E-commerce,Remote,12,1009342,41950,8243.0,3991.0,0.0,0,0.0,628,1,27,2,24.0,14.0,50,21,3.82,0
47,Male,Master,Malegaon,Genpact,Security Analyst,Banking,Full-time,25,1841376,83590,43551.0,2042.0,0.0,0,0.0,702,3,51,3,31.0,,75,32,4.61,1
32,Female,Diploma,Dehradun,ThoughtWorks India,Lead Engineer,Manufacturing,Full-time,12,1025789,42032,29406.0,102575.0,559187.0,11183,0.1308,552,3,22,2,20.0,8.0,50,37,3.28,0
29,Female,Master,Jamnagar,L&T Infotech,QA Engineer,Startup,Full-time,9,879035,29034,480785.0,8670.0,0.0,0,0.0,550,4,16,1,7.0,8.0,100,14,3.31,0
22,Male,Bachelor,Nellore,Genpact,Scrum Master,Startup,Hybrid,0,369049,16406,119046.0,253.0,0.0,0,0.0,532,5,2,3,99.0,0.0,50,13,2.75,0
35,Male,Diploma,Amravati,Syntel India,Senior Software Engineer,Banking,Remote,13,1006228,32802,199483.0,1871.0,0.0,0,0.0,588,2,29,2,28.0,10.0,0,18,3.12,0
50,Male,PhD,Patna,Postman,System Architect,Telecom,Contract,30,2161249,98153,104982.0,3437.0,83148.0,1662,0.0092,690,1,59,2,8.0,16.0,100,24,4.57,1
50,Male,PhD,Bhilai,EXL Service,ETL Developer,Defense,Contract,29,1994264,78625,57633.0,43903.0,0.0,0,0.0,721,3,58,2,106.0,3.0,100,19,4.8,1
22,Female,Bachelor,Mysuru,Tata Elxsi,Solutions Architect,E-commerce,Full-time,0,233995,6638,17428.0,20917.0,0.0,0,0.0,507,4,0,4,106.0,0.0,75,13,2.59,0
25,Female,Master,Lucknow,Publicis Sapient,BI Developer,FinTech,Full-time,2,442345,12163,113406.0,36206.0,,26258,0.7123,473,2,6,1,101.0,0.0,50,13,1.99,0
56,Male,Master,Varanasi,Wipro,Engineering Manager,Banking,Full-time,34,2314532,95223,15890.0,142321.0,1848260.0,36965,0.1916,767,3,68,2,103.0,22.0,100,20,5.0,1
39,Male,Bachelor,Gwalior,Nagarro India,Solutions Architect,SaaS,Full-time,17,1068587,40532,166507.0,16229.0,0.0,0,0.0,619,4,39,2,14.0,,75,4,4.3,1
51,Female,Master,Navi Mumbai,Tata Elxsi,Scrum Master,Manufacturing,Full-time,28,1881327,72899,74473.0,6578.0,1307967.0,26159,0.1669,701,3,55,1,3.0,22.0,50,9,4.65,1
41,Male,Diploma,Tiruchirappalli,Happiest Minds,Director of Engineering,EdTech,Full-time,21,1290948,44955,39525.0,102420.0,0.0,0,0.0,706,2,45,3,26.0,4.0,100,28,4.65,0
25,Male,Master,Nellore,Xoriant,BI Developer,SaaS,Contract,5,637375,15628,20166.0,46071.0,75575.0,1511,0.0284,590,2,13,2,8.0,0.0,100,35,2.99,0
39,Female,Bachelor,Cuttack,Infosys,Database Administrator,HealthTech,Full-time,16,1149694,48222,219797.0,14452.0,0.0,0,0.0,655,2,32,2,26.0,17.0,0,33,4.13,0
48,Female,Master,Mysuru,CleverTap,Data Analyst,SaaS,Part-time,27,1857083,82486,14536.0,45909.0,658579.0,13171,0.0851,771,2,51,5,17.0,12.0,0,12,4.14,0
25,Female,Diploma,Chennai,Meesho,Cloud Architect,Government,Part-time,5,635290,23584,200649.0,42082.0,67008.0,1340,0.0253,532,4,15,0,38.0,0.0,25,10,2.96,0
45,Female,Master,Coimbatore,NIIT Technologies,Solutions Architect,FinTech,Full-time,24,1720064,77627,153654.0,230367.0,1729711.0,34594,0.2413,683,2,49,3,95.0,24.0,100,10,4.38,0
46,Male,Diploma,Dhanbad,IBM India,Engineering Manager,Banking,Full-time,23,1499872,35516,109998.0,9761.0,0.0,0,0.0,739,1,45,6,47.0,22.0,0,27,4.63,1
45,Male,High School,Gurgaon,Razorpay,Principal Engineer,Manufacturing,Contract,25,1727824,66193,,33005.0,1217379.0,24347,0.1691,664,3,49,2,103.0,7.0,0,6,4.12,0
27,Male,Bachelor,Aurangabad,Mindtree,Project Manager,HealthTech,Full-time,5,712697,26239,10437.0,26739.0,1815831.0,36316,0.6115,463,3,11,0,96.0,0.0,50,4,1.82,0
51,Male,High School,Ajmer,Razorpay,AI Researcher,Defense,Full-time,28,1721008,70919,12593.0,36636.0,1745210.0,34904,0.2434,761,4,58,1,39.0,19.0,75,22,4.39,0
23,Female,Diploma,Noida,Nagarro India,Frontend Developer,HealthTech,Full-time,0,294248,9492,10514.0,17414.0,0.0,0,0.0,570,3,3,2,,0.0,50,0,3.5,0
42,Female,Master,Coimbatore,Zetwerk,Product Manager,FinTech,Remote,20,1568259,56954,55728.0,935004.0,1597544.0,31950,0.2445,675,1,37,5,110.0,9.0,75,35,3.77,0
45,Female,High School,Gurgaon,Infosys,Product Manager,Defense,Full-time,23,1449523,46404,69168.0,8704.0,306128.0,6122,0.0507,732,2,45,1,37.0,12.0,0,16,4.35,1
43,Male,Diploma,Mysuru,Hexaware,Mobile Developer,Government,Full-time,21,1553610,39549,81966.0,1622.0,0.0,0,0.0,691,1,42,1,109.0,2.0,75,26,4.1,0
49,Female,Bachelor,Bareilly,Meesho,QA Engineer,Telecom,Contract,29,1938183,64175,144242.0,38205.0,1110220.0,22204,0.1375,804,4,58,0,36.0,14.0,50,2,5.0,1
23,Female,Bachelor,Malegaon,Persistent Systems,Database Administrator,FinTech,Full-time,3,451135,12968,220759.0,69574.0,1985242.0,39704,1.0561,493,1,4,3,14.0,0.0,25,37,1.39,0
37,Female,Master,Chennai,Birlasoft,Frontend Developer,E-commerce,Remote,15,1302973,45126,794304.0,26580.0,308677.0,6173,0.0569,575,4,33,2,22.0,14.0,75,11,2.7,0
36,Female,Diploma,Jalandhar,HCL Technologies,QA Engineer,Manufacturing,Contract,15,1139186,36589,,19942.0,0.0,0,0.0,588,5,35,3,27.0,14.0,100,38,4.09,0
54,Male,Diploma,Hubballi,Wipro,IT Consultant,Government,Full-time,30,1741879,48699,18399.0,11002.0,477343.0,9546,0.0658,685,3,62,2,3.0,20.0,50,32,3.98,0
37,Male,Bachelor,Lucknow,Xoriant,Business Analyst,Banking,Contract,13,960650,23838,29662.0,20841.0,1691494.0,33829,0.4226,566,2,25,2,12.0,6.0,25,9,2.1,0
26,Male,Bachelor,Chandigarh,Geometric,Mobile Developer,Manufacturing,Full-time,5,569098,25118,22878.0,78931.0,1792619.0,35852,0.756,473,4,14,0,10.0,0.0,0,16,1.18,0
26,Male,Bachelor,Varanasi,CRED,Scrum Master,Telecom,Full-time,5,554259,18850,120256.0,,0.0,0,0.0,468,5,7,0,119.0,0.0,75,13,3.67,0
56,Female,Bachelor,Jalandhar,Hexaware,Backend Developer,E-commerce,Hybrid,33,2340346,58501,33429.0,89816.0,1733828.0,34676,0.1778,820,5,70,1,91.0,4.0,50,27,4.65,0
51,Male,Bachelor,Ajmer,Kellton Tech,ML Engineer,EdTech,Full-time,31,2029621,78907,74316.0,112615.0,0.0,0,0.0,767,2,66,2,25.0,22.0,50,28,4.5,1
39,Female,Master,Amritsar,Sonata Software,VP Engineering,E-commerce,Full-time,15,1170173,31846,30231.0,21035.0,68897.0,1377,0.0141,657,3,34,3,98.0,19.0,0,18,3.44,0
34,Female,Master,Amravati,Sonata Software,BI Developer,Manufacturing,Remote,12,1043720,25534,226825.0,110711.0,135847.0,2716,0.0312,632,5,23,1,50.0,20.0,50,1,4.13,0
23,Female,Master,Nanded,Hexaware,DevOps Engineer,Consulting,Contract,2,380513,14269,,598.0,,3450,0.1088,531,1,6,3,106.0,0.0,0,23,2.92,0
22,Male,Bachelor,Loni,Zetwerk,Engineering Manager,Consulting,Contract,1,336995,11446,44204.0,82950.0,1860486.0,37209,1.325,498,4,2,0,74.0,0.0,0,25,1.0,0
40,Male,Master,Hyderabad,Zoho,DevOps Engineer,Defense,Remote,18,1327495,53335,110111.0,29269.0,0.0,0,0.0,577,5,41,1,117.0,22.0,100,36,3.65,0
47,Female,Master,Bikaner,Nagarro India,Engineering Manager,Telecom,Full-time,25,1770633,69762,12244.0,65553.0,90257.0,1805,0.0122,765,4,55,1,,24.0,100,24,5.0,1
42,Male,PhD,Bangalore,CleverTap,Product Manager,E-commerce,Remote,18,1541573,37716,57036.0,818.0,947214.0,18944,0.1475,674,2,34,1,64.0,17.0,75,14,3.99,0
24,Male,Master,Amritsar,Publicis Sapient,AI Researcher,Defense,Full-time,3,422150,13436,373320.0,38599.0,1776867.0,35537,1.0102,583,0,6,0,5.0,0.0,75,17,1.23,0
36,Non-binary,Diploma,Akola,Subex,Technical Lead,EdTech,Hybrid,15,1127708,48705,413328.0,80410.0,1852861.0,37057,0.3943,602,4,27,1,95.0,18.0,75,5,3.11,0
47,Female,Bachelor,Kolkata,Freshworks,System Architect,FinTech,Full-time,25,1708036,75296,92544.0,17413.0,0.0,0,0.0,734,2,52,1,49.0,22.0,0,22,4.89,1
41,Female,Master,Gulbarga,InMobi,Network Engineer,SaaS,Hybrid,17,1351366,61481,52854.0,183454.0,577773.0,11555,0.1026,681,0,34,1,16.0,11.0,75,29,3.86,1
28,Female,Bachelor,Kolhapur,Coforge,ETL Developer,Manufacturing,Remote,7,715307,29264,48867.0,38717.0,0.0,0,0.0,516,3,11,1,40.0,0.0,25,19,3.5,0
49,Male,Master,Chennai,Nielsen India,Test Automation Engineer,Banking,Full-time,28,2014125,50428,61011.0,,1543383.0,30867,0.1839,705,3,57,2,105.0,17.0,25,7,4.54,0
24,Female,Diploma,Guwahati,Happiest Minds,Solutions Architect,HealthTech,Full-time,4,439067,15291,33100.0,6385.0,0.0,0,0.0,563,3,13,3,39.0,0.0,100,23,2.93,0
57,Male,Bachelor,Jalandhar,Syntel India,Mobile Developer,SaaS,Contract,35,2193583,55957,22139.0,22601.0,1187272.0,23745,0.1299,744,3,75,3,39.0,20.0,50,20,4.39,1
26,Male,Bachelor,Rajkot,Razorpay,Database Administrator,Defense,Contract,3,519359,19893,49475.0,16728.0,0.0,0,0.0,533,7,6,2,33.0,0.0,75,17,2.39,0
26,Male,Bachelor,Chennai,Nucleus Software,QA Engineer,E-commerce,Remote,5,637451,18361,244027.0,,0.0,0,0.0,493,1,8,1,101.0,0.0,75,12,2.6,0
44,Male,Bachelor,Jabalpur,Cyient,ETL Developer,SaaS,Part-time,23,1559349,46171,708234.0,8820.0,,36790,0.2831,711,3,49,1,34.0,7.0,75,34,4.28,0
22,Male,High School,Jalgaon,Happiest Minds,Data Scientist,Startup,Full-time,1,249467,7378,93205.0,5071.0,0.0,0,0.0,521,4,2,1,117.0,0.0,50,36,2.37,0
50,Male,Diploma,Navi Mumbai,Freshworks,Full Stack Developer,Government,Remote,26,1646538,55568,80412.0,17079.0,246386.0,4927,0.0359,689,1,50,1,36.0,16.0,50,27,4.5,0
47,Female,Bachelor,Bhilai,Robosoft,Scrum Master,Telecom,Full-time,27,1732358,51063,61882.0,4607.0,0.0,0,0.0,731,1,57,1,56.0,8.0,100,3,4.68,0
54,Female,Bachelor,Dhanbad,Nielsen India,ETL Developer,Government,Remote,32,2017103,48675,268353.0,12536.0,413986.0,8279,0.0493,727,2,61,3,49.0,22.0,75,25,5.0,1
35,Female,Diploma,Kolhapur,Unacademy,Product Manager,E-commerce,Remote,12,1021555,45338,234430.0,3668.0,628730.0,12574,0.1477,574,2,26,1,63.0,,50,25,3.4,0
31,Female,Bachelor,Nagpur,Subex,Backend Developer,EdTech,Contract,9,808169,31958,7788.0,69738.0,82342.0,1646,0.0244,509,1,16,3,12.0,6.0,50,16,3.85,0
27,Male,Bachelor,Vadodara,Sigmoid Analytics,Senior Data Scientist,Manufacturing,Full-time,3,560020,23644,25432.0,52219.0,0.0,0,0.0,564,3,8,2,21.0,0.0,0,35,2.89,0
50,Female,Diploma,Solapur,Unacademy,Mobile Developer,Government,Full-time,28,1738586,69012,19154.0,770323.0,1201369.0,24027,0.1658,683,5,56,0,32.0,22.0,0,8,4.66,1
50,Female,Bachelor,Howrah,Nielsen India,Backend Developer,Defense,Contract,28,1817775,68834,820294.0,99703.0,0.0,0,0.0,814,4,57,2,32.0,12.0,50,19,4.49,1
45,Female,Bachelor,Jodhpur,Nihilent,Data Scientist,FinTech,Remote,24,1736467,58607,,18408.0,749780.0,14995,0.1036,614,1,49,2,73.0,23.0,25,6,3.9,0
53,Male,Master,Loni,Genpact,Software Engineer,Defense,Full-time,29,2032697,60279,397918.0,7317.0,59143.0,1182,0.007,777,1,59,3,61.0,12.0,50,34,4.61,1
53,Female,High School,Loni,Trigent,Project Manager,Startup,Contract,30,1996308,87758,280983.0,17034.0,0.0,0,0.0,681,3,60,0,66.0,12.0,0,10,4.21,0
47,Female,Master,Rajkot,Zoho,DevOps Engineer,FinTech,Full-time,24,1788244,64020,11021.0,16986.0,1623178.0,32463,0.2178,769,4,53,5,12.0,23.0,0,24,4.74,1
30,Female,Diploma,Salem,Quick Heal,Technical Lead,HealthTech,Full-time,9,792700,31838,77050.0,7411.0,0.0,0,0.0,650,4,18,1,20.0,15.0,50,15,3.05,0
43,Male,Bachelor,Kota,Accenture India,Product Manager,Consulting,Hybrid,21,1318381,42513,16937.0,12418.0,1719891.0,34397,0.3131,728,5,41,3,5.0,5.0,50,37,4.27,0
35,Male,Bachelor,Gurgaon,Quick Heal,AI Researcher,HealthTech,Part-time,15,890329,40114,152517.0,15515.0,0.0,0,0.0,665,5,32,2,6.0,20.0,75,2,4.23,0
30,Male,Diploma,Dehradun,CRED,Full Stack Developer,EdTech,Full-time,7,809046,36413,68334.0,4644.0,313665.0,6273,0.093,544,2,15,3,55.0,0.0,50,27,2.99,0
38,Non-binary,Master,Nagpur,Net Solutions,Director of Engineering,Startup,Remote,16,1319798,43721,265038.0,5674.0,0.0,0,0.0,625,4,34,0,33.0,6.0,100,13,3.93,0
26,Non-binary,Master,Durgapur,Happiest Minds,Test Automation Engineer,Consulting,Full-time,4,440721,15302,171549.0,53957.0,190965.0,3819,0.104,596,3,9,0,74.0,0.0,50,24,3.49,0
49,Male,Bachelor,Gurgaon,Apexon,IT Consultant,EdTech,Part-time,26,1664725,47567,134904.0,4718.0,0.0,0,0.0,654,2,57,3,94.0,12.0,0,3,3.97,0
47,Female,Master,Jabalpur,Firstsource,Data Scientist,Consulting,Remote,26,1890041,61566,21175.0,593500.0,750414.0,15008,0.0953,654,4,57,2,89.0,15.0,0,20,3.95,0
32,Male,Bachelor,Coimbatore,Tata Elxsi,Project Manager,Banking,Full-time,8,841784,19723,13982.0,9628.0,283261.0,5665,0.0808,568,3,14,2,75.0,21.0,50,18,2.96,0
38,Male,Diploma,Gurgaon,Ola,Security Analyst,HealthTech,Part-time,18,1397049,34697,44053.0,4553.0,0.0,0,0.0,678,1,41,1,55.0,8.0,50,15,4.25,0
23,Female,Diploma,Vijayawada,Zerodha,Principal Engineer,SaaS,Remote,0,180000,4265,16413.0,,0.0,0,0.0,519,1,0,2,2.0,0.0,0,5,3.14,0
43,Female,PhD,Nanded,HCL Technologies,QA Engineer,E-commerce,Hybrid,19,1481992,53832,25788.0,41963.0,1639782.0,32795,0.2655,603,1,39,3,87.0,8.0,50,12,3.87,0
35,Male,Bachelor,Aligarh,Happiest Minds,ML Engineer,FinTech,Full-time,13,1040278,34714,7268.0,36534.0,1412383.0,28247,0.3258,597,4,25,3,100.0,23.0,75,22,2.43,0
39,Female,Diploma,Thiruvananthapuram,Zoho,Data Analyst,Defense,Remote,18,1243618,30461,9137.0,16439.0,749023.0,14980,0.1445,707,3,40,1,6.0,13.0,50,35,4.13,0
49,Non-binary,Master,Ludhiana,Coforge,Solutions Architect,Government,Full-time,28,2045024,67423,22824.0,270450.0,767158.0,15343,0.09,755,4,59,1,105.0,19.0,25,27,4.63,1
35,Male,Bachelor,Hyderabad,Robosoft,BI Developer,Defense,Full-time,13,822296,23406,98626.0,7566.0,422359.0,8447,0.1233,645,4,24,5,90.0,11.0,100,1,3.42,0
36,Male,Diploma,Dehradun,Mphasis,Senior Data Scientist,Consulting,Full-time,14,1023126,43062,20456.0,21352.0,0.0,0,0.0,687,3,33,3,53.0,19.0,75,34,3.84,0
54,Female,Master,Bareilly,Uniphore,Test Automation Engineer,E-commerce,Part-time,33,2119774,50547,118054.0,6825.0,289580.0,5791,0.0328,704,3,71,4,101.0,23.0,75,1,5.0,1
38,Male,Bachelor,Gurgaon,Cyient DLM,Engineering Manager,Government,Remote,15,1026874,26337,48836.0,34879.0,,1496,0.0175,618,2,27,1,21.0,14.0,0,6,3.5,0
55,Female,Bachelor,Nashik,Unacademy,Frontend Developer,SaaS,Full-time,31,1893121,54287,41728.0,6196.0,0.0,0,0.0,815,6,63,1,44.0,22.0,0,12,5.0,1
29,Male,Bachelor,Aurangabad,Vedantu,Network Engineer,FinTech,Full-time,5,552024,13166,59850.0,65310.0,374496.0,7489,0.1628,565,1,9,3,,0.0,0,39,3.19,0
48,Female,Bachelor,Bhilai,Trigent,Network Engineer,Startup,Full-time,27,1805353,65814,,45427.0,0.0,0,0.0,644,3,56,1,56.0,10.0,0,8,4.63,0
26,Male,Bachelor,Loni,Kellton Tech,Test Automation Engineer,Defense,Full-time,6,643515,24429,232465.0,6490.0,838297.0,16765,0.3126,570,4,9,2,99.0,0.0,0,2,2.67,0
43,Male,Bachelor,Hubballi,Persistent Systems,Network Engineer,Manufacturing,Full-time,19,1341492,38373,52844.0,985.0,0.0,0,0.0,636,2,35,3,74.0,12.0,75,29,4.53,0
40,Male,Bachelor,Dehradun,Trigent,ML Engineer,Manufacturing,Full-time,17,1068247,44878,76835.0,,0.0,0,0.0,560,4,34,2,7.0,21.0,0,8,3.77,0
46,Male,Diploma,Chandigarh,Chargebee,DevOps Engineer,Manufacturing,Full-time,22,1516442,50324,113224.0,37367.0,0.0,0,0.0,687,1,48,1,71.0,19.0,75,15,3.76,0
47,Male,PhD,Tiruchirappalli,Xoriant,Project Manager,EdTech,Contract,25,1815529,81158,221940.0,2232.0,1806204.0,36124,0.2388,636,1,51,3,101.0,21.0,50,4,4.18,1
34,Female,Bachelor,Bhopal,Zomato,Project Manager,FinTech,Full-time,14,901154,21072,137791.0,2688.0,0.0,0,0.0,595,4,30,2,47.0,7.0,50,17,3.81,0
22,Female,Bachelor,Nanded,Druva,IT Consultant,SaaS,Contract,0,273124,7538,,65600.0,325251.0,6505,0.2858,517,1,0,3,92.0,0.0,100,34,2.09,0
32,Male,Bachelor,Bhavnagar,WNS Global,QA Engineer,Manufacturing,Contract,9,866133,22406,57717.0,443908.0,1011484.0,20229,0.2803,538,3,16,2,42.0,20.0,100,3,2.97,0
28,Male,Master,Bhubaneswar,Zetwerk,Software Engineer,EdTech,Full-time,6,790858,33325,81939.0,68404.0,149025.0,2980,0.0452,518,3,16,0,119.0,0.0,75,13,3.07,0
27,Female,Bachelor,Dhanbad,Unacademy,ETL Developer,EdTech,Full-time,5,576921,20363,15344.0,9567.0,0.0,0,0.0,574,3,8,1,29.0,0.0,50,28,3.02,0
41,Male,Master,Bhopal,EXL Service,BI Developer,E-commerce,Full-time,20,1354197,35035,209770.0,153259.0,0.0,0,0.0,742,4,37,1,54.0,6.0,100,26,4.83,1
53,Non-binary,Bachelor,Chandigarh,BrowserStack,Test Automation Engineer,Government,Hybrid,30,1998914,72878,30675.0,108263.0,0.0,0,0.0,745,6,59,0,44.0,21.0,25,20,5.0,1
51,Male,Bachelor,Varanasi,Zomato,AI Researcher,EdTech,Full-time,30,2063852,52202,9651.0,5883.0,1827960.0,36559,0.2126,736,1,59,1,52.0,20.0,0,13,4.34,0
35,Female,Master,Allahabad,BrowserStack,ML Engineer,FinTech,Full-time,12,1074426,34842,62615.0,51823.0,491047.0,9820,0.1097,552,3,24,1,52.0,12.0,0,24,2.94,0
26,Female,Diploma,Guwahati,PhonePe,IT Consultant,Startup,Hybrid,4,466489,16867,24217.0,3171.0,0.0,0,0.0,597,1,6,0,107.0,0.0,100,39,3.74,0
32,Female,Bachelor,Udaipur,Mindtree,Senior Software Engineer,Telecom,Contract,10,702410,22962,16323.0,15542.0,0.0,0,0.0,599,3,24,3,12.0,14.0,50,6,3.79,0
40,Male,Master,Jodhpur,Nagarro India,Project Manager,Startup,Hybrid,18,1462370,36426,146815.0,2886.0,,19398,0.1592,571,3,37,2,0.0,10.0,25,6,3.45,0
56,Female,Bachelor,Jamnagar,WNS Global,Business Analyst,Defense,Full-time,33,2153204,66210,45989.0,730.0,422963.0,8459,0.0471,709,2,68,2,106.0,21.0,50,9,4.84,1
56,Female,Bachelor,Amritsar,Ola,ML Engineer,Banking,Contract,32,2146464,80490,39257.0,126285.0,0.0,0,0.0,691,4,61,3,62.0,21.0,50,9,4.56,0
41,Male,High School,Aurangabad,Nielsen India,Principal Engineer,Banking,Full-time,18,1047825,27649,61691.0,11356.0,1014811.0,20296,0.2324,694,1,33,0,114.0,16.0,25,19,3.98,0
51,Male,High School,Ajmer,Vedantu,Technical Lead,FinTech,Full-time,31,2004248,86239,20239.0,5774.0,1155847.0,23116,0.1384,775,3,67,1,81.0,19.0,0,30,4.93,1
49,Male,Master,Guwahati,NIIT Technologies,Test Automation Engineer,Startup,Full-time,27,1878627,72254,247701.0,53026.0,0.0,0,0.0,766,3,55,2,99.0,4.0,50,23,4.34,0
27,Male,Master,Bhiwandi,Infosys,System Architect,E-commerce,Contract,6,737146,30585,22685.0,14801.0,0.0,0,0.0,514,5,16,2,28.0,0.0,50,8,2.94,0
57,Female,High School,Jamshedpur,Geometric,ETL Developer,EdTech,Remote,34,2101975,82543,50292.0,99277.0,0.0,0,0.0,752,1,70,0,53.0,20.0,50,37,4.85,1
44,Male,Bachelor,Jalandhar,Srijan Technologies,QA Engineer,FinTech,Contract,24,1608713,63797,13915.0,16859.0,1955535.0,39110,0.2917,733,0,52,2,,2.0,75,1,4.67,0
56,Male,Diploma,Siliguri,Byju s,Mobile Developer,Defense,Full-time,35,2294119,60493,38925.0,15781.0,,36406,0.1904,790,5,70,2,76.0,12.0,0,26,4.67,0
40,Female,Bachelor,Indore,Zetwerk,Full Stack Developer,Startup,Hybrid,16,1207669,42145,26999.0,45240.0,1808124.0,36162,0.3593,640,4,34,1,,13.0,0,35,3.22,0
56,Male,Bachelor,Madurai,Cybage,VP Engineering,HealthTech,Contract,34,2049978,76479,21635.0,40538.0,89214.0,1784,0.0104,712,2,73,1,1.0,14.0,75,38,4.72,0
47,Male,Bachelor,Kanpur,Sasken,Frontend Developer,Telecom,Remote,24,1538218,63612,14233.0,5181.0,345292.0,6905,0.0539,667,1,49,4,49.0,16.0,100,24,4.07,0
40,Female,Bachelor,Jaipur,Subex,Network Engineer,Consulting,Hybrid,19,1224739,54651,32404.0,246354.0,0.0,0,0.0,713,2,39,2,119.0,2.0,25,10,3.55,0
29,Male,Master,Surat,Ola,Engineering Manager,EdTech,Remote,5,690701,23384,149641.0,2536.0,0.0,0,0.0,574,3,9,0,84.0,0.0,100,32,3.6,0
57,Female,Bachelor,Amravati,Birlasoft,VP Engineering,Manufacturing,Full-time,35,2260386,98828,189626.0,,,12133,0.0644,787,2,70,3,41.0,11.0,25,15,5.0,1
35,Male,Bachelor,Durgapur,eClerx,Business Analyst,Telecom,Part-time,14,1157129,36274,18922.0,26302.0,0.0,0,0.0,687,3,33,2,96.0,5.0,50,18,3.47,0
33,Female,Master,Siliguri,Zomato,BI Developer,Banking,Full-time,10,888260,20911,41005.0,19667.0,0.0,0,0.0,659,3,21,1,45.0,3.0,50,7,4.14,0
34,Non-binary,Bachelor,Salem,Cybage,Mobile Developer,E-commerce,Full-time,13,935916,36367,45641.0,6406.0,1116378.0,22327,0.2863,630,1,29,3,116.0,23.0,50,18,3.37,0
44,Male,Bachelor,Varanasi,Firstsource,Data Analyst,Government,Full-time,24,1553269,46445,93460.0,1372.0,1363125.0,27262,0.2106,643,2,48,2,47.0,24.0,50,20,3.93,0
43,Female,Master,Raipur,L&T Infotech,Engineering Manager,Consulting,Remote,19,1402198,48081,56589.0,4396.0,1009719.0,20194,0.1728,632,3,36,3,,20.0,0,26,3.77,0
31,Male,Diploma,Durgapur,HCL Technologies,ML Engineer,HealthTech,Contract,7,568131,19335,27637.0,92435.0,1427076.0,28541,0.6028,529,2,17,2,38.0,0.0,25,12,1.49,0
28,Male,PhD,Ranchi,L&T Infotech,Cloud Architect,SaaS,Hybrid,6,711847,29782,81032.0,4347.0,512541.0,10250,0.1728,566,2,10,5,113.0,0.0,100,17,3.11,0
46,Male,Bachelor,Aligarh,Mastek,Backend Developer,Defense,Full-time,23,1680635,52757,210458.0,8377.0,1490636.0,29812,0.2129,645,5,50,4,12.0,22.0,0,18,4.03,0
29,Female,Bachelor,Noida,Nagarro India,Project Manager,Manufacturing,Part-time,9,866275,33051,211707.0,15353.0,0.0,0,0.0,521,7,21,0,37.0,,50,20,3.84,0
44,Male,Master,Dhanbad,Robosoft,ML Engineer,Banking,Full-time,23,1583055,63331,348630.0,8707.0,1006475.0,20129,0.1526,701,3,50,3,48.0,22.0,50,19,4.23,0
41,Male,PhD,Gorakhpur,Xoriant,AI Researcher,SaaS,Part-time,21,1582185,56022,73459.0,891.0,1054314.0,21086,0.1599,701,3,42,3,41.0,20.0,25,22,4.29,1
45,Female,Bachelor,Navi Mumbai,HCL Technologies,Full Stack Developer,Banking,Contract,21,1417183,64476,70824.0,67031.0,0.0,0,0.0,653,4,47,1,80.0,9.0,100,39,4.54,0
24,Non-binary,Bachelor,Guwahati,Infosys,Mobile Developer,Manufacturing,Remote,4,573976,22755,33952.0,,1487370.0,29747,0.6219,512,2,11,2,22.0,0.0,50,32,2.17,0
42,Male,Master,Jamshedpur,InMobi,Principal Engineer,E-commerce,Full-time,21,1535835,49314,21229.0,15352.0,0.0,0,0.0,636,5,42,3,103.0,3.0,75,28,4.33,0
34,Female,Bachelor,Jamnagar,GlobalLogic,Solutions Architect,FinTech,Full-time,11,909501,27791,86973.0,3477.0,1256721.0,25134,0.3316,534,0,26,2,62.0,9.0,0,10,3.15,0
44,Female,Master,Bangalore,HCL Technologies,Mobile Developer,HealthTech,Full-time,20,1466568,65404,160209.0,8121.0,0.0,0,0.0,731,3,45,0,104.0,9.0,25,37,4.46,0
22,Female,PhD,Ludhiana,Nielsen India,Full Stack Developer,HealthTech,Contract,1,583492,20591,76280.0,,1516149.0,30322,0.6236,453,1,0,0,97.0,0.0,75,15,2.09,0
54,Male,Master,Jabalpur,Subex,ML Engineer,Consulting,Contract,33,2207647,100451,26524.0,299751.0,455022.0,9100,0.0495,697,0,71,1,36.0,20.0,100,23,4.38,0
53,Female,Bachelor,Mangalore,Datamatics,QA Engineer,E-commerce,Full-time,31,1848737,65817,35012.0,21516.0,0.0,0,0.0,748,6,61,0,97.0,,75,30,5.0,1
55,Female,Bachelor,Chennai,PhonePe,Business Analyst,SaaS,Remote,32,2125456,74916,30313.0,8113.0,103134.0,2062,0.0116,768,1,69,2,77.0,7.0,0,11,5.0,1
26,Female,Master,Amravati,Hexaware,Backend Developer,EdTech,Full-time,2,346131,11460,51580.0,,1011555.0,20231,0.7014,540,1,3,3,18.0,0.0,100,33,1.82,0
38,Male,High School,Agra,Cognizant,ETL Developer,EdTech,Full-time,14,1070241,26434,62630.0,86544.0,237428.0,4748,0.0532,617,4,27,3,30.0,3.0,100,24,3.42,0
46,Male,Master,Delhi,Swiggy,Cloud Architect,Startup,Full-time,22,1522411,57880,80905.0,22921.0,0.0,0,0.0,737,1,41,2,2.0,13.0,0,30,5.0,1
31,Female,Bachelor,Guntur,Razorpay,ML Engineer,SaaS,Remote,9,757236,27100,377436.0,13155.0,,0,0.0,629,2,23,2,88.0,15.0,75,30,4.19,0
30,Male,Master,Jabalpur,Freshworks,DevOps Engineer,FinTech,Hybrid,9,985839,37927,81859.0,189714.0,844030.0,16880,0.2055,529,1,22,0,80.0,9.0,75,8,3.77,0
41,Male,PhD,Pune,Kellton Tech,Test Automation Engineer,Manufacturing,Full-time,17,1169633,33814,594491.0,21387.0,1068269.0,21365,0.2192,571,0,38,1,59.0,8.0,25,38,2.88,0
52,Female,Bachelor,Jalgaon,Mastek,Security Analyst,Defense,Contract,31,1808511,50106,14936.0,467.0,0.0,0,0.0,705,1,65,1,,23.0,0,29,4.27,1
57,Female,Master,Kolkata,Datavail Infotech,Senior Software Engineer,Government,Full-time,33,2188068,55484,16017.0,2905.0,,29216,0.1602,826,2,68,2,79.0,8.0,75,15,4.83,1
29,Female,Diploma,Vadodara,ThoughtWorks India,Network Engineer,HealthTech,Full-time,8,645624,29074,210887.0,17462.0,783934.0,15678,0.2914,578,4,15,0,45.0,10.0,25,36,2.93,0
28,Female,PhD,Jodhpur,Swiggy,Director of Engineering,Defense,Hybrid,5,953561,29056,168061.0,54033.0,653561.0,13071,0.1645,567,5,15,2,69.0,0.0,75,16,2.51,0
38,Male,Bachelor,Coimbatore,Mphasis,Data Scientist,Banking,Contract,16,1281377,50617,461679.0,33400.0,1318542.0,26370,0.247,710,2,37,1,39.0,9.0,75,15,4.45,0
37,Male,Diploma,Akola,Zensar Technologies,BI Developer,Government,Full-time,13,996070,29903,11169.0,14873.0,0.0,0,0.0,636,2,28,3,34.0,18.0,50,38,3.77,0
28,Male,Bachelor,Saharanpur,Razorpay,QA Engineer,SaaS,Full-time,4,671066,22345,19448.0,4316.0,247647.0,4952,0.0886,495,1,7,3,4.0,0.0,25,19,2.22,0
51,Female,Bachelor,Durgapur,Nucleus Software,DevOps Engineer,Manufacturing,Full-time,28,1822798,56502,89659.0,13627.0,1809084.0,36181,0.2382,683,1,57,3,86.0,16.0,50,9,4.26,0
31,Male,Bachelor,Bikaner,Coda Global,Solutions Architect,E-commerce,Full-time,7,657922,16081,51442.0,,689453.0,13789,0.2515,498,3,15,4,51.0,0.0,75,29,2.56,0
56,Male,PhD,Varanasi,Nucleus Software,ETL Developer,Manufacturing,Remote,35,2265805,85221,25105.0,26330.0,0.0,0,0.0,815,4,72,0,75.0,11.0,100,9,5.0,1
37,Male,Master,Jodhpur,Unacademy,DevOps Engineer,Consulting,Full-time,14,1150601,30926,276432.0,,1114787.0,22295,0.2325,590,3,32,2,60.0,11.0,75,33,3.38,0
52,Male,Bachelor,Vijayawada,Tata Elxsi,Backend Developer,Defense,Full-time,30,1988076,68748,22653.0,37634.0,0.0,0,0.0,725,4,60,1,46.0,7.0,50,5,3.81,0
35,Male,Bachelor,Kalyan,Sonata Software,QA Engineer,Banking,Full-time,14,933572,31575,22928.0,12242.0,1643898.0,32877,0.4226,671,5,27,2,20.0,2.0,25,23,3.4,0
57,Male,PhD,Noida,EXL Service,IT Consultant,EdTech,Hybrid,35,2451869,97899,57341.0,305790.0,0.0,0,0.0,822,1,67,4,23.0,14.0,100,29,5.0,1
33,Male,Bachelor,Nellore,Razorpay,Scrum Master,Consulting,Contract,12,1071936,42331,25959.0,40779.0,1300144.0,26002,0.2911,579,1,28,2,56.0,2.0,25,36,2.46,0
30,Female,Master,Malegaon,Happiest Minds,Full Stack Developer,EdTech,Full-time,9,891524,37175,33113.0,598137.0,991238.0,19824,0.2668,533,6,19,0,7.0,24.0,75,28,2.78,0
29,Female,Bachelor,Dhanbad,Swiggy,Project Manager,Banking,Remote,5,702472,31635,34915.0,79966.0,1072769.0,21455,0.3665,541,1,15,1,56.0,0.0,100,20,2.49,0
34,Female,Bachelor,Siliguri,Subex,Solutions Architect,Startup,Remote,12,901318,24370,25859.0,42021.0,0.0,0,0.0,575,1,25,5,16.0,19.0,50,9,3.63,0
41,Male,Master,Bhavnagar,Mastek,DevOps Engineer,SaaS,Full-time,21,1565173,59768,81241.0,23498.0,0.0,0,0.0,717,0,47,2,5.0,,100,9,4.07,0
48,Male,Bachelor,Jaipur,Srijan Technologies,AI Researcher,E-commerce,Full-time,24,1623688,44837,460113.0,,0.0,0,0.0,769,3,49,2,79.0,3.0,50,5,4.62,0
57,Male,Master,Hubballi,Uniphore,Software Engineer,FinTech,Part-time,34,2255964,93221,326103.0,138886.0,1707810.0,34156,0.1817,747,2,71,4,11.0,2.0,25,35,4.49,0
44,Female,Master,Pune,Chargebee,Director of Engineering,Startup,Full-time,22,1638548,56519,,94918.0,0.0,0,0.0,669,1,49,2,119.0,14.0,25,6,4.18,0
38,Female,Diploma,Guwahati,Postman,Project Manager,Startup,Full-time,15,987631,28145,198188.0,2626.0,0.0,0,0.0,626,6,27,1,93.0,21.0,50,20,4.52,0
50,Male,PhD,Nagpur,Nihilent,Principal Engineer,Banking,Contract,29,1974048,84502,72040.0,,0.0,0,0.0,743,3,61,2,1.0,17.0,100,4,4.28,1
36,Male,Master,Udaipur,Srijan Technologies,VP Engineering,Manufacturing,Full-time,15,1195238,31233,26416.0,13712.0,1859720.0,37194,0.3734,566,1,30,4,,11.0,50,15,2.99,0
24,Female,Bachelor,Hubballi,WNS Global,Full Stack Developer,Telecom,Hybrid,1,464606,18223,24418.0,7346.0,1256969.0,25139,0.6493,521,3,1,0,48.0,0.0,100,11,1.55,0
26,Female,Bachelor,Ludhiana,Datamatics,AI Researcher,Defense,Remote,2,384526,11875,159114.0,218796.0,0.0,0,0.0,521,4,3,1,118.0,0.0,0,33,2.76,0
48,Female,Bachelor,Thiruvananthapuram,Publicis Sapient,Senior Software Engineer,Consulting,Full-time,24,1757914,55505,262639.0,10473.0,1728075.0,34561,0.2359,621,2,45,1,91.0,14.0,100,8,3.96,0
40,Male,Bachelor,Jhansi,Kellton Tech,QA Engineer,FinTech,Full-time,18,1331220,44431,177905.0,4348.0,1348139.0,26962,0.243,684,4,39,1,20.0,15.0,25,30,4.79,0
55,Male,Master,Kota,GlobalLogic,DevOps Engineer,Banking,Remote,33,2243190,65759,,10435.0,575563.0,11511,0.0616,785,2,65,1,102.0,21.0,75,1,4.68,1
25,Female,Bachelor,Ludhiana,Cybage,VP Engineering,HealthTech,Full-time,1,445945,11483,138027.0,4684.0,1920663.0,38413,1.0337,557,3,3,4,98.0,,100,13,1.28,0
52,Female,PhD,Kolhapur,Newgen Software,ML Engineer,Defense,Remote,31,2102761,65037,677299.0,24807.0,1877324.0,37546,0.2143,691,1,62,1,,4.0,50,0,4.51,0
47,Male,Bachelor,Dhanbad,eClerx,Scrum Master,Consulting,Part-time,23,1515132,35387,891108.0,79706.0,1071414.0,21428,0.1697,724,3,51,1,,23.0,50,34,3.93,0
27,Male,PhD,Firozabad,Freshworks,Business Analyst,Defense,Contract,7,751841,24236,87280.0,50546.0,0.0,0,0.0,620,3,18,4,112.0,0.0,50,28,3.75,0
49,Female,Bachelor,Nagpur,Publicis Sapient,Solutions Architect,Banking,Full-time,28,1844994,81041,134350.0,13454.0,885980.0,17719,0.1152,725,3,57,1,,17.0,0,33,3.82,0
22,Male,PhD,Allahabad,Meesho,Security Analyst,Defense,Full-time,0,572989,24395,15780.0,32226.0,1626624.0,32532,0.6813,468,3,0,1,74.0,0.0,50,17,1.38,0
30,Male,Master,Bareilly,Kellton Tech,Mobile Developer,Government,Remote,10,989061,30393,120126.0,44233.0,0.0,0,0.0,570,3,21,2,25.0,16.0,100,36,3.88,0
41,Male,PhD,Jamshedpur,Razorpay,Director of Engineering,Telecom,Full-time,18,1582685,71896,99426.0,30424.0,0.0,0,0.0,614,4,40,1,71.0,17.0,75,26,3.61,0
50,Female,Master,Udaipur,Geometric,ML Engineer,Banking,Contract,27,1904692,73229,20710.0,27749.0,0.0,0,0.0,658,4,55,1,100.0,19.0,75,6,3.96,0
38,Male,Diploma,Nellore,BrowserStack,Product Manager,Manufacturing,Full-time,16,1050113,41246,13857.0,297485.0,,11886,0.1358,593,5,32,2,86.0,17.0,75,38,3.63,0
41,Male,Master,Firozabad,Cyient,Senior Data Scientist,Government,Part-time,18,1358348,46227,152496.0,21798.0,0.0,0,0.0,706,5,40,2,36.0,19.0,100,26,3.93,0
26,Male,Bachelor,Akola,Accenture India,Full Stack Developer,HealthTech,Full-time,4,401740,11744,98380.0,79864.0,0.0,0,0.0,549,2,7,2,59.0,,100,33,3.03,0
55,Female,Master,Dhanbad,Zoho,Lead Engineer,Consulting,Remote,35,2356138,63797,2075.0,20466.0,460801.0,9216,0.0469,768,4,73,2,43.0,16.0,25,1,5.0,1
57,Male,Bachelor,Vijayawada,CleverTap,ETL Developer,Defense,Full-time,35,2202723,96226,44104.0,,0.0,0,0.0,795,4,68,3,95.0,15.0,50,33,5.0,1
51,Female,Bachelor,Bhilai,Cybage,ML Engineer,E-commerce,Full-time,30,1869947,78774,73764.0,76938.0,0.0,0,0.0,725,1,57,1,112.0,19.0,75,9,4.03,0
51,Female,Master,Vadodara,PhonePe,Database Administrator,Telecom,Hybrid,27,1723603,62560,88832.0,226087.0,1607980.0,32159,0.2239,672,3,59,3,62.0,6.0,50,33,4.57,0
26,Female,Bachelor,Ajmer,ThoughtWorks India,Product Manager,SaaS,Contract,6,706441,19186,112919.0,36880.0,0.0,0,0.0,507,2,10,4,24.0,0.0,75,32,2.22,0
23,Male,Bachelor,Akola,TCS,Lead Engineer,Manufacturing,Full-time,3,486874,12302,172135.0,99811.0,835591.0,16711,0.4119,497,3,9,1,44.0,0.0,0,8,2.31,0
31,Male,Bachelor,Durgapur,Xoriant,Software Engineer,Startup,Contract,7,719264,28676,38216.0,3004.0,1403651.0,28073,0.4684,482,3,18,3,40.0,0.0,50,16,1.93,0
50,Female,Diploma,Bangalore,Cognizant,Backend Developer,Manufacturing,Remote,28,1770275,80198,6080.0,2582.0,,8589,0.0582,697,3,60,4,4.0,5.0,0,13,4.51,0
23,Female,Bachelor,Lucknow,Swiggy,Business Analyst,FinTech,Contract,1,180000,5168,190410.0,5871.0,1505722.0,30114,2.0076,524,6,7,0,13.0,0.0,100,1,1.0,0
53,Male,PhD,Srinagar,Razorpay,BI Developer,EdTech,Remote,33,2236045,52278,16749.0,227987.0,542320.0,10846,0.0582,728,3,64,1,21.0,5.0,75,3,5.0,1
31,Male,Bachelor,Loni,Chargebee,QA Engineer,E-commerce,Full-time,8,727974,17800,38489.0,294130.0,0.0,0,0.0,633,6,13,1,48.0,4.0,50,5,3.53,0
39,Female,Master,Chandigarh,Zensar Technologies,Senior Data Scientist,SaaS,Full-time,18,1393118,55701,47098.0,82058.0,1292808.0,25856,0.2227,646,2,35,3,1.0,17.0,75,7,3.52,0
27,Female,Bachelor,Kota,Syntel India,Lead Engineer,Government,Full-time,3,574049,17823,21543.0,,904610.0,18092,0.3782,461,2,4,1,38.0,0.0,0,37,2.58,0
53,Female,Master,Raipur,Meesho,Project Manager,HealthTech,Contract,30,1977848,87441,64727.0,174203.0,1770316.0,35406,0.2148,731,6,61,1,92.0,2.0,50,27,4.51,0
31,Female,Master,Ujjain,Coda Global,Business Analyst,FinTech,Contract,7,803770,26626,26377.0,3070.0,,3606,0.0538,592,2,13,2,40.0,0.0,50,35,3.69,0
33,Female,Bachelor,Mumbai,Groww,Product Manager,E-commerce,Hybrid,10,899302,39951,18824.0,73250.0,0.0,0,0.0,655,4,18,0,25.0,7.0,75,22,3.8,0
57,Male,Bachelor,Lucknow,Coforge,ETL Developer,HealthTech,Full-time,35,2339798,60857,92652.0,22647.0,310972.0,6219,0.0319,752,2,68,2,85.0,24.0,75,0,5.0,1
45,Female,Bachelor,Solapur,Cyient DLM,ETL Developer,Manufacturing,Full-time,24,1557681,40407,12562.0,26487.0,138114.0,2762,0.0213,638,2,45,2,31.0,7.0,50,3,3.96,0
29,Male,Master,Ahmedabad,WNS Global,Director of Engineering,E-commerce,Part-time,6,630741,22621,389636.0,11845.0,0.0,0,0.0,576,3,12,0,91.0,0.0,100,4,3.12,0
32,Female,Bachelor,Tiruchirappalli,Chargebee,Principal Engineer,Manufacturing,Full-time,11,734069,23511,117465.0,,1253784.0,25075,0.4099,518,1,25,1,33.0,3.0,100,25,2.41,0
26,Male,Master,Gurgaon,WNS Global,ETL Developer,FinTech,Full-time,4,748390,24578,40324.0,13636.0,296576.0,5931,0.0951,460,4,5,2,32.0,0.0,75,37,4.06,0
37,Female,Master,Jabalpur,Hexaware,Technical Lead,Telecom,Hybrid,17,1383760,38365,7374.0,283564.0,411233.0,8224,0.0713,706,1,33,5,14.0,11.0,75,23,3.99,1
50,Male,PhD,Vijayawada,Freshworks,QA Engineer,EdTech,Full-time,26,1940825,82803,32689.0,23174.0,832059.0,16641,0.1029,667,2,52,1,100.0,,50,8,4.24,1
34,Male,Bachelor,Mumbai,Tata Elxsi,Test Automation Engineer,Telecom,Remote,11,952459,36397,24495.0,12879.0,519833.0,10396,0.131,639,5,21,1,86.0,23.0,0,28,3.42,0
40,Male,Bachelor,Dehradun,Zerodha,Principal Engineer,E-commerce,Remote,17,1348579,42185,43835.0,2285.0,0.0,0,0.0,663,4,38,0,,,25,0,4.09,0
42,Male,PhD,Dehradun,Tata Elxsi,Business Analyst,Government,Hybrid,20,1660107,44481,37635.0,46919.0,1649292.0,32985,0.2384,728,4,45,3,25.0,10.0,100,0,3.55,0
44,Female,Master,Thiruvananthapuram,Cyient,Full Stack Developer,Defense,Full-time,24,1774076,76873,9962.0,2562.0,0.0,0,0.0,768,3,53,2,119.0,19.0,50,28,4.99,1
32,Female,Bachelor,Delhi,Cognizant,Senior Software Engineer,Startup,Remote,10,937666,41775,23603.0,16720.0,0.0,0,0.0,502,1,22,3,110.0,19.0,0,29,2.61,0
27,Female,High School,Kanpur,Robosoft,System Architect,Defense,Full-time,7,682667,25466,30739.0,83266.0,0.0,0,0.0,537,4,11,3,74.0,0.0,25,29,2.27,0
40,Female,Diploma,Kalyan,Xoriant,Director of Engineering,Banking,Full-time,20,1446807,63695,144994.0,145286.0,327030.0,6540,0.0542,713,3,45,1,83.0,13.0,50,30,4.25,0
22,Male,Bachelor,Hyderabad,WNS Global,Data Analyst,E-commerce,Full-time,0,419196,12116,104876.0,28514.0,1432798.0,28655,0.8203,467,3,2,1,119.0,0.0,0,9,1.11,0
28,Female,Bachelor,Lucknow,Sigmoid Analytics,QA Engineer,Government,Remote,6,757468,25999,26927.0,15029.0,0.0,0,0.0,493,5,13,1,59.0,0.0,50,9,3.4,0
26,Male,Master,Mangalore,Intellect Design,BI Developer,Consulting,Hybrid,4,574768,20298,95560.0,62753.0,0.0,0,0.0,482,2,13,0,34.0,0.0,75,7,2.44,0
39,Female,Bachelor,Bhopal,Razorpay,Scrum Master,Manufacturing,Full-time,17,1093072,49943,75336.0,240188.0,0.0,0,0.0,674,3,35,4,7.0,22.0,50,35,3.98,0
52,Male,Diploma,Jamnagar,Datamatics,Data Scientist,E-commerce,Hybrid,28,1907859,63783,63663.0,8195.0,0.0,0,0.0,704,4,59,0,73.0,12.0,75,0,4.47,0
50,Male,High School,Dehradun,Datamatics,Network Engineer,SaaS,Full-time,26,1670214,55427,61833.0,41518.0,1250817.0,25016,0.1797,739,3,53,0,86.0,,75,21,5.0,1
28,Male,Bachelor,Guwahati,Zetwerk,IT Consultant,HealthTech,Full-time,4,415733,14870,141585.0,,,7767,0.2242,548,1,13,3,98.0,0.0,50,38,3.09,0
33,Female,Bachelor,Jodhpur,Tata Elxsi,Backend Developer,SaaS,Full-time,11,969160,41636,150547.0,33065.0,683515.0,13670,0.1693,552,4,23,3,96.0,6.0,0,24,3.6,0
51,Male,Master,Bhiwandi,Persistent Systems,Security Analyst,Startup,Remote,28,1879943,60081,154655.0,4531.0,0.0,0,0.0,783,3,61,3,,13.0,0,6,4.7,1
41,Male,Bachelor,Gulbarga,Zensar Technologies,Data Analyst,SaaS,Full-time,20,1473237,64935,98188.0,403.0,337053.0,6741,0.0549,601,4,39,2,11.0,,75,39,4.17,0
34,Male,Bachelor,Cuttack,Birlasoft,Technical Lead,Telecom,Contract,11,834431,24197,155782.0,6978.0,634306.0,12686,0.1824,668,2,19,2,70.0,21.0,50,2,3.24,0
37,Non-binary,Bachelor,Howrah,Net Solutions,Frontend Developer,Government,Contract,16,1130690,34227,93339.0,92948.0,0.0,0,0.0,671,4,34,3,49.0,4.0,75,17,3.89,0
36,Male,Bachelor,Jhansi,L&T Infotech,QA Engineer,Defense,Full-time,12,959449,27339,50218.0,44214.0,0.0,0,0.0,624,2,23,3,85.0,12.0,75,33,4.58,0
51,Female,Diploma,Kota,Nielsen India,BI Developer,Government,Contract,31,1884184,84039,7539.0,78800.0,1573259.0,31465,0.2004,692,3,64,2,0.0,24.0,50,15,4.0,0
30,Female,Bachelor,Bhilai,Zoho,Data Scientist,E-commerce,Full-time,8,691214,25825,37616.0,10648.0,314458.0,6289,0.1092,628,2,17,3,39.0,9.0,0,12,3.74,0
50,Male,Bachelor,Chandigarh,Mindtree,Business Analyst,Government,Remote,30,1845364,72593,22649.0,56208.0,1871807.0,37436,0.2434,755,2,59,4,1.0,14.0,0,27,4.92,1
36,Female,Master,Durgapur,Publicis Sapient,AI Researcher,FinTech,Full-time,13,1099218,37075,85344.0,8207.0,1947212.0,38944,0.4251,595,0,27,1,96.0,17.0,25,35,3.76,0
26,Male,Master,Nellore,KPIT Technologies,ML Engineer,SaaS,Full-time,3,585690,15528,16487.0,54130.0,0.0,0,0.0,541,2,8,3,75.0,0.0,0,1,3.44,0
34,Female,Bachelor,Solapur,Swiggy,ML Engineer,Banking,Full-time,10,751544,27822,38985.0,20232.0,1079910.0,21598,0.3449,612,0,21,1,101.0,9.0,50,10,2.43,0
39,Non-binary,Bachelor,Tiruppur,Ola,Solutions Architect,EdTech,Full-time,19,1412478,52341,101016.0,19090.0,1460990.0,29219,0.2482,685,4,38,1,102.0,17.0,50,5,3.73,0
49,Male,PhD,Firozabad,Happiest Minds,Security Analyst,Startup,Full-time,26,1847147,51521,248343.0,38992.0,,8979,0.0583,699,4,49,0,87.0,2.0,50,15,4.81,0
49,Male,Master,Gulbarga,Sasken,Solutions Architect,FinTech,Contract,26,1866755,73575,20744.0,,1400219.0,28004,0.18,755,1,54,0,63.0,8.0,50,2,4.5,0
44,Female,Master,Udaipur,eClerx,Director of Engineering,Startup,Remote,22,1665371,66061,207714.0,4871.0,0.0,0,0.0,666,5,45,3,56.0,18.0,25,31,4.18,0
23,Male,PhD,Thiruvananthapuram,Groww,Project Manager,E-commerce,Remote,0,281091,9776,125522.0,6359.0,0.0,0,0.0,564,3,4,1,24.0,0.0,0,12,3.42,0
42,Male,Master,Jamshedpur,Capgemini India,Database Administrator,FinTech,Full-time,19,1406708,53219,40304.0,13071.0,1516806.0,30336,0.2588,614,3,35,0,0.0,,50,23,4.22,0
39,Male,Master,Jamshedpur,Zensar Technologies,Senior Software Engineer,HealthTech,Full-time,15,1160097,28549,1535490.0,29682.0,,8246,0.0853,625,3,31,4,92.0,,75,26,3.93,0
55,Male,PhD,Pune,Mindtree,Backend Developer,Government,Full-time,33,2249994,89099,2477.0,26166.0,0.0,0,0.0,826,0,70,0,55.0,19.0,50,20,5.0,1
24,Female,PhD,Gulbarga,Intellect Design,Lead Engineer,Manufacturing,Full-time,4,609084,20664,,25645.0,236161.0,4723,0.0931,599,2,6,2,43.0,0.0,25,19,3.61,0
42,Female,Bachelor,Tiruppur,Druva,Security Analyst,FinTech,Contract,19,1541101,69306,131758.0,22113.0,1178571.0,23571,0.1835,582,2,36,3,85.0,9.0,50,15,3.55,0
43,Male,Diploma,Howrah,TCS,Scrum Master,E-commerce,Hybrid,19,1269385,51021,10514.0,166345.0,788022.0,15760,0.149,613,0,40,1,42.0,,75,20,3.73,0
46,Male,Master,Jalgaon,Tech Mahindra,DevOps Engineer,Banking,Hybrid,23,1492186,59936,18283.0,17632.0,199673.0,3993,0.0321,669,2,49,4,57.0,21.0,75,16,4.93,1
29,Female,Bachelor,Ranchi,Cybage,ETL Developer,Startup,Full-time,8,822074,26579,10485.0,61015.0,0.0,0,0.0,589,2,18,7,59.0,22.0,50,30,3.36,0
57,Female,Bachelor,Navi Mumbai,Tata Elxsi,Lead Engineer,EdTech,Contract,35,1984885,59654,,97337.0,0.0,0,0.0,750,5,73,2,2.0,13.0,0,33,5.0,1
45,Male,Master,Jamnagar,Groww,Product Manager,Manufacturing,Full-time,21,1435937,47520,83724.0,199847.0,620633.0,12412,0.1037,728,3,45,0,24.0,23.0,25,20,4.19,0
47,Female,PhD,Loni,Capgemini India,BI Developer,Manufacturing,Contract,24,1868130,84687,7765.0,32349.0,571115.0,11422,0.0734,685,6,53,3,106.0,8.0,0,13,4.37,1
53,Female,Master,Hyderabad,Nihilent,Frontend Developer,FinTech,Full-time,32,2153879,94250,340114.0,11829.0,100210.0,2004,0.0112,835,2,68,1,0.0,20.0,100,9,4.7,0
35,Female,High School,Varanasi,CRED,Software Engineer,Banking,Full-time,14,993257,38531,42052.0,1882.0,1167207.0,23344,0.282,555,1,26,0,,8.0,100,21,3.54,0
40,Female,Master,Surat,Groww,Network Engineer,Consulting,Remote,19,1367322,39064,87136.0,41304.0,1479757.0,29595,0.2597,584,3,43,2,12.0,6.0,50,30,3.7,0
38,Female,Master,Ahmedabad,Happiest Minds,DevOps Engineer,Telecom,Full-time,15,1231986,48754,122000.0,53733.0,131483.0,2629,0.0256,605,3,29,0,14.0,3.0,50,1,3.27,0
38,Female,Master,Guntur,Cyient,Mobile Developer,EdTech,Hybrid,18,1429440,38699,43900.0,,0.0,0,0.0,702,1,38,3,112.0,19.0,75,8,4.0,1
55,Male,Master,Bhavnagar,Nucleus Software,Cloud Architect,Defense,Full-time,35,2166445,90654,460233.0,18662.0,0.0,0,0.0,749,2,74,1,69.0,21.0,100,21,5.0,1
41,Female,PhD,Solapur,Firstsource,Security Analyst,Manufacturing,Remote,20,1723589,49026,16048.0,25799.0,0.0,0,0.0,678,3,38,1,26.0,2.0,50,17,4.23,0
45,Male,Master,Gulbarga,Syntel India,Frontend Developer,EdTech,Full-time,21,1394140,34001,214387.0,1729.0,1858531.0,37170,0.3199,734,3,44,4,90.0,14.0,100,28,3.78,0
27,Male,Master,Jamnagar,Nucleus Software,System Architect,E-commerce,Full-time,4,589613,22570,53306.0,208422.0,0.0,0,0.0,459,2,11,0,87.0,0.0,100,37,2.68,0
24,Male,Diploma,Kota,Newgen Software,QA Engineer,EdTech,Full-time,2,416311,17578,,,1846862.0,36937,1.0647,449,3,7,1,26.0,0.0,75,37,1.0,0
25,Male,Master,Bangalore,Groww,Cloud Architect,Government,Full-time,3,533150,19953,74577.0,17254.0,419232.0,8384,0.1887,492,3,4,0,8.0,0.0,25,33,2.56,0
44,Male,Master,Surat,Swiggy,Engineering Manager,HealthTech,Full-time,24,1583915,37310,179263.0,958527.0,0.0,0,0.0,706,1,49,2,73.0,16.0,75,17,4.47,1
52,Male,Bachelor,Bikaner,Datavail Infotech,Director of Engineering,Government,Contract,32,2045606,70854,129667.0,24094.0,0.0,0,0.0,773,4,62,0,85.0,7.0,100,26,4.79,0
33,Female,Diploma,Udaipur,Cyient,Product Manager,E-commerce,Hybrid,12,851438,36699,202917.0,79214.0,,0,0.0,672,1,28,2,81.0,19.0,0,17,4.34,0
46,Female,Bachelor,Bareilly,Sonata Software,Network Engineer,SaaS,Full-time,24,1535404,44823,123687.0,,1546181.0,30923,0.2417,726,0,48,2,78.0,7.0,75,26,3.63,0
40,Female,Master,Noida,Intellect Design,Network Engineer,EdTech,Full-time,16,1331670,44958,43900.0,52167.0,116382.0,2327,0.021,689,3,32,0,115.0,24.0,100,36,4.46,1
53,Female,Bachelor,Asansol,Sonata Software,DevOps Engineer,Defense,Full-time,30,2161795,78362,734435.0,131527.0,1263766.0,25275,0.1403,790,2,65,2,51.0,,75,31,5.0,0
27,Male,Bachelor,Guwahati,Kellton Tech,Data Analyst,Consulting,Full-time,3,337289,13704,60511.0,69353.0,1779747.0,35594,1.2664,575,3,4,1,15.0,0.0,50,30,1.25,0
35,Non-binary,Bachelor,Bhilai,Subex,Senior Software Engineer,Telecom,Full-time,11,898440,30726,27387.0,1992.0,0.0,0,0.0,590,1,20,3,2.0,,50,7,3.18,0
43,Female,Diploma,Gulbarga,Trigent,Mobile Developer,FinTech,Full-time,23,1512649,54987,120226.0,2379.0,0.0,0,0.0,728,1,43,2,,18.0,50,36,4.56,0
45,Male,Master,Jamnagar,WNS Global,Senior Software Engineer,Consulting,Remote,24,1784630,75714,212963.0,22395.0,1614978.0,32299,0.2172,686,1,46,0,106.0,12.0,0,30,4.93,1
36,Male,Master,Vijayawada,Groww,Technical Lead,E-commerce,Full-time,14,1268735,32665,118887.0,5345.0,,32298,0.3055,668,7,31,1,38.0,,50,23,3.18,0
34,Male,Master,Nashik,Geometric,IT Consultant,EdTech,Hybrid,11,929217,36195,,5850.0,1806654.0,36133,0.4666,525,1,27,1,65.0,18.0,0,12,2.82,0
26,Male,Bachelor,Firozabad,Happiest Minds,Technical Lead,Defense,Remote,2,443375,12423,123013.0,4027.0,0.0,0,0.0,464,2,8,1,39.0,0.0,50,2,2.62,0
22,Female,Master,Aurangabad,L&T Infotech,Scrum Master,HealthTech,Full-time,0,362487,13440,146969.0,2014.0,378589.0,7571,0.2506,452,1,0,2,91.0,0.0,50,37,2.3,0
23,Male,Bachelor,Thiruvananthapuram,Datavail Infotech,Technical Lead,Defense,Hybrid,3,384534,13296,50654.0,2797.0,502554.0,10051,0.3137,493,1,5,2,40.0,0.0,100,8,2.51,0
57,Male,Bachelor,Kolhapur,L&T Infotech,Director of Engineering,FinTech,Contract,33,2080098,72043,897474.0,4223.0,0.0,0,0.0,808,2,68,4,95.0,7.0,50,28,5.0,1
29,Female,Diploma,Solapur,IBM India,System Architect,Government,Remote,9,767591,32420,10876.0,9725.0,0.0,0,0.0,536,2,17,1,84.0,10.0,25,12,4.05,0
32,Male,Bachelor,Jabalpur,Apexon,System Architect,FinTech,Hybrid,11,838193,28949,86422.0,22448.0,1809007.0,36180,0.518,657,2,19,2,40.0,10.0,0,35,2.85,0
41,Male,Master,Ahmedabad,Publicis Sapient,Full Stack Developer,Telecom,Full-time,21,1537799,44477,17336.0,431777.0,952106.0,19042,0.1486,712,3,46,3,79.0,19.0,50,27,4.02,0
36,Female,Bachelor,Tiruppur,CRED,Data Analyst,HealthTech,Full-time,12,921110,31257,85656.0,14652.0,574297.0,11485,0.1496,621,6,23,1,40.0,23.0,50,8,3.24,0
39,Male,Master,Ajmer,Datamatics,VP Engineering,Consulting,Full-time,15,1202604,35141,25203.0,14592.0,1675212.0,33504,0.3343,619,3,28,1,66.0,8.0,50,18,2.77,0
45,Female,Master,Bhavnagar,Vedantu,Scrum Master,Manufacturing,Full-time,21,1489970,39369,73330.0,235291.0,1366226.0,27324,0.2201,629,2,40,5,92.0,11.0,100,18,3.28,0
48,Female,Bachelor,Firozabad,Happiest Minds,Scrum Master,EdTech,Full-time,25,1631752,39854,,28203.0,1721387.0,34427,0.2532,778,1,54,0,88.0,3.0,0,27,4.21,0
23,Female,Master,Chandigarh,Infosys,Cloud Architect,FinTech,Remote,3,518643,20621,12194.0,7095.0,0.0,0,0.0,510,0,8,3,88.0,0.0,75,31,2.21,0
46,Female,Master,Guntur,HCL Technologies,QA Engineer,FinTech,Contract,25,1645616,46591,,63396.0,1248243.0,24964,0.182,753,5,50,1,87.0,11.0,25,8,4.27,0
36,Male,Bachelor,Guwahati,Subex,Business Analyst,HealthTech,Hybrid,14,1051606,41712,147987.0,7521.0,0.0,0,0.0,678,1,30,1,56.0,11.0,25,18,3.89,0
40,Male,Bachelor,Thiruvananthapuram,Nucleus Software,Software Engineer,Telecom,Full-time,18,1204008,38869,237359.0,11806.0,194301.0,3886,0.0387,600,1,36,1,4.0,21.0,0,27,3.72,0
49,Female,Bachelor,Jodhpur,HCL Technologies,Security Analyst,Telecom,Full-time,29,1887964,76840,17436.0,18788.0,274495.0,5489,0.0349,808,4,59,1,76.0,15.0,50,16,5.0,1
55,Male,Bachelor,Guntur,Mastek,Senior Data Scientist,Defense,Full-time,34,2143296,76663,36877.0,64593.0,0.0,0,0.0,806,3,65,6,,3.0,50,21,5.0,1
23,Male,Master,Jodhpur,Accenture India,Database Administrator,EdTech,Full-time,0,316516,11905,16963.0,3364.0,0.0,0,0.0,529,6,3,1,97.0,,100,7,3.04,0
31,Non-binary,Bachelor,Ranchi,Cognizant,Data Analyst,Defense,Full-time,11,710496,27679,28384.0,10307.0,643551.0,12871,0.2174,637,2,25,1,78.0,23.0,75,16,3.79,0
38,Female,Master,Akola,Druva,Data Scientist,Defense,Part-time,17,1342269,50386,34011.0,21813.0,1554556.0,31091,0.278,682,4,37,0,28.0,4.0,50,30,2.94,0
32,Female,Bachelor,Nagpur,Xoriant,Director of Engineering,FinTech,Full-time,8,765434,23635,25039.0,36514.0,304398.0,6087,0.0954,620,2,16,1,28.0,21.0,50,19,3.54,0
42,Male,Bachelor,Jamshedpur,Infosys,Product Manager,Banking,Full-time,21,1350039,35973,77379.0,8640.0,0.0,0,0.0,715,2,47,2,69.0,24.0,75,22,4.61,0
57,Male,Bachelor,Dhanbad,Sasken,Solutions Architect,Consulting,Remote,35,2345373,106190,7988.0,60427.0,521536.0,10430,0.0534,800,1,70,0,95.0,15.0,100,28,5.0,1
39,Male,Diploma,Nanded,Zomato,Cloud Architect,EdTech,Full-time,17,1161257,38336,2169.0,3001.0,0.0,0,0.0,696,2,32,2,65.0,5.0,100,22,4.3,0
26,Male,Bachelor,Bangalore,PhonePe,Engineering Manager,Banking,Hybrid,2,586388,25589,140005.0,17989.0,0.0,0,0.0,585,5,1,1,106.0,0.0,75,22,3.4,0
57,Male,PhD,Guwahati,BrowserStack,ML Engineer,EdTech,Contract,33,2159034,68395,16629.0,35717.0,1425745.0,28514,0.1585,790,2,63,2,24.0,21.0,25,1,4.15,0
25,Female,Bachelor,Guntur,Meesho,BI Developer,E-commerce,Remote,5,609039,23221,102732.0,28546.0,0.0,0,0.0,476,3,9,2,67.0,0.0,50,30,3.26,0
22,Male,Master,Jabalpur,Nagarro India,Product Manager,Startup,Remote,2,481012,20337,,48277.0,738499.0,14769,0.3684,556,0,7,0,89.0,0.0,75,9,2.6,0
34,Male,Bachelor,Bhavnagar,Mindtree,VP Engineering,Telecom,Remote,10,752393,28289,41760.0,7482.0,0.0,0,0.0,618,1,24,1,12.0,21.0,0,26,4.09,0
43,Non-binary,Bachelor,Bhopal,Meesho,Technical Lead,Manufacturing,Hybrid,21,1384124,42862,2865.0,251989.0,0.0,0,0.0,744,4,45,2,109.0,12.0,100,16,4.2,0
55,Male,Master,Guwahati,KPIT Technologies,System Architect,Manufacturing,Hybrid,35,2364439,92709,79404.0,160615.0,0.0,0,0.0,781,0,71,1,43.0,3.0,100,32,5.0,1
28,Female,Master,Durgapur,Subex,Backend Developer,SaaS,Remote,8,885105,29695,77884.0,22868.0,945667.0,18913,0.2564,569,3,17,5,16.0,15.0,100,2,3.05,0
31,Female,Diploma,Jamshedpur,Zetwerk,BI Developer,Government,Full-time,11,851203,26909,,37531.0,1707658.0,34153,0.4815,558,1,27,1,70.0,8.0,50,19,2.71,0
50,Male,Master,Bhavnagar,Cognizant,Frontend Developer,Manufacturing,Contract,28,1885028,78961,90349.0,,0.0,0,0.0,796,5,58,0,18.0,14.0,50,35,5.0,1
47,Male,High School,Vadodara,Freshworks,ML Engineer,SaaS,Full-time,25,1552760,46702,27448.0,16017.0,,4508,0.0348,734,5,49,1,110.0,20.0,25,21,4.96,1
34,Male,Bachelor,Lucknow,Happiest Minds,Technical Lead,Banking,Part-time,10,912822,35597,23946.0,,1493456.0,29869,0.3927,585,4,22,1,45.0,13.0,75,30,2.53,0
30,Female,Master,Vadodara,Syntel India,QA Engineer,Startup,Full-time,9,1031752,38619,56758.0,2492.0,0.0,0,0.0,624,2,18,1,88.0,23.0,75,33,3.4,0
49,Male,Master,Delhi,Mastek,Full Stack Developer,SaaS,Full-time,28,1928477,75956,25973.0,2275.0,626552.0,12531,0.078,673,2,54,1,84.0,13.0,75,6,5.0,1
29,Female,Bachelor,Navi Mumbai,Zoho,Data Scientist,Manufacturing,Contract,9,745294,26060,4994.0,876308.0,1697205.0,33944,0.5465,598,2,18,2,40.0,13.0,100,29,2.9,0
22,Female,Master,Solapur,Capgemini India,Full Stack Developer,Manufacturing,Remote,1,440430,18374,36064.0,6427.0,1808687.0,36173,0.9856,433,4,6,1,20.0,0.0,25,33,1.29,0
48,Female,Master,Hubballi,Freshworks,IT Consultant,Startup,Contract,24,1697375,43203,65036.0,32808.0,0.0,0,0.0,631,1,50,2,6.0,19.0,0,14,4.09,0
27,Female,Bachelor,Guwahati,Infosys,VP Engineering,Consulting,Full-time,6,650969,26625,87095.0,34987.0,580872.0,11617,0.2141,580,4,16,6,88.0,,100,32,2.52,0
26,Male,High School,Varanasi,ThoughtWorks India,Backend Developer,FinTech,Full-time,4,207856,5701,164624.0,3866.0,239009.0,4780,0.276,479,0,8,1,74.0,0.0,75,3,2.67,0
33,Male,Bachelor,Allahabad,eClerx,System Architect,FinTech,Remote,12,1052474,33809,69200.0,47268.0,,34995,0.399,662,0,28,1,47.0,,50,16,2.93,0
52,Female,Master,Amritsar,EXL Service,Network Engineer,HealthTech,Contract,30,2018159,78684,193437.0,36565.0,,30600,0.1819,737,4,59,4,23.0,5.0,100,25,4.86,1
23,Male,PhD,Vadodara,L&T Infotech,Data Scientist,Consulting,Full-time,2,693014,23147,186571.0,2776.0,485145.0,9702,0.168,489,3,8,4,21.0,0.0,75,18,3.03,0
50,Female,Bachelor,Jalgaon,Freshworks,BI Developer,FinTech,Full-time,29,1858012,73254,132904.0,1836.0,1398603.0,27972,0.1807,705,1,58,1,73.0,20.0,50,14,3.97,0
48,Female,Master,Aligarh,BrowserStack,Data Scientist,FinTech,Remote,27,1775542,80098,25340.0,108606.0,610486.0,12209,0.0825,717,2,59,2,97.0,20.0,50,11,4.95,1
31,Male,Bachelor,Amravati,CRED,Director of Engineering,Manufacturing,Remote,10,841849,19830,592808.0,69846.0,0.0,0,0.0,554,4,20,0,119.0,,25,35,3.14,0
43,Female,Master,Bhavnagar,ThoughtWorks India,Senior Data Scientist,Defense,Full-time,22,1676596,45000,92145.0,251988.0,522057.0,10441,0.0747,713,4,43,3,105.0,9.0,75,19,4.55,0
36,Male,Bachelor,Bikaner,Xoriant,Network Engineer,Banking,Full-time,14,1057033,30219,290011.0,53818.0,0.0,0,0.0,567,5,29,0,17.0,3.0,0,12,3.45,0
31,Male,Bachelor,Gurgaon,Tech Mahindra,Test Automation Engineer,Manufacturing,Full-time,11,877596,36228,18120.0,3381.0,0.0,0,0.0,635,1,24,3,66.0,19.0,100,32,4.14,0
40,Female,PhD,Kochi,Apexon,Cloud Architect,Government,Hybrid,18,1470168,47118,2737.0,4273.0,0.0,0,0.0,715,3,36,2,62.0,,50,5,4.41,1
37,Male,Bachelor,Howrah,Newgen Software,Project Manager,Manufacturing,Full-time,15,1071963,48809,86059.0,18099.0,1115947.0,22318,0.2498,698,2,32,0,66.0,,75,39,3.16,0
50,Male,Bachelor,Moradabad,Zoho,Data Scientist,Startup,Hybrid,28,1848356,59294,,88248.0,1414686.0,28293,0.1837,804,2,55,4,27.0,16.0,100,0,5.0,1
37,Male,Master,Gulbarga,Cybage,Backend Developer,Banking,Remote,15,1162445,45228,81562.0,30285.0,1795274.0,35905,0.3706,690,4,33,1,50.0,22.0,75,6,3.57,0
36,Female,High School,Dhanbad,Sonata Software,Mobile Developer,E-commerce,Full-time,13,885324,25830,103012.0,931.0,867731.0,17354,0.2352,635,2,30,4,108.0,21.0,75,7,3.2,0
52,Non-binary,PhD,Raipur,Geometric,Senior Software Engineer,Defense,Contract,29,1924550,72164,379925.0,9373.0,0.0,0,0.0,780,1,57,1,82.0,21.0,50,14,4.86,1
25,Female,Bachelor,Hyderabad,Capgemini India,Software Engineer,Defense,Remote,5,468317,14848,34579.0,3560.0,0.0,0,0.0,468,2,12,1,56.0,,50,27,3.13,0
29,Female,Master,Ajmer,Coforge,Backend Developer,Defense,Contract,5,584384,20103,110791.0,37917.0,0.0,0,0.0,554,3,12,1,44.0,0.0,100,25,2.76,0
53,Male,Bachelor,Gulbarga,Cyient,Scrum Master,FinTech,Hybrid,33,2100132,51524,32931.0,24680.0,0.0,0,0.0,692,5,70,6,39.0,19.0,50,11,5.0,1
25,Male,Bachelor,Howrah,Mindtree,Product Manager,Manufacturing,Full-time,1,400349,15997,78310.0,7156.0,1073766.0,21475,0.6437,574,4,5,1,32.0,0.0,0,33,2.21,0
27,Male,PhD,Bhilai,Chargebee,Project Manager,Consulting,Hybrid,3,702811,29132,,1968.0,1387693.0,27753,0.4739,512,0,4,2,48.0,,75,22,1.44,0
48,Female,Bachelor,Nellore,Cyient,Project Manager,HealthTech,Full-time,25,1630969,44950,116220.0,38268.0,0.0,0,0.0,768,1,54,4,84.0,18.0,75,37,5.0,1
45,Male,Master,Ahmedabad,Xoriant,Product Manager,Banking,Full-time,23,1730190,56645,1591.0,6646.0,0.0,0,0.0,681,1,48,3,119.0,18.0,0,39,4.31,1
23,Female,Bachelor,Bhopal,Datavail Infotech,Project Manager,Consulting,Contract,3,481348,12974,97310.0,16733.0,711515.0,14230,0.3548,550,2,8,2,37.0,0.0,75,7,1.91,0
28,Female,Bachelor,Malegaon,Uniphore,Mobile Developer,FinTech,Hybrid,7,690733,31639,14674.0,132451.0,1041692.0,20833,0.3619,607,2,14,0,29.0,0.0,50,34,3.33,0
46,Male,Diploma,Kanpur,Srijan Technologies,Mobile Developer,EdTech,Full-time,24,1591605,46294,133690.0,16294.0,0.0,0,0.0,700,2,45,0,98.0,9.0,100,36,4.62,0
29,Male,Master,Coimbatore,Nucleus Software,Solutions Architect,FinTech,Full-time,9,827562,37777,17181.0,101435.0,314090.0,6281,0.0911,512,3,16,0,36.0,8.0,100,2,3.23,0
39,Female,Bachelor,Moradabad,Vedantu,Product Manager,EdTech,Part-time,17,1229807,49811,14911.0,349896.0,1658329.0,33166,0.3236,641,0,33,1,18.0,15.0,100,12,3.02,0
53,Female,Master,Udaipur,HCL Technologies,Solutions Architect,Telecom,Full-time,31,2055782,66324,131891.0,1247.0,0.0,0,0.0,774,0,66,1,89.0,20.0,0,23,5.0,1
53,Male,Bachelor,Pune,Syntel India,VP Engineering,SaaS,Full-time,31,1917235,63246,75488.0,21072.0,0.0,0,0.0,699,3,59,0,32.0,21.0,75,11,4.74,1
40,Female,Diploma,Ranchi,Quick Heal,Solutions Architect,Banking,Contract,18,1199299,51427,,36913.0,1969401.0,39388,0.3941,687,4,41,4,8.0,24.0,50,4,3.9,0
56,Female,Diploma,Amritsar,CRED,Engineering Manager,FinTech,Contract,34,2202608,100850,,57283.0,0.0,0,0.0,821,3,72,0,15.0,24.0,50,8,5.0,1
57,Male,Master,Mangalore,Happiest Minds,System Architect,Defense,Full-time,35,2319457,105901,5356.0,23192.0,0.0,0,0.0,795,2,72,1,21.0,2.0,75,32,5.0,1
52,Non-binary,Bachelor,Kochi,Capgemini India,Scrum Master,E-commerce,Full-time,29,1829218,53895,71295.0,6953.0,816460.0,16329,0.1071,676,1,62,3,84.0,6.0,100,26,4.59,0
34,Male,Master,Kochi,Cyient,DevOps Engineer,Telecom,Full-time,13,1150599,48917,100641.0,26290.0,,23034,0.2402,533,5,27,0,72.0,22.0,50,27,3.04,0
52,Non-binary,Master,Guwahati,Wipro,Solutions Architect,EdTech,Hybrid,32,2141674,73260,52311.0,41109.0,984612.0,19692,0.1103,758,2,66,5,22.0,20.0,25,8,4.66,1
31,Female,High School,Ahmedabad,Zensar Technologies,Business Analyst,Manufacturing,Hybrid,11,935800,27753,8120.0,70023.0,1551726.0,31034,0.398,609,1,19,0,12.0,3.0,100,12,2.69,0
41,Female,Bachelor,Akola,L&T Infotech,Scrum Master,Defense,Remote,18,1347619,33249,373923.0,15018.0,522849.0,10456,0.0931,689,2,36,0,42.0,15.0,75,22,3.45,0
25,Male,Bachelor,Bhiwandi,Datavail Infotech,Test Automation Engineer,Banking,Hybrid,1,347344,9782,29902.0,62618.0,1566284.0,31325,1.0822,585,1,2,2,112.0,,25,30,1.64,0
45,Non-binary,PhD,Vadodara,Firstsource,Test Automation Engineer,E-commerce,Hybrid,25,1899479,71577,58552.0,9310.0,1169190.0,23383,0.1477,770,2,47,1,17.0,12.0,50,39,5.0,1
27,Male,PhD,Solapur,PhonePe,Director of Engineering,Telecom,Contract,4,608129,19346,31160.0,22710.0,1765471.0,35309,0.6967,522,5,12,1,14.0,0.0,100,30,2.17,0
54,Female,Diploma,Srinagar,Zoho,Solutions Architect,E-commerce,Part-time,34,2329187,77041,62394.0,12409.0,273086.0,5461,0.0281,798,4,69,0,77.0,11.0,50,11,5.0,1
25,Female,Bachelor,Kolkata,Cognizant,Technical Lead,Manufacturing,Part-time,4,446366,19811,29745.0,141327.0,972720.0,19454,0.523,575,1,9,1,40.0,0.0,50,38,2.82,0
47,Female,Master,Loni,Kellton Tech,Cloud Architect,HealthTech,Full-time,24,1632334,66228,21963.0,37852.0,1282830.0,25656,0.1886,742,4,46,4,0.0,,25,17,4.67,1
23,Male,Master,Patna,Genpact,Mobile Developer,Banking,Full-time,0,385316,13038,,4868.0,104969.0,2099,0.0654,558,2,0,2,118.0,0.0,75,37,2.34,0
40,Non-binary,Bachelor,Udaipur,Apexon,ML Engineer,Banking,Remote,17,1307614,54557,273466.0,221809.0,0.0,0,0.0,698,4,35,0,45.0,24.0,50,39,4.08,0
35,Male,Bachelor,Mangalore,Druva,ETL Developer,EdTech,Full-time,13,874467,28509,54944.0,13129.0,0.0,0,0.0,537,2,29,0,115.0,9.0,75,27,3.91,0
57,Female,Bachelor,Jabalpur,Cyient,Mobile Developer,SaaS,Full-time,35,2357274,84210,,25959.0,,0,0.0,767,5,71,0,80.0,6.0,0,35,5.0,1
54,Female,Master,Aligarh,Zensar Technologies,Backend Developer,Government,Full-time,32,2161073,92900,99232.0,44019.0,452527.0,9050,0.0503,823,2,64,2,2.0,11.0,0,39,5.0,1
